Profile,Metric,L,N,Mean,Median,SD
Slow,Time,32,100,0.1778603183200903,0.13920181249886804,0.1270180740032235
Slow,Time,43,100,0.5322996758700902,0.36979943749975064,0.5682645804695833
Slow,Subtours,32,100,1.5,1.0,1.8285060413994654
Slow,Subtours,43,100,1.73,1.0,2.5180359509953485
Slow,Quality,32,100,-20.0,-65.0,104.99639243441854
Slow,Quality,43,100,-92.6,-105.0,73.04516383441111
Moderate,Time,32,100,0.39030147545017824,0.1820290209998347,0.9024424924488538
Moderate,Time,62,100,4.684196606659789,1.1215332920000947,16.671989070513856
Moderate,Time,160,93,28.187025732086525,5.972429041998112,180.69908471336691
Moderate,Subtours,32,100,2.4,1.0,5.31055742855872
Moderate,Subtours,62,100,6.95,1.0,22.35859042195115
Moderate,Subtours,160,93,7.354838709677419,2.0,42.23707550227137
Moderate,Quality,32,100,-67.1,-105.0,115.61687863916161
Moderate,Quality,62,100,-205.25,-215.0,19.89080037087345
Moderate,Quality,160,93,-237.41935483870967,-245.0,8.1631763061525
Fast,Time,32,100,0.4555472691499017,0.1700358544985647,1.1696356719828689
Fast,Time,62,100,1.0211896966300265,0.7727052705013193,0.8604918563560836
Fast,Subtours,32,100,2.2,1.0,5.499311251640904
Fast,Subtours,62,100,0.83,0.0,1.6333333333333333
Fast,Quality,32,100,-114.6,-130.0,77.47166311535197
Fast,Quality,62,100,-221.3,-222.5,16.676057960168794
