Profile,Metric,L1,L2,N1,N2,Median1,Median2,U,p_raw,p_Holm,Rank_biserial,Significant_0.05
Slow,Time,32,43,100,100,0.13920181249886804,0.36979943749975064,1333.0,3.2857227448989377e-19,3.2857227448989377e-19,-0.7334,Yes
Slow,Subtours,32,43,100,100,1.0,1.0,4728.5,0.4927846525248232,0.4927846525248232,-0.054300000000000015,No
Slow,Quality,32,43,100,100,-65.0,-105.0,7477.0,1.0133057608863664e-09,1.0133057608863664e-09,0.49540000000000006,Yes
Moderate,Time,32,62,100,100,0.1820290209998347,1.1215332920000947,930.0,2.6954767846707036e-23,5.390953569341407e-23,-0.8140000000000001,Yes
Moderate,Time,32,160,100,93,0.1820290209998347,5.972429041998112,238.0,5.432917483632614e-30,1.629875245089784e-29,-0.9488172043010753,Yes
Moderate,Time,62,160,100,93,1.1215332920000947,5.972429041998112,1962.0,4.178356070346976e-12,4.178356070346976e-12,-0.5780645161290323,Yes
Moderate,Subtours,32,62,100,100,1.0,1.0,4527.0,0.23532432755246568,0.47064865510493137,-0.09460000000000002,No
Moderate,Subtours,32,160,100,93,1.0,2.0,3893.5,0.04494845652013267,0.134845369560398,-0.16268817204301078,No
Moderate,Subtours,62,160,100,93,1.0,2.0,4479.0,0.6531354318869411,0.6531354318869411,-0.03677419354838707,No
Moderate,Quality,32,62,100,100,-105.0,-215.0,9552.5,4.091058605759205e-29,8.18211721151841e-29,0.9105000000000001,Yes
Moderate,Quality,32,160,100,93,-105.0,-245.0,9298.0,5.458220292975526e-34,1.6374660878926578e-33,0.9995698924731182,Yes
Moderate,Quality,62,160,100,93,-215.0,-245.0,8839.5,1.0911328884438757e-28,1.0911328884438757e-28,0.9009677419354838,Yes
Fast,Time,32,62,100,100,0.1700358544985647,0.7727052705013193,1350.0,4.784511967877308e-19,4.784511967877308e-19,-0.73,Yes
Fast,Subtours,32,62,100,100,1.0,0.0,5955.5,0.010963736593457406,0.010963736593457406,0.19110000000000005,Yes
Fast,Quality,32,62,100,100,-130.0,-222.5,9813.0,3.053961995508117e-32,3.053961995508117e-32,0.9625999999999999,Yes
