Profile,SMF,L,Metric,N_used,Q1,Median,Q3,IQR,Lower_fence,Upper_fence,N_outliers,Outlier_percent,Observed_min,Observed_max,Outlier_min,Outlier_max
Fast,2,32,Quality,100,-160.0,-130.0,-105.0,55.0,-242.5,-22.5,8,8.0,-230.0,200.0,-5.0,200.0
Fast,2,32,Subtours,100,0.0,1.0,2.0,2.0,-3.0,5.0,12,12.0,0.0,50.0,6.0,50.0
Fast,2,32,Time,100,0.07446348974553979,0.1700358544985647,0.3721492604981904,0.2976857707526506,-0.3720651663834362,0.8186779166271664,13,13.0,0.0580482909936108,11.20970849999867,0.8826804170021205,11.20970849999867
Fast,2,62,Quality,100,-230.0,-222.5,-215.0,15.0,-252.5,-192.5,5,5.0,-245.0,-175.0,-190.0,-175.0
Fast,2,62,Subtours,100,0.0,0.0,1.0,1.0,-1.5,2.5,6,6.0,0.0,10.0,3.0,10.0
Fast,2,62,Time,100,0.5427817812469584,0.7727052705013193,1.1423205937480816,0.5995388125011232,-0.35652643750472635,2.0416288124997664,7,7.0,0.3083571669994853,5.089437457994791,2.30287391699676,5.089437457994791
Moderate,1,32,Quality,100,-145.0,-105.0,10.0,155.0,-377.5,242.5,2,2.0,-215.0,470.0,265.0,470.0
Moderate,1,32,Subtours,100,0.0,1.0,2.0,2.0,-3.0,5.0,11,11.0,0.0,46.0,6.0,46.0
Moderate,1,32,Time,100,0.09977746850108812,0.1820290209998347,0.41331891599929804,0.3135414474982099,-0.3705347027462267,0.8836310872466129,6,6.0,0.0548190000008617,8.543420209000033,1.0579704170013429,8.543420209000033
Moderate,1,62,Quality,100,-215.0,-215.0,-200.0,15.0,-237.5,-177.5,13,13.0,-245.0,-145.0,-245.0,-145.0
Moderate,1,62,Subtours,100,0.0,1.0,4.0,4.0,-6.0,10.0,13,13.0,0.0,197.0,11.0,197.0
Moderate,1,62,Time,100,0.6591758642489367,1.1215332920000947,2.29221391675037,1.6330380525014334,-1.7903812145032134,4.74177099550252,15,15.0,0.1815449999994598,156.45657754199783,5.012974291999853,156.45657754199783
Moderate,1,160,Quality,93,-245.0,-245.0,-230.0,15.0,-267.5,-207.5,0,0.0,-245.0,-215.0,,
Moderate,1,160,Subtours,93,0.0,2.0,4.0,4.0,-6.0,10.0,7,7.526881720430108,0.0,408.0,11.0,408.0
Moderate,1,160,Time,93,2.817526208003983,5.972429041998112,11.43494620799902,8.617419999995038,-10.108603791988575,24.36107620799158,9,9.67741935483871,0.5423680410021916,1748.3801359999998,24.61291804099892,1748.3801359999998
Slow,0,32,Quality,100,-105.0,-65.0,50.0,155.0,-337.5,282.5,1,1.0,-145.0,305.0,305.0,305.0
Slow,0,32,Subtours,100,0.0,1.0,2.0,2.0,-3.0,5.0,4,4.0,0.0,8.0,6.0,8.0
Slow,0,32,Time,100,0.0780809582483925,0.13920181249886804,0.22902079125015004,0.15093983300175753,-0.1483287912542438,0.45543054075278633,4,4.0,0.0555658340017544,0.6566642920006416,0.487259500001528,0.6566642920006416
Slow,0,43,Quality,100,-145.0,-105.0,-80.0,65.0,-242.5,17.5,10,10.0,-160.0,165.0,35.0,165.0
Slow,0,43,Subtours,100,0.0,1.0,2.0,2.0,-3.0,5.0,5,5.0,0.0,20.0,6.0,20.0
Slow,0,43,Time,100,0.2639431665002121,0.36979943749975064,0.5952774999977919,0.3313343334975798,-0.2330583337461576,1.0922790002441616,10,10.0,0.1196008339975378,4.961659500000678,1.1034658749995288,4.961659500000678
