Profile,SMF,L,Metric,Run,Seed,Status,Value,Lower_fence,Upper_fence,Direction
Fast,2,32,Quality,37,40580947,OK,30.0,-242.5,-22.5,High
Fast,2,32,Quality,51,40580961,OK,200.0,-242.5,-22.5,High
Fast,2,32,Quality,53,40580963,OK,125.0,-242.5,-22.5,High
Fast,2,32,Quality,70,40580980,OK,200.0,-242.5,-22.5,High
Fast,2,32,Quality,78,40580988,OK,-5.0,-242.5,-22.5,High
Fast,2,32,Quality,88,40580998,OK,90.0,-242.5,-22.5,High
Fast,2,32,Quality,91,40581001,OK,10.0,-242.5,-22.5,High
Fast,2,32,Quality,95,40581005,OK,125.0,-242.5,-22.5,High
Fast,2,32,Subtours,8,40580918,OK,6.0,-3.0,5.0,High
Fast,2,32,Subtours,23,40580933,OK,50.0,-3.0,5.0,High
Fast,2,32,Subtours,26,40580936,OK,6.0,-3.0,5.0,High
Fast,2,32,Subtours,27,40580937,OK,7.0,-3.0,5.0,High
Fast,2,32,Subtours,33,40580943,OK,8.0,-3.0,5.0,High
Fast,2,32,Subtours,38,40580948,OK,8.0,-3.0,5.0,High
Fast,2,32,Subtours,45,40580955,OK,10.0,-3.0,5.0,High
Fast,2,32,Subtours,48,40580958,OK,14.0,-3.0,5.0,High
Fast,2,32,Subtours,55,40580965,OK,7.0,-3.0,5.0,High
Fast,2,32,Subtours,64,40580974,OK,6.0,-3.0,5.0,High
Fast,2,32,Subtours,65,40580975,OK,8.0,-3.0,5.0,High
Fast,2,32,Subtours,88,40580998,OK,7.0,-3.0,5.0,High
Fast,2,32,Time,2,40580912,OK,0.8841125830003875,-0.3720651663834362,0.8186779166271664,High
Fast,2,32,Time,23,40580933,OK,11.20970849999867,-0.3720651663834362,0.8186779166271664,High
Fast,2,32,Time,26,40580936,OK,1.3368760000012117,-0.3720651663834362,0.8186779166271664,High
Fast,2,32,Time,27,40580937,OK,2.077915000001667,-0.3720651663834362,0.8186779166271664,High
Fast,2,32,Time,33,40580943,OK,1.572189124999568,-0.3720651663834362,0.8186779166271664,High
Fast,2,32,Time,38,40580948,OK,1.2022431250006775,-0.3720651663834362,0.8186779166271664,High
Fast,2,32,Time,45,40580955,OK,2.119788707997941,-0.3720651663834362,0.8186779166271664,High
Fast,2,32,Time,48,40580958,OK,1.7926397080009338,-0.3720651663834362,0.8186779166271664,High
Fast,2,32,Time,55,40580965,OK,1.0474694169970462,-0.3720651663834362,0.8186779166271664,High
Fast,2,32,Time,64,40580974,OK,0.9477288339985536,-0.3720651663834362,0.8186779166271664,High
Fast,2,32,Time,65,40580975,OK,0.8826804170021205,-0.3720651663834362,0.8186779166271664,High
Fast,2,32,Time,94,40581004,OK,1.110708042004262,-0.3720651663834362,0.8186779166271664,High
Fast,2,32,Time,98,40581008,OK,1.4023158339987276,-0.3720651663834362,0.8186779166271664,High
Fast,2,62,Quality,48,40880958,OK,-175.0,-252.5,-192.5,High
Fast,2,62,Quality,50,40880960,OK,-190.0,-252.5,-192.5,High
Fast,2,62,Quality,63,40880973,OK,-185.0,-252.5,-192.5,High
Fast,2,62,Quality,74,40880984,OK,-190.0,-252.5,-192.5,High
Fast,2,62,Quality,84,40880994,OK,-185.0,-252.5,-192.5,High
Fast,2,62,Subtours,11,40880921,OK,3.0,-1.5,2.5,High
Fast,2,62,Subtours,36,40880946,OK,10.0,-1.5,2.5,High
Fast,2,62,Subtours,50,40880960,OK,5.0,-1.5,2.5,High
Fast,2,62,Subtours,77,40880987,OK,7.0,-1.5,2.5,High
Fast,2,62,Subtours,90,40881000,OK,6.0,-1.5,2.5,High
Fast,2,62,Subtours,94,40881004,OK,7.0,-1.5,2.5,High
Fast,2,62,Time,11,40880921,OK,2.404556582994701,-0.35652643750472635,2.0416288124997664,High
Fast,2,62,Time,36,40880946,OK,5.089437457994791,-0.35652643750472635,2.0416288124997664,High
Fast,2,62,Time,50,40880960,OK,4.236170458003471,-0.35652643750472635,2.0416288124997664,High
Fast,2,62,Time,77,40880987,OK,4.882277374999831,-0.35652643750472635,2.0416288124997664,High
Fast,2,62,Time,90,40881000,OK,3.575486958005058,-0.35652643750472635,2.0416288124997664,High
Fast,2,62,Time,91,40881001,OK,2.30287391699676,-0.35652643750472635,2.0416288124997664,High
Fast,2,62,Time,94,40881004,OK,3.303777375003847,-0.35652643750472635,2.0416288124997664,High
Moderate,1,32,Quality,29,30580939,OK,470.0,-377.5,242.5,High
Moderate,1,32,Quality,68,30580978,OK,265.0,-377.5,242.5,High
Moderate,1,32,Subtours,1,30580911,OK,8.0,-3.0,5.0,High
Moderate,1,32,Subtours,4,30580914,OK,6.0,-3.0,5.0,High
Moderate,1,32,Subtours,14,30580924,OK,46.0,-3.0,5.0,High
Moderate,1,32,Subtours,32,30580942,OK,6.0,-3.0,5.0,High
Moderate,1,32,Subtours,37,30580947,OK,12.0,-3.0,5.0,High
Moderate,1,32,Subtours,49,30580959,OK,20.0,-3.0,5.0,High
Moderate,1,32,Subtours,53,30580963,OK,6.0,-3.0,5.0,High
Moderate,1,32,Subtours,58,30580968,OK,6.0,-3.0,5.0,High
Moderate,1,32,Subtours,85,30580995,OK,8.0,-3.0,5.0,High
Moderate,1,32,Subtours,86,30580996,OK,12.0,-3.0,5.0,High
Moderate,1,32,Subtours,99,30581009,OK,7.0,-3.0,5.0,High
Moderate,1,32,Time,14,30580924,OK,8.543420209000033,-0.3705347027462267,0.8836310872466129,High
Moderate,1,32,Time,32,30580942,OK,1.0579704170013429,-0.3705347027462267,0.8836310872466129,High
Moderate,1,32,Time,37,30580947,OK,2.896487875001185,-0.3705347027462267,0.8836310872466129,High
Moderate,1,32,Time,49,30580959,OK,1.1702724170027068,-0.3705347027462267,0.8836310872466129,High
Moderate,1,32,Time,85,30580995,OK,1.0760887920005189,-0.3705347027462267,0.8836310872466129,High
Moderate,1,32,Time,99,30581009,OK,1.058427791998838,-0.3705347027462267,0.8836310872466129,High
Moderate,1,62,Quality,1,30880911,OK,-160.0,-237.5,-177.5,High
Moderate,1,62,Quality,8,30880918,OK,-245.0,-237.5,-177.5,Low
Moderate,1,62,Quality,9,30880919,OK,-175.0,-237.5,-177.5,High
Moderate,1,62,Quality,19,30880929,OK,-145.0,-237.5,-177.5,High
Moderate,1,62,Quality,20,30880930,OK,-175.0,-237.5,-177.5,High
Moderate,1,62,Quality,28,30880938,OK,-160.0,-237.5,-177.5,High
Moderate,1,62,Quality,31,30880941,OK,-175.0,-237.5,-177.5,High
Moderate,1,62,Quality,43,30880953,OK,-160.0,-237.5,-177.5,High
Moderate,1,62,Quality,72,30880982,OK,-160.0,-237.5,-177.5,High
Moderate,1,62,Quality,74,30880984,OK,-160.0,-237.5,-177.5,High
Moderate,1,62,Quality,82,30880992,OK,-175.0,-237.5,-177.5,High
Moderate,1,62,Quality,84,30880994,OK,-175.0,-237.5,-177.5,High
Moderate,1,62,Quality,98,30881008,OK,-160.0,-237.5,-177.5,High
Moderate,1,62,Subtours,7,30880917,OK,43.0,-6.0,10.0,High
Moderate,1,62,Subtours,17,30880927,OK,15.0,-6.0,10.0,High
Moderate,1,62,Subtours,28,30880938,OK,11.0,-6.0,10.0,High
Moderate,1,62,Subtours,32,30880942,OK,14.0,-6.0,10.0,High
Moderate,1,62,Subtours,46,30880956,OK,30.0,-6.0,10.0,High
Moderate,1,62,Subtours,52,30880962,OK,29.0,-6.0,10.0,High
Moderate,1,62,Subtours,53,30880963,OK,77.0,-6.0,10.0,High
Moderate,1,62,Subtours,57,30880967,OK,11.0,-6.0,10.0,High
Moderate,1,62,Subtours,62,30880972,OK,197.0,-6.0,10.0,High
Moderate,1,62,Subtours,70,30880980,OK,43.0,-6.0,10.0,High
Moderate,1,62,Subtours,83,30880993,OK,12.0,-6.0,10.0,High
Moderate,1,62,Subtours,90,30881000,OK,49.0,-6.0,10.0,High
Moderate,1,62,Subtours,95,30881005,OK,18.0,-6.0,10.0,High
Moderate,1,62,Time,1,30880911,OK,5.870321499998681,-1.7903812145032134,4.74177099550252,High
Moderate,1,62,Time,7,30880917,OK,28.277564750002057,-1.7903812145032134,4.74177099550252,High
Moderate,1,62,Time,17,30880927,OK,5.316723708998325,-1.7903812145032134,4.74177099550252,High
Moderate,1,62,Time,28,30880938,OK,7.458303250001336,-1.7903812145032134,4.74177099550252,High
Moderate,1,62,Time,32,30880942,OK,7.826495833000081,-1.7903812145032134,4.74177099550252,High
Moderate,1,62,Time,43,30880953,OK,5.333744125000521,-1.7903812145032134,4.74177099550252,High
Moderate,1,62,Time,46,30880956,OK,16.05973562500003,-1.7903812145032134,4.74177099550252,High
Moderate,1,62,Time,52,30880962,OK,21.75178091600173,-1.7903812145032134,4.74177099550252,High
Moderate,1,62,Time,53,30880963,OK,45.817028999998,-1.7903812145032134,4.74177099550252,High
Moderate,1,62,Time,57,30880967,OK,9.843132959002103,-1.7903812145032134,4.74177099550252,High
Moderate,1,62,Time,62,30880972,OK,156.45657754199783,-1.7903812145032134,4.74177099550252,High
Moderate,1,62,Time,70,30880980,OK,25.91388820800057,-1.7903812145032134,4.74177099550252,High
Moderate,1,62,Time,83,30880993,OK,5.012974291999853,-1.7903812145032134,4.74177099550252,High
Moderate,1,62,Time,90,30881000,OK,18.535777249999228,-1.7903812145032134,4.74177099550252,High
Moderate,1,62,Time,95,30881005,OK,8.421132958003,-1.7903812145032134,4.74177099550252,High
Moderate,1,160,Subtours,2,31860912,OK,20.0,-6.0,10.0,High
Moderate,1,160,Subtours,8,31860918,OK,408.0,-6.0,10.0,High
Moderate,1,160,Subtours,12,31860922,OK,11.0,-6.0,10.0,High
Moderate,1,160,Subtours,23,31860933,OK,11.0,-6.0,10.0,High
Moderate,1,160,Subtours,45,31860955,OK,11.0,-6.0,10.0,High
Moderate,1,160,Subtours,88,31860998,OK,32.0,-6.0,10.0,High
Moderate,1,160,Subtours,98,31861008,OK,12.0,-6.0,10.0,High
Moderate,1,160,Time,2,31860912,OK,40.96465745900059,-10.108603791988575,24.36107620799158,High
Moderate,1,160,Time,8,31860918,OK,1748.3801359999998,-10.108603791988575,24.36107620799158,High
Moderate,1,160,Time,12,31860922,OK,31.804134958998475,-10.108603791988575,24.36107620799158,High
Moderate,1,160,Time,15,31860925,OK,27.840341582999827,-10.108603791988575,24.36107620799158,High
Moderate,1,160,Time,37,31860947,OK,31.385684000000765,-10.108603791988575,24.36107620799158,High
Moderate,1,160,Time,45,31860955,OK,24.61291804099892,-10.108603791988575,24.36107620799158,High
Moderate,1,160,Time,46,31860956,OK,25.85066316599841,-10.108603791988575,24.36107620799158,High
Moderate,1,160,Time,88,31860998,OK,88.62032287500188,-10.108603791988575,24.36107620799158,High
Moderate,1,160,Time,98,31861008,OK,35.94523562500399,-10.108603791988575,24.36107620799158,High
Slow,0,32,Quality,76,20580986,OK,305.0,-337.5,282.5,High
Slow,0,32,Subtours,40,20580950,OK,6.0,-3.0,5.0,High
Slow,0,32,Subtours,58,20580968,OK,7.0,-3.0,5.0,High
Slow,0,32,Subtours,96,20581006,OK,8.0,-3.0,5.0,High
Slow,0,32,Subtours,97,20581007,OK,8.0,-3.0,5.0,High
Slow,0,32,Time,1,20580911,OK,0.6521213750020252,-0.1483287912542438,0.45543054075278633,High
Slow,0,32,Time,16,20580926,OK,0.6566642920006416,-0.1483287912542438,0.45543054075278633,High
Slow,0,32,Time,34,20580944,OK,0.5044114170013927,-0.1483287912542438,0.45543054075278633,High
Slow,0,32,Time,50,20580960,OK,0.487259500001528,-0.1483287912542438,0.45543054075278633,High
Slow,0,43,Quality,16,20690926,OK,150.0,-242.5,17.5,High
Slow,0,43,Quality,28,20690938,OK,165.0,-242.5,17.5,High
Slow,0,43,Quality,32,20690942,OK,150.0,-242.5,17.5,High
Slow,0,43,Quality,44,20690954,OK,125.0,-242.5,17.5,High
Slow,0,43,Quality,48,20690958,OK,150.0,-242.5,17.5,High
Slow,0,43,Quality,53,20690963,OK,35.0,-242.5,17.5,High
Slow,0,43,Quality,57,20690967,OK,50.0,-242.5,17.5,High
Slow,0,43,Quality,68,20690978,OK,50.0,-242.5,17.5,High
Slow,0,43,Quality,76,20690986,OK,50.0,-242.5,17.5,High
Slow,0,43,Quality,79,20690989,OK,35.0,-242.5,17.5,High
Slow,0,43,Subtours,25,20690935,OK,8.0,-3.0,5.0,High
Slow,0,43,Subtours,35,20690945,OK,7.0,-3.0,5.0,High
Slow,0,43,Subtours,48,20690958,OK,7.0,-3.0,5.0,High
Slow,0,43,Subtours,81,20690991,OK,20.0,-3.0,5.0,High
Slow,0,43,Subtours,95,20691005,OK,6.0,-3.0,5.0,High
Slow,0,43,Time,17,20690927,OK,1.223863250001159,-0.2330583337461576,1.0922790002441616,High
Slow,0,43,Time,25,20690935,OK,1.4391105409995362,-0.2330583337461576,1.0922790002441616,High
Slow,0,43,Time,35,20690945,OK,1.382336458998907,-0.2330583337461576,1.0922790002441616,High
Slow,0,43,Time,36,20690946,OK,1.247170874998119,-0.2330583337461576,1.0922790002441616,High
Slow,0,43,Time,43,20690953,OK,1.626825708000979,-0.2330583337461576,1.0922790002441616,High
Slow,0,43,Time,48,20690958,OK,1.1034658749995288,-0.2330583337461576,1.0922790002441616,High
Slow,0,43,Time,63,20690973,OK,1.1898370410017378,-0.2330583337461576,1.0922790002441616,High
Slow,0,43,Time,76,20690986,OK,1.2782407920021797,-0.2330583337461576,1.0922790002441616,High
Slow,0,43,Time,81,20690991,OK,4.961659500000678,-0.2330583337461576,1.0922790002441616,High
Slow,0,43,Time,95,20691005,OK,1.8453823339987137,-0.2330583337461576,1.0922790002441616,High
