Profile,SMF,L,Family,Metric,r,s,N,Mean,Median,SD
Fast,2,62,r sensitivity (s=3),Time,1,3,100,1.0211896966300265,0.7727052705013193,0.8604918563560836
Fast,2,62,r sensitivity (s=3),Time,2,3,100,1.75406536658993,1.108896249999816,1.9552184133168646
Fast,2,62,r sensitivity (s=3),Time,3,3,100,1.6543928579700242,0.7923607295001602,2.0053753681631803
Fast,2,62,r sensitivity (s=3),Subtours,1,3,100,0.83,0.0,1.6333333333333333
Fast,2,62,r sensitivity (s=3),Subtours,2,3,100,1.95,1.0,3.453515263722991
Fast,2,62,r sensitivity (s=3),Subtours,3,3,100,1.82,1.0,3.432994981856884
Fast,2,62,r sensitivity (s=3),Quality,1,3,100,-221.3,-222.5,16.676057960168794
Fast,2,62,r sensitivity (s=3),Quality,2,3,100,-250.95,-250.0,22.848811387426306
Fast,2,62,r sensitivity (s=3),Quality,3,3,100,-267.0,-265.0,34.45828982079258
Fast,2,62,s sensitivity (r=1),Time,1,3,100,1.0211896966300265,0.7727052705013193,0.8604918563560836
Fast,2,62,s sensitivity (r=1),Time,1,4,100,0.969436281690032,0.6828037915001914,1.1747990938770734
Fast,2,62,s sensitivity (r=1),Time,1,5,100,1.079978539970025,0.8087287295006718,1.1745674007169993
Fast,2,62,s sensitivity (r=1),Subtours,1,3,100,0.83,0.0,1.6333333333333333
Fast,2,62,s sensitivity (r=1),Subtours,1,4,100,0.65,0.0,1.5000000000000002
Fast,2,62,s sensitivity (r=1),Subtours,1,5,100,0.79,0.0,1.4515404565390855
Fast,2,62,s sensitivity (r=1),Quality,1,3,100,-221.3,-222.5,16.676057960168794
Fast,2,62,s sensitivity (r=1),Quality,1,4,100,-224.8,-230.0,15.552452793009467
Fast,2,62,s sensitivity (r=1),Quality,1,5,100,-224.95,-230.0,15.529297824083704
Moderate,1,62,r sensitivity (s=3),Time,1,3,100,4.684196606659789,1.1215332920000947,16.671989070513856
Moderate,1,62,r sensitivity (s=3),Time,2,3,100,2.5942173337399934,0.8777527289998943,6.244765495097528
Moderate,1,62,r sensitivity (s=3),Time,3,3,100,2.32154307541005,0.6551511665002181,6.086376872878608
Moderate,1,62,r sensitivity (s=3),Subtours,1,3,100,6.95,1.0,22.35859042195115
Moderate,1,62,r sensitivity (s=3),Subtours,2,3,100,4.84,2.0,11.255274857648397
Moderate,1,62,r sensitivity (s=3),Subtours,3,3,100,4.5,1.0,12.705284035559474
Moderate,1,62,r sensitivity (s=3),Quality,1,3,100,-205.25,-215.0,19.89080037087345
Moderate,1,62,r sensitivity (s=3),Quality,2,3,100,-257.7,-265.0,18.632815626786474
Moderate,1,62,r sensitivity (s=3),Quality,3,3,100,-303.55,-300.0,23.314873650383213
Moderate,1,62,s sensitivity (r=1),Time,1,3,100,4.684196606659789,1.1215332920000947,16.671989070513856
Moderate,1,62,s sensitivity (r=1),Time,1,4,100,3.5804650186799836,1.032861167000192,11.328867694723916
Moderate,1,62,s sensitivity (r=1),Time,1,5,100,3.8086430395099886,0.9814590834998853,12.210238193600837
Moderate,1,62,s sensitivity (r=1),Subtours,1,3,100,6.95,1.0,22.35859042195115
Moderate,1,62,s sensitivity (r=1),Subtours,1,4,100,5.52,1.5,15.902150289768478
Moderate,1,62,s sensitivity (r=1),Subtours,1,5,100,5.85,1.0,17.720258907746686
Moderate,1,62,s sensitivity (r=1),Quality,1,3,100,-205.25,-215.0,19.89080037087345
Moderate,1,62,s sensitivity (r=1),Quality,1,4,100,-210.7,-215.0,21.614389146626795
Moderate,1,62,s sensitivity (r=1),Quality,1,5,100,-213.2,-215.0,22.758281875822565
Slow,0,43,r sensitivity (s=3),Time,1,3,100,0.5322996758700902,0.36979943749975064,0.5682645804695833
Slow,0,43,r sensitivity (s=3),Time,2,3,100,0.4920800475099895,0.34346437499971216,0.4179911658473758
Slow,0,43,r sensitivity (s=3),Time,3,3,100,0.4384743495500243,0.3086390419998679,0.5129995006423094
Slow,0,43,r sensitivity (s=3),Subtours,1,3,100,1.73,1.0,2.5180359509953485
Slow,0,43,r sensitivity (s=3),Subtours,2,3,100,1.39,1.0,2.2913760146261546
Slow,0,43,r sensitivity (s=3),Subtours,3,3,100,1.12,0.0,2.889479349137299
Slow,0,43,r sensitivity (s=3),Quality,1,3,100,-92.6,-105.0,73.04516383441111
Slow,0,43,r sensitivity (s=3),Quality,2,3,100,-170.1,-180.0,47.94767771206232
Slow,0,43,r sensitivity (s=3),Quality,3,3,100,-214.3,-215.0,36.062655913217924
Slow,0,43,s sensitivity (r=1),Time,1,3,100,0.5322996758700902,0.36979943749975064,0.5682645804695833
Slow,0,43,s sensitivity (r=1),Time,1,4,100,0.5017951396300213,0.4236770625002464,0.31395955909778234
Slow,0,43,s sensitivity (r=1),Time,1,5,100,0.5576194412799851,0.4264616665000176,0.40742542769189943
Slow,0,43,s sensitivity (r=1),Subtours,1,3,100,1.73,1.0,2.5180359509953485
Slow,0,43,s sensitivity (r=1),Subtours,1,4,100,1.51,1.0,1.4034229439466779
Slow,0,43,s sensitivity (r=1),Subtours,1,5,100,1.59,1.0,1.676305461424021
Slow,0,43,s sensitivity (r=1),Quality,1,3,100,-92.6,-105.0,73.04516383441111
Slow,0,43,s sensitivity (r=1),Quality,1,4,100,-111.4,-105.0,34.48085400521995
Slow,0,43,s sensitivity (r=1),Quality,1,5,100,-113.6,-105.0,30.235439771596155
