Profile,SMF,L,Family,Metric,Setting1,Setting2,N_pairs,Median1,Median2,Median_delta_2_minus_1,Mean_delta_2_minus_1,Wilcoxon_statistic,p_raw,p_Holm,Rank_biserial_2_minus_1,Significant_0.05
Fast,2,62,r sensitivity (s=3),Time,"r=1,s=3","r=2,s=3",100,0.7727052705013193,1.108896249999816,0.12586445800207002,0.7328756699599035,1348.0,5.189855144247606e-05,0.00015569565432742817,0.46613861386138616,Yes
Fast,2,62,r sensitivity (s=3),Time,"r=1,s=3","r=3,s=3",100,0.7727052705013193,0.7923607295001602,0.04620564600099897,0.6332031613399977,1783.0,0.01073412940610968,0.02146825881221936,0.29386138613861384,Yes
Fast,2,62,r sensitivity (s=3),Time,"r=2,s=3","r=3,s=3",100,1.108896249999816,0.7923607295001602,-0.001971895000224322,-0.0996725086199058,2105.0,0.14871185095600323,0.14871185095600323,-0.16633663366336635,No
Fast,2,62,r sensitivity (s=3),Subtours,"r=1,s=3","r=2,s=3",100,0.0,1.0,0.0,1.12,321.0,0.00013591985787436394,0.0004077595736230918,0.5831168831168831,Yes
Fast,2,62,r sensitivity (s=3),Subtours,"r=1,s=3","r=3,s=3",100,0.0,1.0,0.0,0.99,277.5,0.0007455206913624892,0.0014910413827249785,0.5469387755102041,Yes
Fast,2,62,r sensitivity (s=3),Subtours,"r=2,s=3","r=3,s=3",100,1.0,1.0,0.0,-0.13,215.0,0.34629138797071857,0.34629138797071857,-0.1856060606060606,No
Fast,2,62,r sensitivity (s=3),Quality,"r=1,s=3","r=2,s=3",100,-222.5,-250.0,-35.0,-29.65,0.0,1.0033537456560635e-16,3.0100612369681903e-16,-1.0,Yes
Fast,2,62,r sensitivity (s=3),Quality,"r=1,s=3","r=3,s=3",100,-222.5,-265.0,-47.5,-45.7,0.0,6.413989447468175e-16,1.282797889493635e-15,-1.0,Yes
Fast,2,62,r sensitivity (s=3),Quality,"r=2,s=3","r=3,s=3",100,-250.0,-265.0,0.0,-16.05,0.0,5.6590747894316115e-09,5.6590747894316115e-09,-1.0,Yes
Fast,2,62,s sensitivity (r=1),Time,"r=1,s=3","r=1,s=4",100,0.7727052705013193,0.6828037915001914,0.0008774789980635911,-0.051753414939994434,2446.0,0.7859083271789165,0.8381738668444483,-0.03128712871287129,No
Fast,2,62,s sensitivity (r=1),Time,"r=1,s=3","r=1,s=5",100,0.7727052705013193,0.8087287295006718,0.0024602709986538684,0.05878884333999847,2290.0,0.41908693342222414,0.8381738668444483,0.09306930693069307,No
Fast,2,62,s sensitivity (r=1),Time,"r=1,s=4","r=1,s=5",100,0.6828037915001914,0.8087287295006718,0.002467124499617057,0.1105422582799929,2175.0,0.2288162707681446,0.6864488123044338,0.13861386138613863,No
Fast,2,62,s sensitivity (r=1),Subtours,"r=1,s=3","r=1,s=4",100,0.0,0.0,0.0,-0.18,420.0,0.51020910628389,1.0,-0.11205073995771671,No
Fast,2,62,s sensitivity (r=1),Subtours,"r=1,s=3","r=1,s=5",100,0.0,0.0,0.0,-0.04,426.0,0.5581413716615637,1.0,0.09936575052854123,No
Fast,2,62,s sensitivity (r=1),Subtours,"r=1,s=4","r=1,s=5",100,0.0,0.0,0.0,0.14,175.5,0.13448802218985764,0.4034640665695729,0.2923387096774194,No
Fast,2,62,s sensitivity (r=1),Quality,"r=1,s=3","r=1,s=4",100,-222.5,-230.0,0.0,-3.5,0.0,5.957631052457144e-05,0.00017872893157371434,-1.0,Yes
Fast,2,62,s sensitivity (r=1),Quality,"r=1,s=3","r=1,s=5",100,-222.5,-230.0,0.0,-3.65,0.0,5.9689555529330556e-05,0.00017872893157371434,-1.0,Yes
Fast,2,62,s sensitivity (r=1),Quality,"r=1,s=4","r=1,s=5",100,-230.0,-230.0,0.0,-0.15,0.0,0.31731050786291415,0.31731050786291415,-1.0,No
Moderate,1,62,r sensitivity (s=3),Time,"r=1,s=3","r=2,s=3",100,1.1215332920000947,0.8777527289998943,-0.2101548749983522,-2.0899792729197952,1845.0,0.019384089495076966,0.03876817899015393,-0.2693069306930693,Yes
Moderate,1,62,r sensitivity (s=3),Time,"r=1,s=3","r=3,s=3",100,1.1215332920000947,0.6551511665002181,-0.29513931199949184,-2.362653531249739,1614.0,0.0017343431991457034,0.00520302959743711,-0.3607920792079208,Yes
Moderate,1,62,r sensitivity (s=3),Time,"r=2,s=3","r=3,s=3",100,0.8777527289998943,0.6551511665002181,-0.09157914549973611,-0.2726742583299438,2169.0,0.22093576367931422,0.22093576367931422,-0.14099009900990098,No
Moderate,1,62,r sensitivity (s=3),Subtours,"r=1,s=3","r=2,s=3",100,1.0,2.0,0.0,-2.11,1501.0,0.843124585625939,1.0,-0.02564102564102564,No
Moderate,1,62,r sensitivity (s=3),Subtours,"r=1,s=3","r=3,s=3",100,1.0,1.0,0.0,-2.45,1466.0,0.35613835778916736,1.0,-0.11713339355615779,No
Moderate,1,62,r sensitivity (s=3),Subtours,"r=2,s=3","r=3,s=3",100,2.0,1.0,0.0,-0.34,1500.5,0.5641169873477941,1.0,-0.07376543209876543,No
Moderate,1,62,r sensitivity (s=3),Quality,"r=1,s=3","r=2,s=3",100,-215.0,-265.0,-50.0,-52.45,0.0,7.398090403895772e-20,2.2194271211687313e-19,-1.0,Yes
Moderate,1,62,r sensitivity (s=3),Quality,"r=1,s=3","r=3,s=3",100,-215.0,-300.0,-100.0,-98.3,0.0,6.725726901231185e-19,6.725726901231185e-19,-1.0,Yes
Moderate,1,62,r sensitivity (s=3),Quality,"r=2,s=3","r=3,s=3",100,-265.0,-300.0,-50.0,-45.85,0.0,8.15490243327802e-20,2.2194271211687313e-19,-1.0,Yes
Moderate,1,62,s sensitivity (r=1),Time,"r=1,s=3","r=1,s=4",100,1.1215332920000947,1.032861167000192,0.024379354500751987,-1.1037315879798053,2494.0,0.9151157833041156,1.0,-0.012277227722772278,No
Moderate,1,62,s sensitivity (r=1),Time,"r=1,s=3","r=1,s=5",100,1.1215332920000947,0.9814590834998853,0.002105603999552841,-0.8755535671498,2458.0,0.817806007749672,1.0,-0.026534653465346534,No
Moderate,1,62,s sensitivity (r=1),Time,"r=1,s=4","r=1,s=5",100,1.032861167000192,0.9814590834998853,-0.0006934579996596135,0.22817802083000527,2472.0,0.8554012757415651,1.0,0.02099009900990099,No
Moderate,1,62,s sensitivity (r=1),Subtours,"r=1,s=3","r=1,s=4",100,1.0,1.5,0.0,-1.43,1213.0,0.5665630634553955,1.0,-0.07686453576864535,No
Moderate,1,62,s sensitivity (r=1),Subtours,"r=1,s=3","r=1,s=5",100,1.0,1.0,0.0,-1.1,1270.0,0.9632929658674988,1.0,0.006259780907668232,No
Moderate,1,62,s sensitivity (r=1),Subtours,"r=1,s=4","r=1,s=5",100,1.5,1.0,0.0,0.33,1091.0,0.4827914472541863,1.0,0.09648033126293996,No
Moderate,1,62,s sensitivity (r=1),Quality,"r=1,s=3","r=1,s=4",100,-215.0,-215.0,0.0,-5.45,0.0,2.636160746797795e-08,5.27232149359559e-08,-1.0,Yes
Moderate,1,62,s sensitivity (r=1),Quality,"r=1,s=3","r=1,s=5",100,-215.0,-215.0,0.0,-7.95,0.0,5.876834647718315e-09,1.7630503943154945e-08,-1.0,Yes
Moderate,1,62,s sensitivity (r=1),Quality,"r=1,s=4","r=1,s=5",100,-215.0,-215.0,0.0,-2.5,0.0,0.00029018706942284146,0.00029018706942284146,-1.0,Yes
Slow,0,43,r sensitivity (s=3),Time,"r=1,s=3","r=2,s=3",100,0.36979943749975064,0.34346437499971216,0.0016496249986630573,-0.040219628360100616,2414.0,0.7027179816787763,0.7027179816787763,-0.04396039603960396,No
Slow,0,43,r sensitivity (s=3),Time,"r=1,s=3","r=3,s=3",100,0.36979943749975064,0.3086390419998679,-0.05416785349962083,-0.09382532632006586,1838.0,0.018170310023213815,0.054510930069641444,-0.2720792079207921,No
Slow,0,43,r sensitivity (s=3),Time,"r=2,s=3","r=3,s=3",100,0.34346437499971216,0.3086390419998679,-0.00018975000011775545,-0.053605697959965254,2218.0,0.29116666608101216,0.5823333321620243,-0.12158415841584158,No
Slow,0,43,r sensitivity (s=3),Subtours,"r=1,s=3","r=2,s=3",100,1.0,1.0,0.0,-0.34,998.0,0.0722168776784486,0.1444337553568972,-0.2404870624048706,No
Slow,0,43,r sensitivity (s=3),Subtours,"r=1,s=3","r=3,s=3",100,1.0,0.0,0.0,-0.61,696.0,0.0020017079291491957,0.006005123787447587,-0.4236024844720497,Yes
Slow,0,43,r sensitivity (s=3),Subtours,"r=2,s=3","r=3,s=3",100,1.0,0.0,0.0,-0.27,631.0,0.16754119945860857,0.16754119945860857,-0.20927318295739347,No
Slow,0,43,r sensitivity (s=3),Quality,"r=1,s=3","r=2,s=3",100,-105.0,-180.0,-75.0,-77.5,0.0,5.846311460877317e-18,1.753893438263195e-17,-1.0,Yes
Slow,0,43,r sensitivity (s=3),Quality,"r=1,s=3","r=3,s=3",100,-105.0,-215.0,-110.0,-121.7,0.0,7.066089316087478e-18,1.753893438263195e-17,-1.0,Yes
Slow,0,43,r sensitivity (s=3),Quality,"r=2,s=3","r=3,s=3",100,-180.0,-215.0,-35.0,-44.2,0.0,2.2682036627157923e-16,2.2682036627157923e-16,-1.0,Yes
Slow,0,43,s sensitivity (r=1),Time,"r=1,s=3","r=1,s=4",100,0.36979943749975064,0.4236770625002464,0.0044934989991815555,-0.03050453624006877,2158.0,0.20699728974792586,0.20699728974792586,0.14534653465346534,No
Slow,0,43,s sensitivity (r=1),Time,"r=1,s=3","r=1,s=5",100,0.36979943749975064,0.4264616665000176,0.007011583499206608,0.0253197654098949,1911.0,0.034761014534853515,0.10428304360456055,0.24316831683168316,No
Slow,0,43,s sensitivity (r=1),Time,"r=1,s=4","r=1,s=5",100,0.4236770625002464,0.4264616665000176,0.0019434380001257523,0.05582430164996367,1943.0,0.04538106928157531,0.10428304360456055,0.2304950495049505,No
Slow,0,43,s sensitivity (r=1),Subtours,"r=1,s=3","r=1,s=4",100,1.0,1.0,0.0,-0.22,562.0,0.982804330253986,1.0,0.0035460992907801418,No
Slow,0,43,s sensitivity (r=1),Subtours,"r=1,s=3","r=1,s=5",100,1.0,1.0,0.0,-0.14,442.5,0.9092970956192976,1.0,0.019933554817275746,No
Slow,0,43,s sensitivity (r=1),Subtours,"r=1,s=4","r=1,s=5",100,1.0,1.0,0.0,0.08,327.5,0.5253706396704986,1.0,0.11605937921727395,No
Slow,0,43,s sensitivity (r=1),Quality,"r=1,s=3","r=1,s=4",100,-105.0,-105.0,0.0,-18.8,0.0,2.5378194520603282e-05,7.613458356180985e-05,-1.0,Yes
Slow,0,43,s sensitivity (r=1),Quality,"r=1,s=3","r=1,s=5",100,-105.0,-105.0,0.0,-21.0,0.0,2.5599303747982804e-05,7.613458356180985e-05,-1.0,Yes
Slow,0,43,s sensitivity (r=1),Quality,"r=1,s=4","r=1,s=5",100,-105.0,-105.0,0.0,-2.2,0.0,0.016351221575805885,0.016351221575805885,-1.0,Yes
