Profile,SMF,L,r,s,N_total,N_analyzed,N_OK,N_TIMEOUT,N_ERROR,Timeout_percent,KM_median_time_s,RMST_0_300_s
Fast,2,62,1,3,100,100,100,0,0,0.0,0.7686533330052043,1.0211896966300258
Fast,2,62,1,4,100,100,100,0,0,0.0,0.6808562500000335,0.9694362816900312
Fast,2,62,1,5,100,100,100,0,0,0.0,0.8084559590006393,1.0799785399700241
Fast,2,62,2,3,100,100,100,0,0,0.0,1.0852765829995406,1.7540653665899297
Fast,2,62,3,3,100,100,100,0,0,0.0,0.7917762920005771,1.6543928579700231
Moderate,1,62,1,3,100,100,100,0,0,0.0,1.1197220840003863,4.6841966066597855
Moderate,1,62,1,4,100,100,100,0,0,0.0,1.0087878340000316,3.580465018679981
Moderate,1,62,1,5,100,100,100,0,0,0.0,0.93894575000013,3.8086430395099855
Moderate,1,62,2,3,100,100,100,0,0,0.0,0.8619187079998483,2.5942173337399916
Moderate,1,62,3,3,100,100,100,0,0,0.0,0.6339584999996077,2.321543075410048
Slow,0,43,1,3,100,100,100,0,0,0.0,0.3681304170022486,0.5322996758700899
Slow,0,43,1,4,100,100,100,0,0,0.0,0.408735875000275,0.5017951396300212
Slow,0,43,1,5,100,100,100,0,0,0.0,0.4245627500004048,0.557619441279985
Slow,0,43,2,3,100,100,100,0,0,0.0,0.3423783749994982,0.4920800475099894
Slow,0,43,3,3,100,100,100,0,0,0.0,0.3040782090001812,0.438474349550024
