Profile,SMF,L,r,s,N_total,N_OK,N_TIMEOUT,N_ERROR,Time_s_N_used,Time_s_Mean,Time_s_SD,Time_s_SE,Time_s_CI95_low,Time_s_CI95_high,Time_s_Median,Subtours_N_used,Subtours_Mean,Subtours_SD,Subtours_SE,Subtours_CI95_low,Subtours_CI95_high,Subtours_Median,Quality_N_used,Quality_Mean,Quality_SD,Quality_SE,Quality_CI95_low,Quality_CI95_high,Quality_Median
Fast,2,62,1,3,100,100,0,0,100,1.0211896966300265,0.8604918563560836,0.08604918563560836,0.8618519216905626,1.198987707975535,0.7727052705013193,100,0.83,1.6333333333333333,0.16333333333333333,0.54,1.18,0.0,100,-221.3,16.676057960168794,1.6676057960168795,-224.5,-218.15,-222.5
Fast,2,62,1,4,100,100,0,0,100,0.969436281690032,1.1747990938770734,0.11747990938770733,0.786486455399513,1.2350700218047865,0.6828037915001914,100,0.65,1.5000000000000002,0.15000000000000002,0.41,0.99,0.0,100,-224.8,15.552452793009467,1.5552452793009466,-227.8,-221.65,-230.0
Fast,2,62,1,5,100,100,0,0,100,1.079978539970025,1.1745674007169993,0.11745674007169993,0.8909316105948015,1.3389631106645508,0.8087287295006718,100,0.79,1.4515404565390855,0.14515404565390855,0.54,1.1,0.0,100,-224.95,15.529297824083704,1.5529297824083703,-227.95,-221.9,-230.0
Fast,2,62,2,3,100,100,0,0,100,1.75406536658993,1.9552184133168646,0.19552184133168646,1.4040450226757366,2.1612059269091595,1.108896249999816,100,1.95,3.453515263722991,0.3453515263722991,1.33,2.65,1.0,100,-250.95,22.848811387426306,2.2848811387426307,-255.3,-246.45,-250.0
Fast,2,62,3,3,100,100,0,0,100,1.6543928579700242,2.0053753681631803,0.20053753681631803,1.285863275822539,2.0865426002250484,0.7923607295001602,100,1.82,3.432994981856884,0.3432994981856884,1.21,2.55,1.0,100,-267.0,34.45828982079258,3.445828982079258,-273.55,-260.15,-265.0
Moderate,1,62,1,3,100,100,0,0,100,4.684196606659789,16.671989070513856,1.6671989070513855,2.261621845691017,8.522576886843149,1.1215332920000947,100,6.95,22.35859042195115,2.235859042195115,3.36,11.92,1.0,100,-205.25,19.89080037087345,1.989080037087345,-209.2,-201.4,-215.0
Moderate,1,62,1,4,100,100,0,0,100,3.5804650186799836,11.328867694723916,1.1328867694723916,1.9230173654182292,6.175292545572215,1.032861167000192,100,5.52,15.902150289768478,1.5902150289768477,2.9297500000000025,9.01,1.5,100,-210.7,21.614389146626795,2.1614389146626793,-214.85,-206.45,-215.0
Moderate,1,62,1,5,100,100,0,0,100,3.8086430395099886,12.210238193600837,1.2210238193600838,1.9935464486447425,6.657867701960224,0.9814590834998853,100,5.85,17.720258907746686,1.7720258907746687,3.05,9.930249999999996,1.0,100,-213.2,22.758281875822565,2.2758281875822566,-217.7,-208.8,-215.0
Moderate,1,62,2,3,100,100,0,0,100,2.5942173337399934,6.244765495097528,0.6244765495097528,1.5362930095164793,3.919839295693498,0.8777527289998943,100,4.84,11.255274857648397,1.1255274857648396,2.91,7.280249999999997,2.0,100,-257.7,18.632815626786474,1.8632815626786474,-261.2,-253.94875000000002,-265.0
Moderate,1,62,3,3,100,100,0,0,100,2.32154307541005,6.086376872878608,0.6086376872878608,1.3562175493043174,3.6457558178660543,0.6551511665002181,100,4.5,12.705284035559474,1.2705284035559474,2.48,7.37,1.0,100,-303.55,23.314873650383213,2.3314873650383214,-307.9,-298.7,-300.0
Slow,0,43,1,3,100,100,0,0,100,0.5322996758700902,0.5682645804695833,0.05682645804695833,0.43678642345584195,0.6590596444923367,0.36979943749975064,100,1.73,2.5180359509953485,0.25180359509953487,1.28,2.26,1.0,100,-92.6,73.04516383441111,7.304516383441111,-106.15124999999999,-77.7,-105.0
Slow,0,43,1,4,100,100,0,0,100,0.5017951396300213,0.31395955909778234,0.031395955909778235,0.4429175021652609,0.5653185594692293,0.4236770625002464,100,1.51,1.4034229439466779,0.14034229439466778,1.25,1.79,1.0,100,-111.4,34.48085400521995,3.4480854005219954,-117.95,-104.6,-105.0
Slow,0,43,1,5,100,100,0,0,100,0.5576194412799851,0.40742542769189943,0.04074254276918994,0.4837708998547294,0.6405057341087905,0.4264616665000176,100,1.59,1.676305461424021,0.16763054614240208,1.27,1.93,1.0,100,-113.6,30.235439771596155,3.0235439771596155,-119.35,-107.65,-105.0
Slow,0,43,2,3,100,100,0,0,100,0.4920800475099895,0.4179911658473758,0.041799116584737575,0.41478615034670613,0.579182067452018,0.34346437499971216,100,1.39,2.2913760146261546,0.22913760146261547,0.98,1.87,1.0,100,-170.1,47.94767771206232,4.794767771206232,-178.7,-160.5,-180.0
Slow,0,43,3,3,100,100,0,0,100,0.4384743495500243,0.5129995006423094,0.05129995006423094,0.35396833809127154,0.5515867278545867,0.3086390419998679,100,1.12,2.889479349137299,0.28894793491372994,0.68,1.76,0.0,100,-214.3,36.062655913217924,3.6062655913217925,-221.25,-207.25,-215.0
