Profile,SMF,L,r,s,Metric,N_used,Q1,Median,Q3,IQR,Lower_fence,Upper_fence,N_outliers,Outlier_percent,Observed_min,Observed_max,Outlier_min,Outlier_max
Fast,2,62,1,3,Quality,100,-230.0,-222.5,-215.0,15.0,-252.5,-192.5,5,5.0,-245.0,-175.0,-190.0,-175.0
Fast,2,62,1,3,Subtours,100,0.0,0.0,1.0,1.0,-1.5,2.5,6,6.0,0.0,10.0,3.0,10.0
Fast,2,62,1,3,Time,100,0.5427817812469584,0.7727052705013193,1.1423205937480816,0.5995388125011232,-0.35652643750472635,2.0416288124997664,7,7.0,0.3083571669994853,5.089437457994791,2.30287391699676,5.089437457994791
Fast,2,62,1,4,Quality,100,-230.0,-230.0,-215.0,15.0,-252.5,-192.5,3,3.0,-245.0,-185.0,-190.0,-185.0
Fast,2,62,1,4,Subtours,100,0.0,0.0,1.0,1.0,-1.5,2.5,5,5.0,0.0,13.0,3.0,13.0
Fast,2,62,1,4,Time,100,0.4970848437501445,0.6828037915001914,1.1560645312499673,0.6589796874998228,-0.49138468749958975,2.1445340624997016,4,4.0,0.187528208999538,11.362451208000492,2.251315208000051,11.362451208000492
Fast,2,62,1,5,Quality,100,-230.0,-230.0,-215.0,15.0,-252.5,-192.5,3,3.0,-245.0,-185.0,-190.0,-185.0
Fast,2,62,1,5,Subtours,100,0.0,0.0,1.0,1.0,-1.5,2.5,5,5.0,0.0,12.0,3.0,12.0
Fast,2,62,1,5,Time,100,0.5758961869998984,0.8087287295006718,1.2726005722499851,0.6967043852500867,-0.46916039087523176,2.3176571501251155,5,5.0,0.183432291999452,10.745034207999195,2.4944419160001416,10.745034207999195
Fast,2,62,2,3,Quality,100,-265.0,-250.0,-235.0,30.0,-310.0,-190.0,1,1.0,-280.0,-175.0,-175.0,-175.0
Fast,2,62,2,3,Subtours,100,0.0,1.0,2.0,2.0,-3.0,5.0,10,10.0,0.0,25.0,6.0,25.0
Fast,2,62,2,3,Time,100,0.6346135522496752,1.108896249999816,1.7567212919998383,1.122107739750163,-1.0485480573755694,3.439882901625083,13,13.0,0.272162666999975,11.418785541000034,3.8692940839991934,11.418785541000034
Fast,2,62,3,3,Quality,100,-300.0,-265.0,-243.75,56.25,-384.375,-159.375,0,0.0,-315.0,-175.0,,
Fast,2,62,3,3,Subtours,100,0.0,1.0,2.0,2.0,-3.0,5.0,9,9.0,0.0,25.0,6.0,25.0
Fast,2,62,3,3,Time,100,0.6035239167504187,0.7923607295001602,1.6591880102505456,1.055664093500127,-0.9799722234997716,3.242684150500736,16,16.0,0.2812386249997871,11.420321833999878,3.3561232920001203,11.420321833999878
Moderate,1,62,1,3,Quality,100,-215.0,-215.0,-200.0,15.0,-237.5,-177.5,13,13.0,-245.0,-145.0,-245.0,-145.0
Moderate,1,62,1,3,Subtours,100,0.0,1.0,4.0,4.0,-6.0,10.0,13,13.0,0.0,197.0,11.0,197.0
Moderate,1,62,1,3,Time,100,0.6591758642489367,1.1215332920000947,2.29221391675037,1.6330380525014334,-1.7903812145032134,4.74177099550252,15,15.0,0.1815449999994598,156.45657754199783,5.012974291999853,156.45657754199783
Moderate,1,62,1,4,Quality,100,-230.0,-215.0,-200.0,30.0,-275.0,-155.0,0,0.0,-260.0,-160.0,,
Moderate,1,62,1,4,Subtours,100,0.0,1.5,3.25,3.25,-4.875,8.125,13,13.0,0.0,135.0,9.0,135.0
Moderate,1,62,1,4,Time,100,0.5441922915002806,1.032861167000192,2.1667712390002407,1.6225789474999601,-1.8896761297496596,4.600639660250181,13,13.0,0.2630465829997774,107.50613525000016,5.191439833000004,107.50613525000016
Moderate,1,62,1,5,Quality,100,-230.0,-215.0,-200.0,30.0,-275.0,-155.0,0,0.0,-275.0,-160.0,,
Moderate,1,62,1,5,Subtours,100,0.0,1.0,4.25,4.25,-6.375,10.625,10,10.0,0.0,158.0,15.0,158.0
Moderate,1,62,1,5,Time,100,0.546815406000178,0.9814590834998853,2.229100999999673,1.6822855939994952,-1.9766129849990648,4.752529390998916,12,12.0,0.2376697500003501,114.09103049999976,4.875263583000105,114.09103049999976
Moderate,1,62,2,3,Quality,100,-265.0,-265.0,-250.0,15.0,-287.5,-227.5,7,7.0,-295.0,-175.0,-295.0,-175.0
Moderate,1,62,2,3,Subtours,100,0.0,2.0,4.0,4.0,-6.0,10.0,10,10.0,0.0,75.0,11.0,75.0
Moderate,1,62,2,3,Time,100,0.4636279485000614,0.8777527289998943,2.0266025102502,1.5629745617501385,-1.8808338941251463,4.371064352875408,12,12.0,0.1791002909999406,45.26023416699991,4.583486167000046,45.26023416699991
Moderate,1,62,3,3,Quality,100,-315.0,-300.0,-300.0,15.0,-337.5,-277.5,12,12.0,-345.0,-175.0,-345.0,-175.0
Moderate,1,62,3,3,Subtours,100,0.0,1.0,4.0,4.0,-6.0,10.0,8,8.0,0.0,111.0,11.0,111.0
Moderate,1,62,3,3,Time,100,0.42528609350006263,0.6551511665002181,1.7878740622504665,1.3625879687504039,-1.6185958596255432,3.8317560153760724,11,11.0,0.1751792919999388,50.43983958300032,4.010477583000011,50.43983958300032
Slow,0,43,1,3,Quality,100,-145.0,-105.0,-80.0,65.0,-242.5,17.5,10,10.0,-160.0,165.0,35.0,165.0
Slow,0,43,1,3,Subtours,100,0.0,1.0,2.0,2.0,-3.0,5.0,5,5.0,0.0,20.0,6.0,20.0
Slow,0,43,1,3,Time,100,0.2639431665002121,0.36979943749975064,0.5952774999977919,0.3313343334975798,-0.2330583337461576,1.0922790002441616,10,10.0,0.1196008339975378,4.961659500000678,1.1034658749995288,4.961659500000678
Slow,0,43,1,4,Quality,100,-145.0,-105.0,-105.0,40.0,-205.0,-45.0,4,4.0,-160.0,15.0,-40.0,15.0
Slow,0,43,1,4,Subtours,100,0.0,1.0,2.0,2.0,-3.0,5.0,1,1.0,0.0,6.0,6.0,6.0
Slow,0,43,1,4,Time,100,0.2644708227494448,0.4236770625002464,0.6444268230002308,0.379956000250786,-0.30546317762673425,1.2143608233764098,4,4.0,0.1227797910005392,1.644507292000526,1.312230874999841,1.644507292000526
Slow,0,43,1,5,Quality,100,-145.0,-105.0,-105.0,40.0,-205.0,-45.0,1,1.0,-160.0,-25.0,-25.0,-25.0
Slow,0,43,1,5,Subtours,100,0.0,1.0,2.0,2.0,-3.0,5.0,2,2.0,0.0,9.0,6.0,9.0
Slow,0,43,1,5,Time,100,0.2700489797502996,0.4264616665000176,0.6919134162499176,0.421864436499618,-0.3627476749991274,1.3247100709993447,8,8.0,0.1199959999994462,1.95691270899988,1.3637199579998196,1.95691270899988
Slow,0,43,2,3,Quality,100,-195.0,-180.0,-155.0,40.0,-255.0,-95.0,5,5.0,-235.0,0.0,-25.0,0.0
Slow,0,43,2,3,Subtours,100,0.0,1.0,2.0,2.0,-3.0,5.0,3,3.0,0.0,14.0,9.0,14.0
Slow,0,43,2,3,Time,100,0.22971037499996783,0.34346437499971216,0.5881009164995703,0.3583905414996025,-0.3078754372494359,1.125686728748974,6,6.0,0.1335764999994353,2.485237750000124,1.1734379170002285,2.485237750000124
Slow,0,43,3,3,Quality,100,-230.0,-215.0,-190.0,40.0,-290.0,-130.0,3,3.0,-270.0,-105.0,-115.0,-105.0
Slow,0,43,3,3,Subtours,100,0.0,0.0,1.0,1.0,-1.5,2.5,11,11.0,0.0,27.0,3.0,27.0
Slow,0,43,3,3,Time,100,0.21066107324986655,0.3086390419998679,0.4869281457506531,0.2762670725007865,-0.20373953550131324,0.9013287545018329,7,7.0,0.1310191669999767,4.676441042000079,0.9881257080005524,4.676441042000079
