Profile,SMF,L,r,s,N_total,N_OK,N_TIMEOUT,N_ERROR,Time_s_Mean,Time_s_SE,Time_s_CI95_low,Time_s_CI95_high,Time_s_Median,Subtours_Mean,Subtours_SE,Subtours_CI95_low,Subtours_CI95_high,Subtours_Median,Quality_Mean,Quality_SE,Quality_CI95_low,Quality_CI95_high,Quality_Median,Time_Shapiro_p,Time_N_outliers,Time_Outlier_percent,Subtours_Shapiro_p,Subtours_N_outliers,Subtours_Outlier_percent,Quality_Shapiro_p,Quality_N_outliers,Quality_Outlier_percent
Fast,2,62,1,3,100,100,0,0,1.0211896966300265,0.08604918563560836,0.8618519216905626,1.198987707975535,0.7727052705013193,0.83,0.16333333333333333,0.54,1.18,0.0,-221.3,1.6676057960168795,-224.5,-218.15,-222.5,4.3365021271148144e-14,7,7.0,3.6484112343014424e-16,6,6.0,9.190347477316206e-06,5,5.0
Fast,2,62,1,4,100,100,0,0,0.969436281690032,0.11747990938770733,0.786486455399513,1.2350700218047865,0.6828037915001914,0.65,0.15000000000000002,0.41,0.99,0.0,-224.8,1.5552452793009466,-227.8,-221.65,-230.0,2.993717215507515e-18,4,4.0,5.907351379959824e-18,5,5.0,6.063388088423523e-07,3,3.0
Fast,2,62,1,5,100,100,0,0,1.079978539970025,0.11745674007169993,0.8909316105948015,1.3389631106645508,0.8087287295006718,0.79,0.14515404565390855,0.54,1.1,0.0,-224.95,1.5529297824083703,-227.95,-221.9,-230.0,3.254788565641419e-17,5,5.0,1.5494680567122266e-16,5,5.0,4.592510430930242e-07,3,3.0
Fast,2,62,2,3,100,100,0,0,1.75406536658993,0.19552184133168646,1.4040450226757366,2.1612059269091595,1.108896249999816,1.95,0.3453515263722991,1.33,2.65,1.0,-250.95,2.2848811387426307,-255.3,-246.45,-250.0,7.766858274541662e-14,13,13.0,1.985551968257046e-15,10,10.0,2.5739709069000064e-06,1,1.0
Fast,2,62,3,3,100,100,0,0,1.6543928579700242,0.20053753681631803,1.285863275822539,2.0865426002250484,0.7923607295001602,1.82,0.3432994981856884,1.21,2.55,1.0,-267.0,3.445828982079258,-273.55,-260.15,-265.0,1.7044012016849573e-14,16,16.0,6.726586957491657e-16,9,9.0,0.0014686267354456163,0,0.0
Moderate,1,62,1,3,100,100,0,0,4.684196606659789,1.6671989070513855,2.261621845691017,8.522576886843149,1.1215332920000947,6.95,2.235859042195115,3.36,11.92,1.0,-205.25,1.989080037087345,-209.2,-201.4,-215.0,2.071362550040607e-20,15,15.0,1.3454390869954547e-19,13,13.0,9.551432363317992e-07,13,13.0
Moderate,1,62,1,4,100,100,0,0,3.5804650186799836,1.1328867694723916,1.9230173654182292,6.175292545572215,1.032861167000192,5.52,1.5902150289768477,2.9297500000000025,9.01,1.5,-210.7,2.1614389146626793,-214.85,-206.45,-215.0,3.259337357204728e-20,13,13.0,4.2013015242583455e-19,13,13.0,7.334785001031448e-05,0,0.0
Moderate,1,62,1,5,100,100,0,0,3.8086430395099886,1.2210238193600838,1.9935464486447425,6.657867701960224,0.9814590834998853,5.85,1.7720258907746687,3.05,9.930249999999996,1.0,-213.2,2.2758281875822566,-217.7,-208.8,-215.0,4.16067956444161e-20,12,12.0,1.9504554506814044e-19,10,10.0,8.61624476069531e-05,0,0.0
Moderate,1,62,2,3,100,100,0,0,2.5942173337399934,0.6244765495097528,1.5362930095164793,3.919839295693498,0.8777527289998943,4.84,1.1255274857648396,2.91,7.280249999999997,2.0,-257.7,1.8632815626786474,-261.2,-253.94875000000002,-265.0,7.306029382844696e-19,12,12.0,5.095502136012157e-18,10,10.0,7.525034346880782e-08,7,7.0
Moderate,1,62,3,3,100,100,0,0,2.32154307541005,0.6086376872878608,1.3562175493043174,3.6457558178660543,0.6551511665002181,4.5,1.2705284035559474,2.48,7.37,1.0,-303.55,2.3314873650383214,-307.9,-298.7,-300.0,2.55201350163769e-19,11,11.0,2.786314464318163e-19,8,8.0,3.420094848833995e-09,12,12.0
Slow,0,43,1,3,100,100,0,0,0.5322996758700902,0.05682645804695833,0.43678642345584195,0.6590596444923367,0.36979943749975064,1.73,0.25180359509953487,1.28,2.26,1.0,-92.6,7.304516383441111,-106.15124999999999,-77.7,-105.0,6.080255759647228e-16,10,10.0,6.412995039568351e-15,5,5.0,4.16845198600823e-12,10,10.0
Slow,0,43,1,4,100,100,0,0,0.5017951396300213,0.031395955909778235,0.4429175021652609,0.5653185594692293,0.4236770625002464,1.51,0.14034229439466778,1.25,1.79,1.0,-111.4,3.4480854005219954,-117.95,-104.6,-105.0,6.865292235567581e-07,4,4.0,1.5834296414695556e-07,1,1.0,1.560006650228016e-06,4,4.0
Slow,0,43,1,5,100,100,0,0,0.5576194412799851,0.04074254276918994,0.4837708998547294,0.6405057341087905,0.4264616665000176,1.59,0.16763054614240208,1.27,1.93,1.0,-113.6,3.0235439771596155,-119.35,-107.65,-105.0,2.9901889678128684e-09,8,8.0,4.285719353955841e-09,2,2.0,4.103697997352969e-06,1,1.0
Slow,0,43,2,3,100,100,0,0,0.4920800475099895,0.041799116584737575,0.41478615034670613,0.579182067452018,0.34346437499971216,1.39,0.22913760146261547,0.98,1.87,1.0,-170.1,4.794767771206232,-178.7,-160.5,-180.0,5.708935922850027e-12,6,6.0,3.671417226849766e-15,3,3.0,2.330523555901044e-09,5,5.0
Slow,0,43,3,3,100,100,0,0,0.4384743495500243,0.05129995006423094,0.35396833809127154,0.5515867278545867,0.3086390419998679,1.12,0.28894793491372994,0.68,1.76,0.0,-214.3,3.6062655913217925,-221.25,-207.25,-215.0,2.0076590162096555e-17,7,7.0,4.446475499303175e-19,11,11.0,0.0008925816446635475,3,3.0
