Profile,SMF,L,r,s,Metric,N_used,Shapiro_W,Shapiro_p,Skewness,Excess_kurtosis,Normality_at_0.05
Fast,2,62,1,3,Quality,100,0.9164710557824846,9.190347477316206e-06,0.33525618074729935,-0.45809818617713693,Reject normality
Fast,2,62,1,3,Subtours,100,0.5405956768996089,3.6484112343014424e-16,3.4161568708884396,13.577621962238041,Reject normality
Fast,2,62,1,3,Time,100,0.6503738988457252,4.3365021271148144e-14,3.0227002318645617,10.304974427522328,Reject normality
Fast,2,62,1,4,Quality,100,0.892006518764465,6.063388088423523e-07,0.4901259816193991,-0.4089397558257444,Reject normality
Fast,2,62,1,4,Subtours,100,0.42722721510484346,5.907351379959824e-18,5.989372179848366,46.75815986894362,Reject normality
Fast,2,62,1,4,Time,100,0.4067136993612833,2.993717215507515e-18,7.218347875295476,62.82971087349216,Reject normality
Fast,2,62,1,5,Quality,100,0.8893062640865074,4.592510430930242e-07,0.5189140991635165,-0.3741811388842886,Reject normality
Fast,2,62,1,5,Subtours,100,0.5185528516677322,1.5494680567122266e-16,5.026055977663359,35.82510465909272,Reject normality
Fast,2,62,1,5,Time,100,0.4763988367595222,3.254788565641419e-17,6.101917055228971,47.2830791326521,Reject normality
Fast,2,62,2,3,Quality,100,0.9054488597644116,2.5739709069000064e-06,0.8964810945094556,0.5880634115024161,Reject normality
Fast,2,62,2,3,Subtours,100,0.5820162705029104,1.985551968257046e-15,3.8477025501171,20.615905311587227,Reject normality
Fast,2,62,2,3,Time,100,0.6623283611026983,7.766858274541662e-14,2.850167510019546,9.865696274680392,Reject normality
Fast,2,62,3,3,Quality,100,0.953710886477705,0.0014686267354456163,0.3884183119794833,-0.5612754513081475,Reject normality
Fast,2,62,3,3,Subtours,100,0.5558828481771095,6.726586957491657e-16,4.004877805167431,21.791136368951033,Reject normality
Fast,2,62,3,3,Time,100,0.630593808935868,1.7044012016849573e-14,2.8409690501540656,9.411665622286021,Reject normality
Moderate,1,62,1,3,Quality,100,0.8963405539238487,9.551432363317992e-07,0.8627890843996683,0.49632317506353907,Reject normality
Moderate,1,62,1,3,Subtours,100,0.3059790727632639,1.3454390869954547e-19,6.809464431235315,54.27337090726657,Reject normality
Moderate,1,62,1,3,Time,100,0.2392679869479359,2.071362550040607e-20,7.992565055186791,71.1046551251843,Reject normality
Moderate,1,62,1,4,Quality,100,0.9329381972705495,7.334785001031448e-05,0.5590130715120829,0.14326635446471458,Reject normality
Moderate,1,62,1,4,Subtours,100,0.34434102016972956,4.2013015242583455e-19,6.212561623824003,45.96683944066352,Reject normality
Moderate,1,62,1,4,Time,100,0.25586012134109654,3.259337357204728e-20,8.091284432125875,73.13558013465958,Reject normality
Moderate,1,62,1,5,Quality,100,0.9341402651951349,8.61624476069531e-05,0.49254041159893125,0.38362734737466253,Reject normality
Moderate,1,62,1,5,Subtours,100,0.3186714272431724,1.9504554506814044e-19,6.902577570842486,56.13158031812595,Reject normality
Moderate,1,62,1,5,Time,100,0.264681378621928,4.16067956444161e-20,7.7753682508905175,68.64426539232423,Reject normality
Moderate,1,62,2,3,Quality,100,0.8707617071481036,7.525034346880782e-08,1.297558209292351,3.327998179851905,Reject normality
Moderate,1,62,2,3,Subtours,100,0.4228111514528729,5.095502136012157e-18,4.690627964108636,23.94358830806997,Reject normality
Moderate,1,62,2,3,Time,100,0.3623922250340669,7.306029382844696e-19,5.2102906144784615,29.433985504670844,Reject normality
Moderate,1,62,3,3,Quality,100,0.8349304261037837,3.420094848833995e-09,2.009999382858515,8.426760301885686,Reject normality
Moderate,1,62,3,3,Subtours,100,0.33069548652073844,2.786314464318163e-19,6.722467906870295,52.315075978606465,Reject normality
Moderate,1,62,3,3,Time,100,0.32774924586021054,2.55201350163769e-19,6.26900870745612,44.38079860519093,Reject normality
Slow,0,43,1,3,Quality,100,0.7364607478528807,4.16845198600823e-12,2.0676325090585963,4.173268099606951,Reject normality
Slow,0,43,1,3,Subtours,100,0.6090437292047592,6.412995039568351e-15,4.32890951904587,27.757941930985822,Reject normality
Slow,0,43,1,3,Time,100,0.553384550109318,6.080255759647228e-16,5.189240628087395,37.27312199882402,Reject normality
Slow,0,43,1,4,Quality,100,0.9009066091958648,1.560006650228016e-06,0.7578213582342236,0.7327024741290931,Reject normality
Slow,0,43,1,4,Subtours,100,0.8785952207144444,1.5834296414695556e-07,0.8628528594383488,0.3979109898687123,Reject normality
Slow,0,43,1,4,Time,100,0.8932012613952954,6.865292235567581e-07,1.2785636393215465,1.7665842777297929,Reject normality
Slow,0,43,1,5,Quality,100,0.9095742403173167,4.103697997352969e-06,0.2800868444171301,-0.6202129210005518,Reject normality
Slow,0,43,1,5,Subtours,100,0.8377327740468087,4.285719353955841e-09,1.4355775196347933,2.951890594640875,Reject normality
Slow,0,43,1,5,Time,100,0.8332474008445914,2.9901889678128684e-09,1.5725157824603377,2.1919002987994336,Reject normality
Slow,0,43,2,3,Quality,100,0.8300957034853879,2.330523555901044e-09,1.779431076591226,4.083588557098798,Reject normality
Slow,0,43,2,3,Subtours,100,0.5963491941102076,3.671417226849766e-15,3.5168486878341634,15.450307621347115,Reject normality
Slow,0,43,2,3,Time,100,0.7417810854360695,5.708935922850027e-12,2.425897499743435,7.469227331694318,Reject normality
Slow,0,43,3,3,Quality,100,0.9504817235334599,0.0008925816446635475,0.6605888857758716,0.46678581752813075,Reject normality
Slow,0,43,3,3,Subtours,100,0.3462089170466969,4.446475499303175e-19,7.4966052703237605,66.15079861957646,Reject normality
Slow,0,43,3,3,Time,100,0.46280927284714446,2.0076590162096555e-17,6.109104658432794,47.63891460775166,Reject normality
