Profile,SMF,L,r,s,Metric,Run,Seed,Status,Value,Lower_fence,Upper_fence,Direction
Fast,2,62,1,3,Quality,48,40880958,OK,-175.0,-252.5,-192.5,High
Fast,2,62,1,3,Quality,50,40880960,OK,-190.0,-252.5,-192.5,High
Fast,2,62,1,3,Quality,63,40880973,OK,-185.0,-252.5,-192.5,High
Fast,2,62,1,3,Quality,74,40880984,OK,-190.0,-252.5,-192.5,High
Fast,2,62,1,3,Quality,84,40880994,OK,-185.0,-252.5,-192.5,High
Fast,2,62,1,3,Subtours,11,40880921,OK,3.0,-1.5,2.5,High
Fast,2,62,1,3,Subtours,36,40880946,OK,10.0,-1.5,2.5,High
Fast,2,62,1,3,Subtours,50,40880960,OK,5.0,-1.5,2.5,High
Fast,2,62,1,3,Subtours,77,40880987,OK,7.0,-1.5,2.5,High
Fast,2,62,1,3,Subtours,90,40881000,OK,6.0,-1.5,2.5,High
Fast,2,62,1,3,Subtours,94,40881004,OK,7.0,-1.5,2.5,High
Fast,2,62,1,3,Time,11,40880921,OK,2.404556582994701,-0.35652643750472635,2.0416288124997664,High
Fast,2,62,1,3,Time,36,40880946,OK,5.089437457994791,-0.35652643750472635,2.0416288124997664,High
Fast,2,62,1,3,Time,50,40880960,OK,4.236170458003471,-0.35652643750472635,2.0416288124997664,High
Fast,2,62,1,3,Time,77,40880987,OK,4.882277374999831,-0.35652643750472635,2.0416288124997664,High
Fast,2,62,1,3,Time,90,40881000,OK,3.575486958005058,-0.35652643750472635,2.0416288124997664,High
Fast,2,62,1,3,Time,91,40881001,OK,2.30287391699676,-0.35652643750472635,2.0416288124997664,High
Fast,2,62,1,3,Time,94,40881004,OK,3.303777375003847,-0.35652643750472635,2.0416288124997664,High
Fast,2,62,1,4,Quality,50,40880960,OK,-190.0,-252.5,-192.5,High
Fast,2,62,1,4,Quality,63,40880973,OK,-185.0,-252.5,-192.5,High
Fast,2,62,1,4,Quality,84,40880994,OK,-185.0,-252.5,-192.5,High
Fast,2,62,1,4,Subtours,12,40880922,OK,4.0,-1.5,2.5,High
Fast,2,62,1,4,Subtours,43,40880953,OK,3.0,-1.5,2.5,High
Fast,2,62,1,4,Subtours,50,40880960,OK,13.0,-1.5,2.5,High
Fast,2,62,1,4,Subtours,51,40880961,OK,3.0,-1.5,2.5,High
Fast,2,62,1,4,Subtours,57,40880967,OK,3.0,-1.5,2.5,High
Fast,2,62,1,4,Time,12,40880922,OK,3.0263506250003047,-0.49138468749958975,2.1445340624997016,High
Fast,2,62,1,4,Time,21,40880931,OK,2.251315208000051,-0.49138468749958975,2.1445340624997016,High
Fast,2,62,1,4,Time,50,40880960,OK,11.362451208000492,-0.49138468749958975,2.1445340624997016,High
Fast,2,62,1,4,Time,51,40880961,OK,2.303515417000199,-0.49138468749958975,2.1445340624997016,High
Fast,2,62,1,5,Quality,50,40880960,OK,-190.0,-252.5,-192.5,High
Fast,2,62,1,5,Quality,63,40880973,OK,-185.0,-252.5,-192.5,High
Fast,2,62,1,5,Quality,84,40880994,OK,-185.0,-252.5,-192.5,High
Fast,2,62,1,5,Subtours,12,40880922,OK,4.0,-1.5,2.5,High
Fast,2,62,1,5,Subtours,45,40880955,OK,4.0,-1.5,2.5,High
Fast,2,62,1,5,Subtours,50,40880960,OK,12.0,-1.5,2.5,High
Fast,2,62,1,5,Subtours,57,40880967,OK,3.0,-1.5,2.5,High
Fast,2,62,1,5,Subtours,61,40880971,OK,3.0,-1.5,2.5,High
Fast,2,62,1,5,Time,12,40880922,OK,2.631891374999213,-0.46916039087523176,2.3176571501251155,High
Fast,2,62,1,5,Time,45,40880955,OK,4.744871583000531,-0.46916039087523176,2.3176571501251155,High
Fast,2,62,1,5,Time,49,40880959,OK,2.763148375000128,-0.46916039087523176,2.3176571501251155,High
Fast,2,62,1,5,Time,50,40880960,OK,10.745034207999195,-0.46916039087523176,2.3176571501251155,High
Fast,2,62,1,5,Time,59,40880969,OK,2.4944419160001416,-0.46916039087523176,2.3176571501251155,High
Fast,2,62,2,3,Quality,48,40880958,OK,-175.0,-310.0,-190.0,High
Fast,2,62,2,3,Subtours,7,40880917,OK,8.0,-3.0,5.0,High
Fast,2,62,2,3,Subtours,13,40880923,OK,8.0,-3.0,5.0,High
Fast,2,62,2,3,Subtours,36,40880946,OK,10.0,-3.0,5.0,High
Fast,2,62,2,3,Subtours,50,40880960,OK,25.0,-3.0,5.0,High
Fast,2,62,2,3,Subtours,51,40880961,OK,6.0,-3.0,5.0,High
Fast,2,62,2,3,Subtours,72,40880982,OK,8.0,-3.0,5.0,High
Fast,2,62,2,3,Subtours,77,40880987,OK,7.0,-3.0,5.0,High
Fast,2,62,2,3,Subtours,89,40880999,OK,14.0,-3.0,5.0,High
Fast,2,62,2,3,Subtours,90,40881000,OK,6.0,-3.0,5.0,High
Fast,2,62,2,3,Subtours,93,40881003,OK,6.0,-3.0,5.0,High
Fast,2,62,2,3,Time,7,40880917,OK,3.8692940839991934,-1.0485480573755694,3.439882901625083,High
Fast,2,62,2,3,Time,11,40880921,OK,4.031977374999769,-1.0485480573755694,3.439882901625083,High
Fast,2,62,2,3,Time,13,40880923,OK,7.0319622499991965,-1.0485480573755694,3.439882901625083,High
Fast,2,62,2,3,Time,36,40880946,OK,5.070879000000787,-1.0485480573755694,3.439882901625083,High
Fast,2,62,2,3,Time,50,40880960,OK,11.418785541000034,-1.0485480573755694,3.439882901625083,High
Fast,2,62,2,3,Time,51,40880961,OK,5.183382291000271,-1.0485480573755694,3.439882901625083,High
Fast,2,62,2,3,Time,52,40880962,OK,4.2551422919996185,-1.0485480573755694,3.439882901625083,High
Fast,2,62,2,3,Time,71,40880981,OK,3.986173665999559,-1.0485480573755694,3.439882901625083,High
Fast,2,62,2,3,Time,72,40880982,OK,6.543127458000527,-1.0485480573755694,3.439882901625083,High
Fast,2,62,2,3,Time,77,40880987,OK,5.385308999999324,-1.0485480573755694,3.439882901625083,High
Fast,2,62,2,3,Time,86,40880996,OK,4.547469209000155,-1.0485480573755694,3.439882901625083,High
Fast,2,62,2,3,Time,89,40880999,OK,10.851358582999636,-1.0485480573755694,3.439882901625083,High
Fast,2,62,2,3,Time,91,40881001,OK,4.379231624999193,-1.0485480573755694,3.439882901625083,High
Fast,2,62,3,3,Subtours,7,40880917,OK,8.0,-3.0,5.0,High
Fast,2,62,3,3,Subtours,13,40880923,OK,8.0,-3.0,5.0,High
Fast,2,62,3,3,Subtours,33,40880943,OK,6.0,-3.0,5.0,High
Fast,2,62,3,3,Subtours,36,40880946,OK,10.0,-3.0,5.0,High
Fast,2,62,3,3,Subtours,50,40880960,OK,25.0,-3.0,5.0,High
Fast,2,62,3,3,Subtours,51,40880961,OK,6.0,-3.0,5.0,High
Fast,2,62,3,3,Subtours,72,40880982,OK,8.0,-3.0,5.0,High
Fast,2,62,3,3,Subtours,77,40880987,OK,7.0,-3.0,5.0,High
Fast,2,62,3,3,Subtours,89,40880999,OK,14.0,-3.0,5.0,High
Fast,2,62,3,3,Time,7,40880917,OK,3.8508609999998953,-0.9799722234997716,3.242684150500736,High
Fast,2,62,3,3,Time,11,40880921,OK,4.045888915999967,-0.9799722234997716,3.242684150500736,High
Fast,2,62,3,3,Time,13,40880923,OK,7.085603542000172,-0.9799722234997716,3.242684150500736,High
Fast,2,62,3,3,Time,33,40880943,OK,5.599769374999596,-0.9799722234997716,3.242684150500736,High
Fast,2,62,3,3,Time,36,40880946,OK,5.102587082999889,-0.9799722234997716,3.242684150500736,High
Fast,2,62,3,3,Time,39,40880949,OK,3.3561232920001203,-0.9799722234997716,3.242684150500736,High
Fast,2,62,3,3,Time,50,40880960,OK,11.420321833999878,-0.9799722234997716,3.242684150500736,High
Fast,2,62,3,3,Time,51,40880961,OK,5.196641417000137,-0.9799722234997716,3.242684150500736,High
Fast,2,62,3,3,Time,52,40880962,OK,4.249241999999867,-0.9799722234997716,3.242684150500736,High
Fast,2,62,3,3,Time,71,40880981,OK,4.025245208000342,-0.9799722234997716,3.242684150500736,High
Fast,2,62,3,3,Time,72,40880982,OK,6.548939459000394,-0.9799722234997716,3.242684150500736,High
Fast,2,62,3,3,Time,77,40880987,OK,5.100254500000119,-0.9799722234997716,3.242684150500736,High
Fast,2,62,3,3,Time,86,40880996,OK,4.520088625000426,-0.9799722234997716,3.242684150500736,High
Fast,2,62,3,3,Time,89,40880999,OK,10.888546457999835,-0.9799722234997716,3.242684150500736,High
Fast,2,62,3,3,Time,90,40881000,OK,3.388521583000511,-0.9799722234997716,3.242684150500736,High
Fast,2,62,3,3,Time,91,40881001,OK,4.353945834000115,-0.9799722234997716,3.242684150500736,High
Moderate,1,62,1,3,Quality,1,30880911,OK,-160.0,-237.5,-177.5,High
Moderate,1,62,1,3,Quality,8,30880918,OK,-245.0,-237.5,-177.5,Low
Moderate,1,62,1,3,Quality,9,30880919,OK,-175.0,-237.5,-177.5,High
Moderate,1,62,1,3,Quality,19,30880929,OK,-145.0,-237.5,-177.5,High
Moderate,1,62,1,3,Quality,20,30880930,OK,-175.0,-237.5,-177.5,High
Moderate,1,62,1,3,Quality,28,30880938,OK,-160.0,-237.5,-177.5,High
Moderate,1,62,1,3,Quality,31,30880941,OK,-175.0,-237.5,-177.5,High
Moderate,1,62,1,3,Quality,43,30880953,OK,-160.0,-237.5,-177.5,High
Moderate,1,62,1,3,Quality,72,30880982,OK,-160.0,-237.5,-177.5,High
Moderate,1,62,1,3,Quality,74,30880984,OK,-160.0,-237.5,-177.5,High
Moderate,1,62,1,3,Quality,82,30880992,OK,-175.0,-237.5,-177.5,High
Moderate,1,62,1,3,Quality,84,30880994,OK,-175.0,-237.5,-177.5,High
Moderate,1,62,1,3,Quality,98,30881008,OK,-160.0,-237.5,-177.5,High
Moderate,1,62,1,3,Subtours,7,30880917,OK,43.0,-6.0,10.0,High
Moderate,1,62,1,3,Subtours,17,30880927,OK,15.0,-6.0,10.0,High
Moderate,1,62,1,3,Subtours,28,30880938,OK,11.0,-6.0,10.0,High
Moderate,1,62,1,3,Subtours,32,30880942,OK,14.0,-6.0,10.0,High
Moderate,1,62,1,3,Subtours,46,30880956,OK,30.0,-6.0,10.0,High
Moderate,1,62,1,3,Subtours,52,30880962,OK,29.0,-6.0,10.0,High
Moderate,1,62,1,3,Subtours,53,30880963,OK,77.0,-6.0,10.0,High
Moderate,1,62,1,3,Subtours,57,30880967,OK,11.0,-6.0,10.0,High
Moderate,1,62,1,3,Subtours,62,30880972,OK,197.0,-6.0,10.0,High
Moderate,1,62,1,3,Subtours,70,30880980,OK,43.0,-6.0,10.0,High
Moderate,1,62,1,3,Subtours,83,30880993,OK,12.0,-6.0,10.0,High
Moderate,1,62,1,3,Subtours,90,30881000,OK,49.0,-6.0,10.0,High
Moderate,1,62,1,3,Subtours,95,30881005,OK,18.0,-6.0,10.0,High
Moderate,1,62,1,3,Time,1,30880911,OK,5.870321499998681,-1.7903812145032134,4.74177099550252,High
Moderate,1,62,1,3,Time,7,30880917,OK,28.277564750002057,-1.7903812145032134,4.74177099550252,High
Moderate,1,62,1,3,Time,17,30880927,OK,5.316723708998325,-1.7903812145032134,4.74177099550252,High
Moderate,1,62,1,3,Time,28,30880938,OK,7.458303250001336,-1.7903812145032134,4.74177099550252,High
Moderate,1,62,1,3,Time,32,30880942,OK,7.826495833000081,-1.7903812145032134,4.74177099550252,High
Moderate,1,62,1,3,Time,43,30880953,OK,5.333744125000521,-1.7903812145032134,4.74177099550252,High
Moderate,1,62,1,3,Time,46,30880956,OK,16.05973562500003,-1.7903812145032134,4.74177099550252,High
Moderate,1,62,1,3,Time,52,30880962,OK,21.75178091600173,-1.7903812145032134,4.74177099550252,High
Moderate,1,62,1,3,Time,53,30880963,OK,45.817028999998,-1.7903812145032134,4.74177099550252,High
Moderate,1,62,1,3,Time,57,30880967,OK,9.843132959002103,-1.7903812145032134,4.74177099550252,High
Moderate,1,62,1,3,Time,62,30880972,OK,156.45657754199783,-1.7903812145032134,4.74177099550252,High
Moderate,1,62,1,3,Time,70,30880980,OK,25.91388820800057,-1.7903812145032134,4.74177099550252,High
Moderate,1,62,1,3,Time,83,30880993,OK,5.012974291999853,-1.7903812145032134,4.74177099550252,High
Moderate,1,62,1,3,Time,90,30881000,OK,18.535777249999228,-1.7903812145032134,4.74177099550252,High
Moderate,1,62,1,3,Time,95,30881005,OK,8.421132958003,-1.7903812145032134,4.74177099550252,High
Moderate,1,62,1,4,Subtours,7,30880917,OK,27.0,-4.875,8.125,High
Moderate,1,62,1,4,Subtours,17,30880927,OK,11.0,-4.875,8.125,High
Moderate,1,62,1,4,Subtours,28,30880938,OK,17.0,-4.875,8.125,High
Moderate,1,62,1,4,Subtours,31,30880941,OK,9.0,-4.875,8.125,High
Moderate,1,62,1,4,Subtours,32,30880942,OK,17.0,-4.875,8.125,High
Moderate,1,62,1,4,Subtours,46,30880956,OK,47.0,-4.875,8.125,High
Moderate,1,62,1,4,Subtours,53,30880963,OK,55.0,-4.875,8.125,High
Moderate,1,62,1,4,Subtours,57,30880967,OK,12.0,-4.875,8.125,High
Moderate,1,62,1,4,Subtours,62,30880972,OK,135.0,-4.875,8.125,High
Moderate,1,62,1,4,Subtours,69,30880979,OK,10.0,-4.875,8.125,High
Moderate,1,62,1,4,Subtours,70,30880980,OK,43.0,-4.875,8.125,High
Moderate,1,62,1,4,Subtours,83,30880993,OK,11.0,-4.875,8.125,High
Moderate,1,62,1,4,Subtours,95,30881005,OK,19.0,-4.875,8.125,High
Moderate,1,62,1,4,Time,7,30880917,OK,17.829696499999955,-1.8896761297496596,4.600639660250181,High
Moderate,1,62,1,4,Time,28,30880938,OK,12.999428999999964,-1.8896761297496596,4.600639660250181,High
Moderate,1,62,1,4,Time,31,30880941,OK,5.583280916999684,-1.8896761297496596,4.600639660250181,High
Moderate,1,62,1,4,Time,32,30880942,OK,9.830810957999802,-1.8896761297496596,4.600639660250181,High
Moderate,1,62,1,4,Time,46,30880956,OK,17.604825875000188,-1.8896761297496596,4.600639660250181,High
Moderate,1,62,1,4,Time,53,30880963,OK,22.15153908299999,-1.8896761297496596,4.600639660250181,High
Moderate,1,62,1,4,Time,57,30880967,OK,10.284839709000153,-1.8896761297496596,4.600639660250181,High
Moderate,1,62,1,4,Time,62,30880972,OK,107.50613525000016,-1.8896761297496596,4.600639660250181,High
Moderate,1,62,1,4,Time,69,30880979,OK,5.943443000000116,-1.8896761297496596,4.600639660250181,High
Moderate,1,62,1,4,Time,70,30880980,OK,22.527385749999667,-1.8896761297496596,4.600639660250181,High
Moderate,1,62,1,4,Time,72,30880982,OK,6.76347183300004,-1.8896761297496596,4.600639660250181,High
Moderate,1,62,1,4,Time,83,30880993,OK,5.191439833000004,-1.8896761297496596,4.600639660250181,High
Moderate,1,62,1,4,Time,95,30881005,OK,9.908913499999471,-1.8896761297496596,4.600639660250181,High
Moderate,1,62,1,5,Subtours,7,30880917,OK,30.0,-6.375,10.625,High
Moderate,1,62,1,5,Subtours,28,30880938,OK,15.0,-6.375,10.625,High
Moderate,1,62,1,5,Subtours,32,30880942,OK,23.0,-6.375,10.625,High
Moderate,1,62,1,5,Subtours,46,30880956,OK,50.0,-6.375,10.625,High
Moderate,1,62,1,5,Subtours,57,30880967,OK,19.0,-6.375,10.625,High
Moderate,1,62,1,5,Subtours,62,30880972,OK,158.0,-6.375,10.625,High
Moderate,1,62,1,5,Subtours,64,30880974,OK,45.0,-6.375,10.625,High
Moderate,1,62,1,5,Subtours,70,30880980,OK,41.0,-6.375,10.625,High
Moderate,1,62,1,5,Subtours,82,30880992,OK,15.0,-6.375,10.625,High
Moderate,1,62,1,5,Subtours,95,30881005,OK,17.0,-6.375,10.625,High
Moderate,1,62,1,5,Time,7,30880917,OK,17.20810320800001,-1.9766129849990648,4.752529390998916,High
Moderate,1,62,1,5,Time,21,30880931,OK,5.397391999999854,-1.9766129849990648,4.752529390998916,High
Moderate,1,62,1,5,Time,28,30880938,OK,10.586641291999968,-1.9766129849990648,4.752529390998916,High
Moderate,1,62,1,5,Time,31,30880941,OK,4.875263583000105,-1.9766129849990648,4.752529390998916,High
Moderate,1,62,1,5,Time,32,30880942,OK,14.72106258299982,-1.9766129849990648,4.752529390998916,High
Moderate,1,62,1,5,Time,46,30880956,OK,22.38596416600012,-1.9766129849990648,4.752529390998916,High
Moderate,1,62,1,5,Time,57,30880967,OK,18.50805479099972,-1.9766129849990648,4.752529390998916,High
Moderate,1,62,1,5,Time,62,30880972,OK,114.09103049999976,-1.9766129849990648,4.752529390998916,High
Moderate,1,62,1,5,Time,64,30880974,OK,26.454537083000105,-1.9766129849990648,4.752529390998916,High
Moderate,1,62,1,5,Time,70,30880980,OK,24.165457167000568,-1.9766129849990648,4.752529390998916,High
Moderate,1,62,1,5,Time,82,30880992,OK,9.738312916999348,-1.9766129849990648,4.752529390998916,High
Moderate,1,62,1,5,Time,95,30881005,OK,10.007610292000209,-1.9766129849990648,4.752529390998916,High
Moderate,1,62,2,3,Quality,8,30880918,OK,-295.0,-287.5,-227.5,Low
Moderate,1,62,2,3,Quality,9,30880919,OK,-210.0,-287.5,-227.5,High
Moderate,1,62,2,3,Quality,19,30880929,OK,-220.0,-287.5,-227.5,High
Moderate,1,62,2,3,Quality,31,30880941,OK,-175.0,-287.5,-227.5,High
Moderate,1,62,2,3,Quality,43,30880953,OK,-220.0,-287.5,-227.5,High
Moderate,1,62,2,3,Quality,74,30880984,OK,-220.0,-287.5,-227.5,High
Moderate,1,62,2,3,Quality,98,30881008,OK,-210.0,-287.5,-227.5,High
Moderate,1,62,2,3,Subtours,1,30880911,OK,16.0,-6.0,10.0,High
Moderate,1,62,2,3,Subtours,7,30880917,OK,18.0,-6.0,10.0,High
Moderate,1,62,2,3,Subtours,10,30880920,OK,11.0,-6.0,10.0,High
Moderate,1,62,2,3,Subtours,13,30880923,OK,12.0,-6.0,10.0,High
Moderate,1,62,2,3,Subtours,17,30880927,OK,11.0,-6.0,10.0,High
Moderate,1,62,2,3,Subtours,48,30880958,OK,20.0,-6.0,10.0,High
Moderate,1,62,2,3,Subtours,52,30880962,OK,53.0,-6.0,10.0,High
Moderate,1,62,2,3,Subtours,53,30880963,OK,62.0,-6.0,10.0,High
Moderate,1,62,2,3,Subtours,57,30880967,OK,16.0,-6.0,10.0,High
Moderate,1,62,2,3,Subtours,70,30880980,OK,75.0,-6.0,10.0,High
Moderate,1,62,2,3,Time,1,30880911,OK,8.269188542000393,-1.8808338941251463,4.371064352875408,High
Moderate,1,62,2,3,Time,7,30880917,OK,6.816913666999881,-1.8808338941251463,4.371064352875408,High
Moderate,1,62,2,3,Time,10,30880920,OK,6.175113583999973,-1.8808338941251463,4.371064352875408,High
Moderate,1,62,2,3,Time,14,30880924,OK,7.157058958000107,-1.8808338941251463,4.371064352875408,High
Moderate,1,62,2,3,Time,17,30880927,OK,4.952290166999774,-1.8808338941251463,4.371064352875408,High
Moderate,1,62,2,3,Time,46,30880956,OK,4.583486167000046,-1.8808338941251463,4.371064352875408,High
Moderate,1,62,2,3,Time,48,30880958,OK,12.128870333000124,-1.8808338941251463,4.371064352875408,High
Moderate,1,62,2,3,Time,52,30880962,OK,27.51279791699972,-1.8808338941251463,4.371064352875408,High
Moderate,1,62,2,3,Time,53,30880963,OK,33.37980445799985,-1.8808338941251463,4.371064352875408,High
Moderate,1,62,2,3,Time,57,30880967,OK,5.73989179199998,-1.8808338941251463,4.371064352875408,High
Moderate,1,62,2,3,Time,66,30880976,OK,4.6327191250002215,-1.8808338941251463,4.371064352875408,High
Moderate,1,62,2,3,Time,70,30880980,OK,45.26023416699991,-1.8808338941251463,4.371064352875408,High
Moderate,1,62,3,3,Quality,4,30880914,OK,-270.0,-337.5,-277.5,High
Moderate,1,62,3,3,Quality,8,30880918,OK,-345.0,-337.5,-277.5,Low
Moderate,1,62,3,3,Quality,9,30880919,OK,-260.0,-337.5,-277.5,High
Moderate,1,62,3,3,Quality,19,30880929,OK,-270.0,-337.5,-277.5,High
Moderate,1,62,3,3,Quality,31,30880941,OK,-175.0,-337.5,-277.5,High
Moderate,1,62,3,3,Quality,43,30880953,OK,-255.0,-337.5,-277.5,High
Moderate,1,62,3,3,Quality,44,30880954,OK,-275.0,-337.5,-277.5,High
Moderate,1,62,3,3,Quality,62,30880972,OK,-260.0,-337.5,-277.5,High
Moderate,1,62,3,3,Quality,82,30880992,OK,-270.0,-337.5,-277.5,High
Moderate,1,62,3,3,Quality,95,30881005,OK,-270.0,-337.5,-277.5,High
Moderate,1,62,3,3,Quality,97,30881007,OK,-270.0,-337.5,-277.5,High
Moderate,1,62,3,3,Quality,98,30881008,OK,-245.0,-337.5,-277.5,High
Moderate,1,62,3,3,Subtours,1,30880911,OK,25.0,-6.0,10.0,High
Moderate,1,62,3,3,Subtours,14,30880924,OK,16.0,-6.0,10.0,High
Moderate,1,62,3,3,Subtours,52,30880962,OK,20.0,-6.0,10.0,High
Moderate,1,62,3,3,Subtours,53,30880963,OK,21.0,-6.0,10.0,High
Moderate,1,62,3,3,Subtours,57,30880967,OK,11.0,-6.0,10.0,High
Moderate,1,62,3,3,Subtours,70,30880980,OK,53.0,-6.0,10.0,High
Moderate,1,62,3,3,Subtours,83,30880993,OK,111.0,-6.0,10.0,High
Moderate,1,62,3,3,Subtours,95,30881005,OK,13.0,-6.0,10.0,High
Moderate,1,62,3,3,Time,1,30880911,OK,12.659434583000348,-1.6185958596255432,3.8317560153760724,High
Moderate,1,62,3,3,Time,14,30880924,OK,9.860211832999994,-1.6185958596255432,3.8317560153760724,High
Moderate,1,62,3,3,Time,52,30880962,OK,9.210546166999848,-1.6185958596255432,3.8317560153760724,High
Moderate,1,62,3,3,Time,53,30880963,OK,8.166323375000047,-1.6185958596255432,3.8317560153760724,High
Moderate,1,62,3,3,Time,55,30880965,OK,4.010477583000011,-1.6185958596255432,3.8317560153760724,High
Moderate,1,62,3,3,Time,57,30880967,OK,4.667476416999762,-1.6185958596255432,3.8317560153760724,High
Moderate,1,62,3,3,Time,58,30880968,OK,5.189746749999813,-1.6185958596255432,3.8317560153760724,High
Moderate,1,62,3,3,Time,70,30880980,OK,31.14198966599997,-1.6185958596255432,3.8317560153760724,High
Moderate,1,62,3,3,Time,71,30880981,OK,4.562423041999864,-1.6185958596255432,3.8317560153760724,High
Moderate,1,62,3,3,Time,83,30880993,OK,50.43983958300032,-1.6185958596255432,3.8317560153760724,High
Moderate,1,62,3,3,Time,95,30881005,OK,6.553560749999633,-1.6185958596255432,3.8317560153760724,High
Slow,0,43,1,3,Quality,16,20690926,OK,150.0,-242.5,17.5,High
Slow,0,43,1,3,Quality,28,20690938,OK,165.0,-242.5,17.5,High
Slow,0,43,1,3,Quality,32,20690942,OK,150.0,-242.5,17.5,High
Slow,0,43,1,3,Quality,44,20690954,OK,125.0,-242.5,17.5,High
Slow,0,43,1,3,Quality,48,20690958,OK,150.0,-242.5,17.5,High
Slow,0,43,1,3,Quality,53,20690963,OK,35.0,-242.5,17.5,High
Slow,0,43,1,3,Quality,57,20690967,OK,50.0,-242.5,17.5,High
Slow,0,43,1,3,Quality,68,20690978,OK,50.0,-242.5,17.5,High
Slow,0,43,1,3,Quality,76,20690986,OK,50.0,-242.5,17.5,High
Slow,0,43,1,3,Quality,79,20690989,OK,35.0,-242.5,17.5,High
Slow,0,43,1,3,Subtours,25,20690935,OK,8.0,-3.0,5.0,High
Slow,0,43,1,3,Subtours,35,20690945,OK,7.0,-3.0,5.0,High
Slow,0,43,1,3,Subtours,48,20690958,OK,7.0,-3.0,5.0,High
Slow,0,43,1,3,Subtours,81,20690991,OK,20.0,-3.0,5.0,High
Slow,0,43,1,3,Subtours,95,20691005,OK,6.0,-3.0,5.0,High
Slow,0,43,1,3,Time,17,20690927,OK,1.223863250001159,-0.2330583337461576,1.0922790002441616,High
Slow,0,43,1,3,Time,25,20690935,OK,1.4391105409995362,-0.2330583337461576,1.0922790002441616,High
Slow,0,43,1,3,Time,35,20690945,OK,1.382336458998907,-0.2330583337461576,1.0922790002441616,High
Slow,0,43,1,3,Time,36,20690946,OK,1.247170874998119,-0.2330583337461576,1.0922790002441616,High
Slow,0,43,1,3,Time,43,20690953,OK,1.626825708000979,-0.2330583337461576,1.0922790002441616,High
Slow,0,43,1,3,Time,48,20690958,OK,1.1034658749995288,-0.2330583337461576,1.0922790002441616,High
Slow,0,43,1,3,Time,63,20690973,OK,1.1898370410017378,-0.2330583337461576,1.0922790002441616,High
Slow,0,43,1,3,Time,76,20690986,OK,1.2782407920021797,-0.2330583337461576,1.0922790002441616,High
Slow,0,43,1,3,Time,81,20690991,OK,4.961659500000678,-0.2330583337461576,1.0922790002441616,High
Slow,0,43,1,3,Time,95,20691005,OK,1.8453823339987137,-0.2330583337461576,1.0922790002441616,High
Slow,0,43,1,4,Quality,16,20690926,OK,-40.0,-205.0,-45.0,High
Slow,0,43,1,4,Quality,28,20690938,OK,15.0,-205.0,-45.0,High
Slow,0,43,1,4,Quality,32,20690942,OK,-25.0,-205.0,-45.0,High
Slow,0,43,1,4,Quality,48,20690958,OK,-40.0,-205.0,-45.0,High
Slow,0,43,1,4,Subtours,81,20690991,OK,6.0,-3.0,5.0,High
Slow,0,43,1,4,Time,11,20690921,OK,1.4856041660004848,-0.30546317762673425,1.2143608233764098,High
Slow,0,43,1,4,Time,17,20690927,OK,1.334432249999736,-0.30546317762673425,1.2143608233764098,High
Slow,0,43,1,4,Time,81,20690991,OK,1.644507292000526,-0.30546317762673425,1.2143608233764098,High
Slow,0,43,1,4,Time,84,20690994,OK,1.312230874999841,-0.30546317762673425,1.2143608233764098,High
Slow,0,43,1,5,Quality,28,20690938,OK,-25.0,-205.0,-45.0,High
Slow,0,43,1,5,Subtours,62,20690972,OK,6.0,-3.0,5.0,High
Slow,0,43,1,5,Subtours,87,20690997,OK,9.0,-3.0,5.0,High
Slow,0,43,1,5,Time,11,20690921,OK,1.6116099170003508,-0.3627476749991274,1.3247100709993447,High
Slow,0,43,1,5,Time,40,20690950,OK,1.3637199579998196,-0.3627476749991274,1.3247100709993447,High
Slow,0,43,1,5,Time,41,20690951,OK,1.4779909170001702,-0.3627476749991274,1.3247100709993447,High
Slow,0,43,1,5,Time,43,20690953,OK,1.6139600420001443,-0.3627476749991274,1.3247100709993447,High
Slow,0,43,1,5,Time,53,20690963,OK,1.8268968749998749,-0.3627476749991274,1.3247100709993447,High
Slow,0,43,1,5,Time,62,20690972,OK,1.5174729170003047,-0.3627476749991274,1.3247100709993447,High
Slow,0,43,1,5,Time,69,20690979,OK,1.674245500000325,-0.3627476749991274,1.3247100709993447,High
Slow,0,43,1,5,Time,87,20690997,OK,1.95691270899988,-0.3627476749991274,1.3247100709993447,High
Slow,0,43,2,3,Quality,16,20690926,OK,-15.0,-255.0,-95.0,High
Slow,0,43,2,3,Quality,28,20690938,OK,0.0,-255.0,-95.0,High
Slow,0,43,2,3,Quality,32,20690942,OK,0.0,-255.0,-95.0,High
Slow,0,43,2,3,Quality,44,20690954,OK,-25.0,-255.0,-95.0,High
Slow,0,43,2,3,Quality,48,20690958,OK,-15.0,-255.0,-95.0,High
Slow,0,43,2,3,Subtours,31,20690941,OK,9.0,-3.0,5.0,High
Slow,0,43,2,3,Subtours,68,20690978,OK,13.0,-3.0,5.0,High
Slow,0,43,2,3,Subtours,79,20690989,OK,14.0,-3.0,5.0,High
Slow,0,43,2,3,Time,11,20690921,OK,1.212927624999793,-0.3078754372494359,1.125686728748974,High
Slow,0,43,2,3,Time,31,20690941,OK,1.7288895420006156,-0.3078754372494359,1.125686728748974,High
Slow,0,43,2,3,Time,68,20690978,OK,2.485237750000124,-0.3078754372494359,1.125686728748974,High
Slow,0,43,2,3,Time,74,20690984,OK,1.463599124999746,-0.3078754372494359,1.125686728748974,High
Slow,0,43,2,3,Time,75,20690985,OK,1.1734379170002285,-0.3078754372494359,1.125686728748974,High
Slow,0,43,2,3,Time,79,20690989,OK,2.2445288339995386,-0.3078754372494359,1.125686728748974,High
Slow,0,43,3,3,Quality,3,20690913,OK,-105.0,-290.0,-130.0,High
Slow,0,43,3,3,Quality,89,20690999,OK,-115.0,-290.0,-130.0,High
Slow,0,43,3,3,Quality,95,20691005,OK,-115.0,-290.0,-130.0,High
Slow,0,43,3,3,Subtours,10,20690920,OK,4.0,-1.5,2.5,High
Slow,0,43,3,3,Subtours,14,20690924,OK,5.0,-1.5,2.5,High
Slow,0,43,3,3,Subtours,15,20690925,OK,3.0,-1.5,2.5,High
Slow,0,43,3,3,Subtours,19,20690929,OK,4.0,-1.5,2.5,High
Slow,0,43,3,3,Subtours,21,20690931,OK,4.0,-1.5,2.5,High
Slow,0,43,3,3,Subtours,26,20690936,OK,3.0,-1.5,2.5,High
Slow,0,43,3,3,Subtours,32,20690942,OK,27.0,-1.5,2.5,High
Slow,0,43,3,3,Subtours,33,20690943,OK,3.0,-1.5,2.5,High
Slow,0,43,3,3,Subtours,48,20690958,OK,6.0,-1.5,2.5,High
Slow,0,43,3,3,Subtours,91,20691001,OK,3.0,-1.5,2.5,High
Slow,0,43,3,3,Subtours,100,20691010,OK,3.0,-1.5,2.5,High
Slow,0,43,3,3,Time,10,20690920,OK,1.682739208000385,-0.20373953550131324,0.9013287545018329,High
Slow,0,43,3,3,Time,14,20690924,OK,1.024149208000381,-0.20373953550131324,0.9013287545018329,High
Slow,0,43,3,3,Time,21,20690931,OK,1.5657626669999445,-0.20373953550131324,0.9013287545018329,High
Slow,0,43,3,3,Time,32,20690942,OK,4.676441042000079,-0.20373953550131324,0.9013287545018329,High
Slow,0,43,3,3,Time,47,20690957,OK,1.0677982500001235,-0.20373953550131324,0.9013287545018329,High
Slow,0,43,3,3,Time,91,20691001,OK,1.0839830419999998,-0.20373953550131324,0.9013287545018329,High
Slow,0,43,3,3,Time,100,20691010,OK,0.9881257080005524,-0.20373953550131324,0.9013287545018329,High
