Profile,SMF,L,Metric,N_used,Shapiro_W,Shapiro_p,Skewness,Excess_kurtosis,Normality_at_0.05
Fast,2,32,Quality,100,0.7975692868346667,2.086469302289622e-10,2.1330123777516423,5.7739294574791025,Reject normality
Fast,2,32,Subtours,100,0.3772463357632032,1.162242013700024e-18,6.940462605792533,58.518591802626524,Reject normality
Fast,2,32,Time,100,0.28998911403622185,8.488820442235703e-20,8.094235570645846,73.73506855503581,Reject normality
Fast,2,62,Quality,100,0.9164710557824846,9.190347477316206e-06,0.33525618074729935,-0.45809818617713693,Reject normality
Fast,2,62,Subtours,100,0.5405956768996089,3.6484112343014424e-16,3.4161568708884396,13.577621962238041,Reject normality
Fast,2,62,Time,100,0.6503738988457252,4.3365021271148144e-14,3.0227002318645617,10.304974427522328,Reject normality
Moderate,1,32,Quality,100,0.8655179943877097,4.642818567489399e-08,1.683661710997505,4.343810945488057,Reject normality
Moderate,1,32,Subtours,100,0.40894459564578867,3.2206141319458192e-18,6.208801063177855,47.25150154968779,Reject normality
Moderate,1,32,Time,100,0.30093641551615663,1.1625498638462961e-19,7.827873014977915,69.0700104979042,Reject normality
Moderate,1,62,Quality,100,0.8963405539238487,9.551432363317992e-07,0.8627890843996683,0.49632317506353907,Reject normality
Moderate,1,62,Subtours,100,0.3059790727632639,1.3454390869954547e-19,6.809464431235315,54.27337090726657,Reject normality
Moderate,1,62,Time,100,0.2392679869479359,2.071362550040607e-20,7.992565055186791,71.1046551251843,Reject normality
Moderate,1,160,Quality,93,0.6932845619575606,1.2158840468231371e-12,0.39184978850296304,-1.0256156087440067,Reject normality
Moderate,1,160,Subtours,93,0.127641209621713,5.997227541000715e-21,9.48085393055651,90.83129676226542,Reject normality
Moderate,1,160,Time,93,0.10861793737050449,3.8231952186687585e-21,9.58194696226777,92.18493449682785,Reject normality
Slow,0,32,Quality,100,0.8924391418210008,6.341746590328469e-07,1.013637864344946,0.3481597200958384,Reject normality
Slow,0,32,Subtours,100,0.7910444481331217,1.3266239692079024e-10,1.58312469406695,2.5321893900868435,Reject normality
Slow,0,32,Time,100,0.8180745228041344,9.24791989029688e-10,1.7153920668726366,3.1605698998441953,Reject normality
Slow,0,43,Quality,100,0.7364607478528807,4.16845198600823e-12,2.0676325090585963,4.173268099606951,Reject normality
Slow,0,43,Subtours,100,0.6090437292047592,6.412995039568351e-15,4.32890951904587,27.757941930985822,Reject normality
Slow,0,43,Time,100,0.553384550109318,6.080255759647228e-16,5.189240628087395,37.27312199882402,Reject normality
