Profile,SMF,L,b,Run,Seed,r,s,Status,Quality,Time_s,Wall_time_s,Subtours,Error_type,Error_message,Source
Fast,2,62,12,1,40880911,1,3,OK,-245.0,0.7315852910032845,0.7797612920039683,0,,,baseline_checkpoint
Fast,2,62,12,1,40880911,1,4,OK,-245.0,0.692901792000157,0.7370764999996027,0,,,sensitivity_run
Fast,2,62,12,1,40880911,1,5,OK,-245.0,0.6556920840002931,0.7007811249995939,0,,,sensitivity_run
Fast,2,62,12,1,40880911,2,3,OK,-245.0,0.7468283329999394,0.7915348750002522,0,,,sensitivity_run
Fast,2,62,12,1,40880911,3,3,OK,-245.0,0.7388384580008278,0.7832446659995185,0,,,sensitivity_run
Fast,2,62,12,2,40880912,1,3,OK,-215.0,0.8992880000005243,0.9473762499983422,0,,,baseline_checkpoint
Fast,2,62,12,2,40880912,1,4,OK,-215.0,0.6808562500000335,0.7262058750002325,0,,,sensitivity_run
Fast,2,62,12,2,40880912,1,5,OK,-215.0,0.6139601669992771,0.6586734999991677,0,,,sensitivity_run
Fast,2,62,12,2,40880912,2,3,OK,-265.0,0.9871180419995653,1.031705458000033,1,,,sensitivity_run
Fast,2,62,12,2,40880912,3,3,OK,-265.0,0.9759950839998055,1.0207479999999123,1,,,sensitivity_run
Fast,2,62,12,3,40880913,1,3,OK,-245.0,0.30835716699948534,0.3581357500006561,0,,,baseline_checkpoint
Fast,2,62,12,3,40880913,1,4,OK,-245.0,0.3196062090000851,0.3642865419997179,0,,,sensitivity_run
Fast,2,62,12,3,40880913,1,5,OK,-245.0,0.32158883299962326,0.36584983300053864,0,,,sensitivity_run
Fast,2,62,12,3,40880913,2,3,OK,-280.0,0.9224448750001102,0.9665455829999701,1,,,sensitivity_run
Fast,2,62,12,3,40880913,3,3,OK,-315.0,1.0185916250002265,1.062892416000068,1,,,sensitivity_run
Fast,2,62,12,4,40880914,1,3,OK,-230.0,0.7103866250035935,0.7583942920027766,1,,,baseline_checkpoint
Fast,2,62,12,4,40880914,1,4,OK,-230.0,0.7716013749995909,0.8173877919998631,1,,,sensitivity_run
Fast,2,62,12,4,40880914,1,5,OK,-230.0,0.33840437500020926,0.3838521249999758,0,,,sensitivity_run
Fast,2,62,12,4,40880914,2,3,OK,-250.0,1.2763214590004281,1.3209993340005894,1,,,sensitivity_run
Fast,2,62,12,4,40880914,3,3,OK,-250.0,1.3120828330002041,1.356716208000762,1,,,sensitivity_run
Fast,2,62,12,5,40880915,1,3,OK,-230.0,1.609334166998451,1.658153125004901,2,,,baseline_checkpoint
Fast,2,62,12,5,40880915,1,4,OK,-245.0,0.5842204999999012,0.6290385000002061,0,,,sensitivity_run
Fast,2,62,12,5,40880915,1,5,OK,-245.0,1.6771369580001192,1.7219164170001022,1,,,sensitivity_run
Fast,2,62,12,5,40880915,2,3,OK,-250.0,1.6587765829999626,1.7034910839993245,1,,,sensitivity_run
Fast,2,62,12,5,40880915,3,3,OK,-250.0,1.6507185830005255,1.695001584000238,1,,,sensitivity_run
Fast,2,62,12,6,40880916,1,3,OK,-245.0,0.728838832998008,0.790919582999777,1,,,baseline_checkpoint
Fast,2,62,12,6,40880916,1,4,OK,-245.0,1.501794582999537,1.5470567920001486,1,,,sensitivity_run
Fast,2,62,12,6,40880916,1,5,OK,-245.0,1.7113626250002199,1.755759874999967,1,,,sensitivity_run
Fast,2,62,12,6,40880916,2,3,OK,-280.0,1.1365415840000423,1.18198379200021,1,,,sensitivity_run
Fast,2,62,12,6,40880916,3,3,OK,-280.0,1.1399594169997727,1.1847268749997966,1,,,sensitivity_run
Fast,2,62,12,7,40880917,1,3,OK,-230.0,0.5442535830006818,0.593306582995865,0,,,baseline_checkpoint
Fast,2,62,12,7,40880917,1,4,OK,-230.0,1.2555641250000917,1.3001528330005385,2,,,sensitivity_run
Fast,2,62,12,7,40880917,1,5,OK,-230.0,0.7328176659993915,0.7774035419997745,0,,,sensitivity_run
Fast,2,62,12,7,40880917,2,3,OK,-265.0,3.8692940839991934,3.9142719579995173,8,,,sensitivity_run
Fast,2,62,12,7,40880917,3,3,OK,-265.0,3.8508609999998953,3.8953385410004557,8,,,sensitivity_run
Fast,2,62,12,8,40880918,1,3,OK,-230.0,0.7087968749983702,0.7581030840010499,0,,,baseline_checkpoint
Fast,2,62,12,8,40880918,1,4,OK,-230.0,0.9301988750003147,0.9753105419995336,0,,,sensitivity_run
Fast,2,62,12,8,40880918,1,5,OK,-230.0,0.8938767910003662,0.9389803750000283,0,,,sensitivity_run
Fast,2,62,12,8,40880918,2,3,OK,-265.0,0.5974517079994257,0.6428345000003901,0,,,sensitivity_run
Fast,2,62,12,8,40880918,3,3,OK,-265.0,0.6035360000005312,0.6481292920007036,0,,,sensitivity_run
Fast,2,62,12,9,40880919,1,3,OK,-200.0,0.4596945829980541,0.5080234999986715,0,,,baseline_checkpoint
Fast,2,62,12,9,40880919,1,4,OK,-200.0,0.6204318749996673,0.6654963749997478,0,,,sensitivity_run
Fast,2,62,12,9,40880919,1,5,OK,-200.0,0.6099227089998749,0.6546193329995731,0,,,sensitivity_run
Fast,2,62,12,9,40880919,2,3,OK,-200.0,0.46026904200061836,0.5049680000001899,0,,,sensitivity_run
Fast,2,62,12,9,40880919,3,3,OK,-200.0,0.4678423750001457,0.5130010840002797,0,,,sensitivity_run
Fast,2,62,12,10,40880920,1,3,OK,-200.0,0.6308797080055228,0.6796620829991298,0,,,baseline_checkpoint
Fast,2,62,12,10,40880920,1,4,OK,-200.0,0.589558083999691,0.6472417920003863,0,,,sensitivity_run
Fast,2,62,12,10,40880920,1,5,OK,-200.0,0.5916880830000082,0.6362738339994394,0,,,sensitivity_run
Fast,2,62,12,10,40880920,2,3,OK,-235.0,1.3837989999992715,1.4287932500001261,2,,,sensitivity_run
Fast,2,62,12,10,40880920,3,3,OK,-270.0,0.3996058749999065,0.444565374999911,0,,,sensitivity_run
Fast,2,62,12,11,40880921,1,3,OK,-215.0,2.404556582994701,2.453552833001595,3,,,baseline_checkpoint
Fast,2,62,12,11,40880921,1,4,OK,-230.0,0.5485205420000057,0.6196327499992549,0,,,sensitivity_run
Fast,2,62,12,11,40880921,1,5,OK,-230.0,0.630893040999581,0.6825296670003809,0,,,sensitivity_run
Fast,2,62,12,11,40880921,2,3,OK,-240.0,4.031977374999769,4.07724695899924,5,,,sensitivity_run
Fast,2,62,12,11,40880921,3,3,OK,-240.0,4.045888915999967,4.090403834000426,5,,,sensitivity_run
Fast,2,62,12,12,40880922,1,3,OK,-230.0,0.6901723330011009,0.739243833006185,0,,,baseline_checkpoint
Fast,2,62,12,12,40880922,1,4,OK,-230.0,3.0263506250003047,3.0708886249994976,4,,,sensitivity_run
Fast,2,62,12,12,40880922,1,5,OK,-230.0,2.6318913749992134,2.676780542000415,4,,,sensitivity_run
Fast,2,62,12,12,40880922,2,3,OK,-265.0,1.7443917079999665,1.789633583000068,4,,,sensitivity_run
Fast,2,62,12,12,40880922,3,3,OK,-285.0,0.6051417079997918,0.649725041000238,0,,,sensitivity_run
Fast,2,62,12,13,40880923,1,3,OK,-215.0,0.7452938750066096,0.7940085840018583,0,,,baseline_checkpoint
Fast,2,62,12,13,40880923,1,4,OK,-230.0,0.5650583750002625,0.610020459000225,0,,,sensitivity_run
Fast,2,62,12,13,40880923,1,5,OK,-230.0,1.418682292000085,1.46395370800019,1,,,sensitivity_run
Fast,2,62,12,13,40880923,2,3,OK,-225.0,7.0319622499991965,7.0769268750000265,8,,,sensitivity_run
Fast,2,62,12,13,40880923,3,3,OK,-225.0,7.085603542000172,7.130341791999854,8,,,sensitivity_run
Fast,2,62,12,14,40880924,1,3,OK,-215.0,1.0636292080016574,1.1126733749988489,1,,,baseline_checkpoint
Fast,2,62,12,14,40880924,1,4,OK,-215.0,0.6577581250003277,0.7030191670000931,0,,,sensitivity_run
Fast,2,62,12,14,40880924,1,5,OK,-215.0,0.44143041699953756,0.4862046669995834,0,,,sensitivity_run
Fast,2,62,12,14,40880924,2,3,OK,-250.0,0.6029226669998025,0.6475130829994669,0,,,sensitivity_run
Fast,2,62,12,14,40880924,3,3,OK,-300.0,1.4545892499991169,1.4990766249993612,1,,,sensitivity_run
Fast,2,62,12,15,40880925,1,3,OK,-215.0,1.323969124998257,1.3732367909979075,1,,,baseline_checkpoint
Fast,2,62,12,15,40880925,1,4,OK,-230.0,0.9048286249999364,0.9496298329995625,1,,,sensitivity_run
Fast,2,62,12,15,40880925,1,5,OK,-230.0,1.6245484999999462,1.6693782920001468,2,,,sensitivity_run
Fast,2,62,12,15,40880925,2,3,OK,-250.0,2.3207447909999246,2.3650010000001203,3,,,sensitivity_run
Fast,2,62,12,15,40880925,3,3,OK,-285.0,2.14379850000023,2.1881381249995684,3,,,sensitivity_run
Fast,2,62,12,16,40880926,1,3,OK,-245.0,0.40081266700144624,0.449877999999444,0,,,baseline_checkpoint
Fast,2,62,12,16,40880926,1,4,OK,-245.0,0.4010349159998441,0.445698875000744,0,,,sensitivity_run
Fast,2,62,12,16,40880926,1,5,OK,-245.0,1.5187936669999544,1.5754780420002135,2,,,sensitivity_run
Fast,2,62,12,16,40880926,2,3,OK,-280.0,0.9811131249998652,1.0260636659995725,1,,,sensitivity_run
Fast,2,62,12,16,40880926,3,3,OK,-315.0,0.6863412499997139,0.7317708750006204,0,,,sensitivity_run
Fast,2,62,12,17,40880927,1,3,OK,-215.0,0.8977944579964969,0.9470462499957648,0,,,baseline_checkpoint
Fast,2,62,12,17,40880927,1,4,OK,-215.0,1.912804167000104,1.9579619579999417,2,,,sensitivity_run
Fast,2,62,12,17,40880927,1,5,OK,-215.0,1.660684874999788,1.7052082500003962,1,,,sensitivity_run
Fast,2,62,12,17,40880927,2,3,OK,-265.0,3.4338222080004925,3.4787080830001287,3,,,sensitivity_run
Fast,2,62,12,17,40880927,3,3,OK,-315.0,0.407860499999515,0.4534732910005914,0,,,sensitivity_run
Fast,2,62,12,18,40880928,1,3,OK,-230.0,1.4277632500015898,1.4770066670025699,1,,,baseline_checkpoint
Fast,2,62,12,18,40880928,1,4,OK,-230.0,1.0037125420003576,1.0482162499993137,0,,,sensitivity_run
Fast,2,62,12,18,40880928,1,5,OK,-230.0,0.8626455420007915,0.9101425000008021,0,,,sensitivity_run
Fast,2,62,12,18,40880928,2,3,OK,-265.0,0.6567962090002766,0.7012401659994794,0,,,sensitivity_run
Fast,2,62,12,18,40880928,3,3,OK,-300.0,2.1674654999997074,2.2119308750006894,2,,,sensitivity_run
Fast,2,62,12,19,40880929,1,3,OK,-245.0,0.6557465000005323,0.7042143330036197,0,,,baseline_checkpoint
Fast,2,62,12,19,40880929,1,4,OK,-245.0,2.0172291660001065,2.0611197920006816,2,,,sensitivity_run
Fast,2,62,12,19,40880929,1,5,OK,-245.0,2.0915908340002716,2.1351732499997524,2,,,sensitivity_run
Fast,2,62,12,19,40880929,2,3,OK,-280.0,0.604626957999244,0.6510967499998515,0,,,sensitivity_run
Fast,2,62,12,19,40880929,3,3,OK,-280.0,0.6049737089997507,0.6513820829995893,0,,,sensitivity_run
Fast,2,62,12,20,40880930,1,3,OK,-215.0,1.0312570000023698,1.093436915994971,1,,,baseline_checkpoint
Fast,2,62,12,20,40880930,1,4,OK,-215.0,0.18752820899953804,0.22996108300048945,0,,,sensitivity_run
Fast,2,62,12,20,40880930,1,5,OK,-215.0,0.183432291999452,0.22601945800033718,0,,,sensitivity_run
Fast,2,62,12,20,40880930,2,3,OK,-265.0,1.621155751000515,1.6815138339998157,1,,,sensitivity_run
Fast,2,62,12,20,40880930,3,3,OK,-265.0,1.3761996249995718,1.4262454170002457,1,,,sensitivity_run
Fast,2,62,12,21,40880931,1,3,OK,-245.0,1.333012624992989,1.381961291997868,2,,,baseline_checkpoint
Fast,2,62,12,21,40880931,1,4,OK,-245.0,2.251315208000051,2.29446816699965,2,,,sensitivity_run
Fast,2,62,12,21,40880931,1,5,OK,-245.0,1.2850273330004711,1.3330179579998003,2,,,sensitivity_run
Fast,2,62,12,21,40880931,2,3,OK,-265.0,0.5612447080002312,0.6035692079994988,0,,,sensitivity_run
Fast,2,62,12,21,40880931,3,3,OK,-265.0,0.5589446670001053,0.6033351249998304,0,,,sensitivity_run
Fast,2,62,12,22,40880932,1,3,OK,-215.0,0.7301921670004958,0.7786830830009421,0,,,baseline_checkpoint
Fast,2,62,12,22,40880932,1,4,OK,-215.0,1.5452280420004172,1.5888526250000723,1,,,sensitivity_run
Fast,2,62,12,22,40880932,1,5,OK,-215.0,0.6208497910001824,0.6643488750005417,0,,,sensitivity_run
Fast,2,62,12,22,40880932,2,3,OK,-235.0,1.4489942500003963,1.4925437499996406,1,,,sensitivity_run
Fast,2,62,12,22,40880932,3,3,OK,-235.0,1.4389992500000517,1.4828042080007435,1,,,sensitivity_run
Fast,2,62,12,23,40880933,1,3,OK,-230.0,0.8224118750003981,0.8708489160053432,0,,,baseline_checkpoint
Fast,2,62,12,23,40880933,1,4,OK,-230.0,0.5967782500001704,0.6576594579992161,0,,,sensitivity_run
Fast,2,62,12,23,40880933,1,5,OK,-230.0,1.4593261669997446,1.5030009169995537,1,,,sensitivity_run
Fast,2,62,12,23,40880933,2,3,OK,-265.0,0.7883610000008048,0.8325085839996973,0,,,sensitivity_run
Fast,2,62,12,23,40880933,3,3,OK,-300.0,1.684596292000606,1.7279773330001262,2,,,sensitivity_run
Fast,2,62,12,24,40880934,1,3,OK,-200.0,0.7767572079974343,0.8250148749939399,0,,,baseline_checkpoint
Fast,2,62,12,24,40880934,1,4,OK,-200.0,0.5910505840001861,0.6344697499998802,0,,,sensitivity_run
Fast,2,62,12,24,40880934,1,5,OK,-200.0,0.9694208329992762,1.0146727920000558,0,,,sensitivity_run
Fast,2,62,12,24,40880934,2,3,OK,-250.0,0.5311393339998176,0.5757457910003723,0,,,sensitivity_run
Fast,2,62,12,24,40880934,3,3,OK,-250.0,0.5315701669996997,0.5759494580006503,0,,,sensitivity_run
Fast,2,62,12,25,40880935,1,3,OK,-230.0,1.018645000003744,1.067602832998091,1,,,baseline_checkpoint
Fast,2,62,12,25,40880935,1,4,OK,-230.0,0.5285144580002452,0.5720996250001917,0,,,sensitivity_run
Fast,2,62,12,25,40880935,1,5,OK,-230.0,1.436337499999354,1.481183916000191,1,,,sensitivity_run
Fast,2,62,12,25,40880935,2,3,OK,-265.0,0.6432909579998523,0.6877829579998433,0,,,sensitivity_run
Fast,2,62,12,25,40880935,3,3,OK,-300.0,0.9688537500005623,1.012305582999943,1,,,sensitivity_run
Fast,2,62,12,26,40880936,1,3,OK,-230.0,1.0731446249992587,1.1224541250048787,1,,,baseline_checkpoint
Fast,2,62,12,26,40880936,1,4,OK,-230.0,1.0259563750005327,1.0701247920005699,1,,,sensitivity_run
Fast,2,62,12,26,40880936,1,5,OK,-230.0,0.9577888330004498,1.0015705420000813,1,,,sensitivity_run
Fast,2,62,12,26,40880936,2,3,OK,-265.0,1.760660915999324,1.8044877080001243,3,,,sensitivity_run
Fast,2,62,12,26,40880936,3,3,OK,-265.0,1.71481995799968,1.758444000000054,3,,,sensitivity_run
Fast,2,62,12,27,40880937,1,3,OK,-230.0,1.0244085829981486,1.076009290998627,1,,,baseline_checkpoint
Fast,2,62,12,27,40880937,1,4,OK,-230.0,0.6043023749998611,0.6481945420000557,0,,,sensitivity_run
Fast,2,62,12,27,40880937,1,5,OK,-230.0,0.6529504170002838,0.6972608330006551,0,,,sensitivity_run
Fast,2,62,12,27,40880937,2,3,OK,-250.0,1.9318510000002789,1.975458666999657,2,,,sensitivity_run
Fast,2,62,12,27,40880937,3,3,OK,-250.0,1.8790045830000963,1.92239412500021,2,,,sensitivity_run
Fast,2,62,12,28,40880938,1,3,OK,-230.0,1.2423781249963213,1.2909823340014555,2,,,baseline_checkpoint
Fast,2,62,12,28,40880938,1,4,OK,-230.0,0.7299253329993007,0.7730268340001203,1,,,sensitivity_run
Fast,2,62,12,28,40880938,1,5,OK,-230.0,1.1841474999991988,1.2278834589997132,2,,,sensitivity_run
Fast,2,62,12,28,40880938,2,3,OK,-265.0,1.446563083000001,1.4911725839992869,1,,,sensitivity_run
Fast,2,62,12,28,40880938,3,3,OK,-315.0,0.3626172089998363,0.40664887499951874,0,,,sensitivity_run
Fast,2,62,12,29,40880939,1,3,OK,-215.0,1.5179159170002094,1.5665717079973547,1,,,baseline_checkpoint
Fast,2,62,12,29,40880939,1,4,OK,-215.0,0.750268041999334,0.7939782920002472,0,,,sensitivity_run
Fast,2,62,12,29,40880939,1,5,OK,-215.0,0.5728538749999643,0.616839667000022,0,,,sensitivity_run
Fast,2,62,12,29,40880939,2,3,OK,-265.0,0.9187208329994974,0.9628072089999478,0,,,sensitivity_run
Fast,2,62,12,29,40880939,3,3,OK,-300.0,0.7976367080000273,0.842076167000414,1,,,sensitivity_run
Fast,2,62,12,30,40880940,1,3,OK,-245.0,1.9807324169960339,2.029601874994114,2,,,baseline_checkpoint
Fast,2,62,12,30,40880940,1,4,OK,-245.0,2.042960624999978,2.0867827080001007,2,,,sensitivity_run
Fast,2,62,12,30,40880940,1,5,OK,-245.0,2.06185749999986,2.105627750000167,2,,,sensitivity_run
Fast,2,62,12,30,40880940,2,3,OK,-280.0,1.1541141659999994,1.1977851669998927,0,,,sensitivity_run
Fast,2,62,12,30,40880940,3,3,OK,-315.0,1.5091646669998227,1.5658437500005675,1,,,sensitivity_run
Fast,2,62,12,31,40880941,1,3,OK,-230.0,1.0164294580026763,1.0651894580005319,1,,,baseline_checkpoint
Fast,2,62,12,31,40880941,1,4,OK,-230.0,0.4019520419997207,0.4460737080007675,0,,,sensitivity_run
Fast,2,62,12,31,40880941,1,5,OK,-230.0,0.7997297500005516,0.8448268749998533,1,,,sensitivity_run
Fast,2,62,12,31,40880941,2,3,OK,-265.0,0.7305071249993489,0.7741197919995102,0,,,sensitivity_run
Fast,2,62,12,31,40880941,3,3,OK,-265.0,0.7400937920001525,0.7833129999999073,0,,,sensitivity_run
Fast,2,62,12,32,40880942,1,3,OK,-230.0,0.4858705829974497,0.5348512079945067,0,,,baseline_checkpoint
Fast,2,62,12,32,40880942,1,4,OK,-230.0,1.356332416999976,1.3995478330007245,1,,,sensitivity_run
Fast,2,62,12,32,40880942,1,5,OK,-230.0,1.3371577500001877,1.3806946249997054,1,,,sensitivity_run
Fast,2,62,12,32,40880942,2,3,OK,-265.0,1.7554080840000097,1.7991298749993803,2,,,sensitivity_run
Fast,2,62,12,32,40880942,3,3,OK,-300.0,0.6732198340005198,0.71682279200013,0,,,sensitivity_run
Fast,2,62,12,33,40880943,1,3,OK,-200.0,0.40766316700319294,0.4726489579988993,0,,,baseline_checkpoint
Fast,2,62,12,33,40880943,1,4,OK,-200.0,0.4006083750000471,0.4578488749993994,0,,,sensitivity_run
Fast,2,62,12,33,40880943,1,5,OK,-200.0,0.4031165830001555,0.44740720899972075,0,,,sensitivity_run
Fast,2,62,12,33,40880943,2,3,OK,-235.0,1.1818093749998297,1.2257358750002822,1,,,sensitivity_run
Fast,2,62,12,33,40880943,3,3,OK,-260.0,5.599769374999596,5.644412249999732,6,,,sensitivity_run
Fast,2,62,12,34,40880944,1,3,OK,-230.0,0.34025349999865284,0.3891726669971831,0,,,baseline_checkpoint
Fast,2,62,12,34,40880944,1,4,OK,-245.0,0.6742143749997922,0.7184930829998848,1,,,sensitivity_run
Fast,2,62,12,34,40880944,1,5,OK,-245.0,0.6693990410003607,0.7135027079993961,1,,,sensitivity_run
Fast,2,62,12,34,40880944,2,3,OK,-265.0,1.0852765829995406,1.1288075839993326,1,,,sensitivity_run
Fast,2,62,12,34,40880944,3,3,OK,-285.0,2.632272834000105,2.6760597079992294,2,,,sensitivity_run
Fast,2,62,12,35,40880945,1,3,OK,-215.0,1.0235671250047744,1.0721179579995805,2,,,baseline_checkpoint
Fast,2,62,12,35,40880945,1,4,OK,-215.0,0.860887666999588,0.904854333000003,1,,,sensitivity_run
Fast,2,62,12,35,40880945,1,5,OK,-215.0,0.8870581670007596,0.9312080409999908,2,,,sensitivity_run
Fast,2,62,12,35,40880945,2,3,OK,-265.0,0.7236988750000819,0.7683785420003915,0,,,sensitivity_run
Fast,2,62,12,35,40880945,3,3,OK,-265.0,0.7291108750005151,0.7743307500004448,0,,,sensitivity_run
Fast,2,62,12,36,40880946,1,3,OK,-200.0,5.089437457994791,5.137621333000425,10,,,baseline_checkpoint
Fast,2,62,12,36,40880946,1,4,OK,-230.0,0.3953952500005471,0.45401487500021176,0,,,sensitivity_run
Fast,2,62,12,36,40880946,1,5,OK,-230.0,1.1517161249994388,1.1956433750001452,1,,,sensitivity_run
Fast,2,62,12,36,40880946,2,3,OK,-200.0,5.070879000000787,5.11558283300019,10,,,sensitivity_run
Fast,2,62,12,36,40880946,3,3,OK,-200.0,5.102587082999889,5.14667583299979,10,,,sensitivity_run
Fast,2,62,12,37,40880947,1,3,OK,-245.0,0.905244000001403,0.9537987920048181,1,,,baseline_checkpoint
Fast,2,62,12,37,40880947,1,4,OK,-245.0,1.4457412920000934,1.49019379100082,2,,,sensitivity_run
Fast,2,62,12,37,40880947,1,5,OK,-245.0,0.6549073750002208,0.6993378330007545,0,,,sensitivity_run
Fast,2,62,12,37,40880947,2,3,OK,-280.0,1.016542166000363,1.060221208999792,1,,,sensitivity_run
Fast,2,62,12,37,40880947,3,3,OK,-315.0,1.1321668330001557,1.1763172080000004,2,,,sensitivity_run
Fast,2,62,12,38,40880948,1,3,OK,-215.0,0.5381314999976894,0.5864489579980727,0,,,baseline_checkpoint
Fast,2,62,12,38,40880948,1,4,OK,-215.0,0.6227999580005417,0.6666070829996897,0,,,sensitivity_run
Fast,2,62,12,38,40880948,1,5,OK,-215.0,0.4841892080003163,0.5283884170003148,0,,,sensitivity_run
Fast,2,62,12,38,40880948,2,3,OK,-215.0,0.5444146250001722,0.5899451250006678,0,,,sensitivity_run
Fast,2,62,12,38,40880948,3,3,OK,-215.0,0.5405582919993321,0.5842108750002808,0,,,sensitivity_run
Fast,2,62,12,39,40880949,1,3,OK,-205.0,1.0759795000049053,1.1241007080025156,1,,,baseline_checkpoint
Fast,2,62,12,39,40880949,1,4,OK,-205.0,0.7270577919998686,0.7717649169999277,0,,,sensitivity_run
Fast,2,62,12,39,40880949,1,5,OK,-205.0,1.072328582999944,1.1168343750005079,1,,,sensitivity_run
Fast,2,62,12,39,40880949,2,3,OK,-240.0,3.282635083999594,3.3277356250000594,4,,,sensitivity_run
Fast,2,62,12,39,40880949,3,3,OK,-240.0,3.3561232920001203,3.4013777079999272,4,,,sensitivity_run
Fast,2,62,12,40,40880950,1,3,OK,-200.0,0.6511209579985007,0.7001044999997248,0,,,baseline_checkpoint
Fast,2,62,12,40,40880950,1,4,OK,-200.0,0.6965697089999594,0.7409667910005737,0,,,sensitivity_run
Fast,2,62,12,40,40880950,1,5,OK,-200.0,0.5828426660000332,0.6273170419999587,0,,,sensitivity_run
Fast,2,62,12,40,40880950,2,3,OK,-200.0,0.6522006250006598,0.6974087090002286,0,,,sensitivity_run
Fast,2,62,12,40,40880950,3,3,OK,-200.0,0.6516542910003409,0.6962426659993071,0,,,sensitivity_run
Fast,2,62,12,41,40880951,1,3,OK,-245.0,1.517413082998246,1.5660538750016713,1,,,baseline_checkpoint
Fast,2,62,12,41,40880951,1,4,OK,-245.0,0.36886224999943806,0.4136698749998686,0,,,sensitivity_run
Fast,2,62,12,41,40880951,1,5,OK,-245.0,0.36569041700022353,0.40904054199927486,0,,,sensitivity_run
Fast,2,62,12,41,40880951,2,3,OK,-280.0,1.0456039579994467,1.0897482079999463,0,,,sensitivity_run
Fast,2,62,12,41,40880951,3,3,OK,-315.0,0.6412795839996761,0.6863088330001119,0,,,sensitivity_run
Fast,2,62,12,42,40880952,1,3,OK,-215.0,0.3723421250033425,0.42155691699736053,0,,,baseline_checkpoint
Fast,2,62,12,42,40880952,1,4,OK,-215.0,0.4638150830005543,0.5076494999993884,0,,,sensitivity_run
Fast,2,62,12,42,40880952,1,5,OK,-215.0,0.5480365419998634,0.5923505410000871,0,,,sensitivity_run
Fast,2,62,12,42,40880952,2,3,OK,-215.0,0.3790684579998924,0.4235361670007478,0,,,sensitivity_run
Fast,2,62,12,42,40880952,3,3,OK,-215.0,0.36766404199988756,0.4115707079999993,0,,,sensitivity_run
Fast,2,62,12,43,40880953,1,3,OK,-215.0,1.1289532910013804,1.1772198750040843,1,,,baseline_checkpoint
Fast,2,62,12,43,40880953,1,4,OK,-230.0,1.6086227080004392,1.6659683339994444,3,,,sensitivity_run
Fast,2,62,12,43,40880953,1,5,OK,-230.0,0.8090015000007043,0.8538033330005419,1,,,sensitivity_run
Fast,2,62,12,43,40880953,2,3,OK,-215.0,1.1325159170000916,1.1776577919999909,1,,,sensitivity_run
Fast,2,62,12,43,40880953,3,3,OK,-215.0,1.1325372910005171,1.176524834000702,1,,,sensitivity_run
Fast,2,62,12,44,40880954,1,3,OK,-245.0,1.4115337080002064,1.4604093750022002,2,,,baseline_checkpoint
Fast,2,62,12,44,40880954,1,4,OK,-245.0,1.0172597909995602,1.061583167000208,1,,,sensitivity_run
Fast,2,62,12,44,40880954,1,5,OK,-245.0,1.0498932919999788,1.093558167000083,1,,,sensitivity_run
Fast,2,62,12,44,40880954,2,3,OK,-280.0,0.7100310000005265,0.755145750000338,1,,,sensitivity_run
Fast,2,62,12,44,40880954,3,3,OK,-280.0,0.6753816669997832,0.7194746670002132,1,,,sensitivity_run
Fast,2,62,12,45,40880955,1,3,OK,-200.0,1.1344624999983353,1.1829032500027097,0,,,baseline_checkpoint
Fast,2,62,12,45,40880955,1,4,OK,-200.0,1.2396926249994067,1.2844285000001037,0,,,sensitivity_run
Fast,2,62,12,45,40880955,1,5,OK,-200.0,4.744871583000531,4.789550083999529,4,,,sensitivity_run
Fast,2,62,12,45,40880955,2,3,OK,-235.0,1.9954003749999174,2.0395917079995343,2,,,sensitivity_run
Fast,2,62,12,45,40880955,3,3,OK,-235.0,2.048348082999837,2.0919080829999075,2,,,sensitivity_run
Fast,2,62,12,46,40880956,1,3,OK,-215.0,0.9477136659988901,0.9970463340068818,1,,,baseline_checkpoint
Fast,2,62,12,46,40880956,1,4,OK,-215.0,0.3381370840006639,0.38238333299977967,0,,,sensitivity_run
Fast,2,62,12,46,40880956,1,5,OK,-215.0,0.3405631249997896,0.39609804100018664,0,,,sensitivity_run
Fast,2,62,12,46,40880956,2,3,OK,-265.0,0.3373185829996146,0.41302933399947506,0,,,sensitivity_run
Fast,2,62,12,46,40880956,3,3,OK,-315.0,1.0375721250002243,1.0815672090002408,2,,,sensitivity_run
Fast,2,62,12,47,40880957,1,3,OK,-215.0,0.5580218339964631,0.606413125002291,0,,,baseline_checkpoint
Fast,2,62,12,47,40880957,1,4,OK,-215.0,0.5894494160002068,0.6334995419992993,0,,,sensitivity_run
Fast,2,62,12,47,40880957,1,5,OK,-215.0,0.5044547090001288,0.5480701670003327,0,,,sensitivity_run
Fast,2,62,12,47,40880957,2,3,OK,-265.0,0.3730334580004637,0.4175591249995705,0,,,sensitivity_run
Fast,2,62,12,47,40880957,3,3,OK,-315.0,0.7291153329997542,0.7730151659998228,1,,,sensitivity_run
Fast,2,62,12,48,40880958,1,3,OK,-175.0,0.9013297080018674,0.9500247079995461,0,,,baseline_checkpoint
Fast,2,62,12,48,40880958,1,4,OK,-200.0,1.308774000000085,1.3523174160000053,1,,,sensitivity_run
Fast,2,62,12,48,40880958,1,5,OK,-200.0,1.1537243749999107,1.19772012500016,1,,,sensitivity_run
Fast,2,62,12,48,40880958,2,3,OK,-175.0,0.8986996670000735,0.9715512080001645,0,,,sensitivity_run
Fast,2,62,12,48,40880958,3,3,OK,-175.0,0.8999326249995647,0.944560332999572,0,,,sensitivity_run
Fast,2,62,12,49,40880959,1,3,OK,-245.0,0.7106844170048134,0.7600542080035666,0,,,baseline_checkpoint
Fast,2,62,12,49,40880959,1,4,OK,-245.0,0.8712260829997831,0.9157517080002435,0,,,sensitivity_run
Fast,2,62,12,49,40880959,1,5,OK,-245.0,2.763148375000128,2.8063988330004577,2,,,sensitivity_run
Fast,2,62,12,49,40880959,2,3,OK,-280.0,0.6225265829998534,0.6664077079994968,0,,,sensitivity_run
Fast,2,62,12,49,40880959,3,3,OK,-315.0,1.0860430420007106,1.1302941659996577,1,,,sensitivity_run
Fast,2,62,12,50,40880960,1,3,OK,-190.0,4.236170458003471,4.2852000830025645,5,,,baseline_checkpoint
Fast,2,62,12,50,40880960,1,4,OK,-190.0,11.362451208000493,11.40660433300036,13,,,sensitivity_run
Fast,2,62,12,50,40880960,1,5,OK,-190.0,10.745034207999197,10.789924542000335,12,,,sensitivity_run
Fast,2,62,12,50,40880960,2,3,OK,-240.0,11.418785541000034,11.462475000000268,25,,,sensitivity_run
Fast,2,62,12,50,40880960,3,3,OK,-240.0,11.420321833999878,11.489218458999858,25,,,sensitivity_run
Fast,2,62,12,51,40880961,1,3,OK,-230.0,0.6098911670051166,0.659237291001773,0,,,baseline_checkpoint
Fast,2,62,12,51,40880961,1,4,OK,-230.0,2.303515417000199,2.3495466249996753,3,,,sensitivity_run
Fast,2,62,12,51,40880961,1,5,OK,-230.0,1.8049193750002814,1.8822427499999321,2,,,sensitivity_run
Fast,2,62,12,51,40880961,2,3,OK,-250.0,5.183382291000271,5.229088541999772,6,,,sensitivity_run
Fast,2,62,12,51,40880961,3,3,OK,-250.0,5.196641417000137,5.241364915999839,6,,,sensitivity_run
Fast,2,62,12,52,40880962,1,3,OK,-230.0,0.4786262919951696,0.5495564169978024,0,,,baseline_checkpoint
Fast,2,62,12,52,40880962,1,4,OK,-230.0,0.4739666249997754,0.5184346670002924,0,,,sensitivity_run
Fast,2,62,12,52,40880962,1,5,OK,-230.0,0.48872491600013745,0.5341014169998743,0,,,sensitivity_run
Fast,2,62,12,52,40880962,2,3,OK,-250.0,4.2551422919996185,4.29927433299963,5,,,sensitivity_run
Fast,2,62,12,52,40880962,3,3,OK,-250.0,4.249241999999867,4.292945707999934,5,,,sensitivity_run
Fast,2,62,12,53,40880963,1,3,OK,-230.0,0.848726500000339,0.897178499995789,0,,,baseline_checkpoint
Fast,2,62,12,53,40880963,1,4,OK,-230.0,0.5761866670000018,0.6203224170003523,0,,,sensitivity_run
Fast,2,62,12,53,40880963,1,5,OK,-230.0,0.8287260000006427,0.8750662089996695,0,,,sensitivity_run
Fast,2,62,12,53,40880963,2,3,OK,-265.0,0.45369387499977165,0.4983349169997382,0,,,sensitivity_run
Fast,2,62,12,53,40880963,3,3,OK,-265.0,0.45221337500061054,0.49600262500007375,0,,,sensitivity_run
Fast,2,62,12,54,40880964,1,3,OK,-215.0,0.7511142500006827,0.799761166999815,0,,,baseline_checkpoint
Fast,2,62,12,54,40880964,1,4,OK,-230.0,0.45655100000021775,0.5009956249996321,0,,,sensitivity_run
Fast,2,62,12,54,40880964,1,5,OK,-230.0,0.5564934170006381,0.6008324159993208,0,,,sensitivity_run
Fast,2,62,12,54,40880964,2,3,OK,-235.0,0.6386425419996158,0.6832849579996036,0,,,sensitivity_run
Fast,2,62,12,54,40880964,3,3,OK,-235.0,0.6360034999997879,0.6799909999999727,0,,,sensitivity_run
Fast,2,62,12,55,40880965,1,3,OK,-215.0,0.40045562500017695,0.44940937500359723,0,,,baseline_checkpoint
Fast,2,62,12,55,40880965,1,4,OK,-215.0,0.39911866700003884,0.4432307500001116,0,,,sensitivity_run
Fast,2,62,12,55,40880965,1,5,OK,-215.0,0.4031981670004825,0.44712349999917933,0,,,sensitivity_run
Fast,2,62,12,55,40880965,2,3,OK,-250.0,1.3614103749996502,1.4183982089998608,1,,,sensitivity_run
Fast,2,62,12,55,40880965,3,3,OK,-285.0,1.9204533749998518,1.9645245419997082,3,,,sensitivity_run
Fast,2,62,12,56,40880966,1,3,OK,-245.0,0.8145044999982929,0.8633561250026105,1,,,baseline_checkpoint
Fast,2,62,12,56,40880966,1,4,OK,-245.0,1.2242088749999311,1.2691172089998872,1,,,sensitivity_run
Fast,2,62,12,56,40880966,1,5,OK,-245.0,0.8741361249994952,0.9181519580006352,1,,,sensitivity_run
Fast,2,62,12,56,40880966,2,3,OK,-280.0,0.8066516669996417,0.8513867920000848,1,,,sensitivity_run
Fast,2,62,12,56,40880966,3,3,OK,-315.0,1.5094520000002376,1.553514666999945,1,,,sensitivity_run
Fast,2,62,12,57,40880967,1,3,OK,-215.0,1.226047166994249,1.2742701660026796,2,,,baseline_checkpoint
Fast,2,62,12,57,40880967,1,4,OK,-215.0,1.958984999999302,2.0030517089999194,3,,,sensitivity_run
Fast,2,62,12,57,40880967,1,5,OK,-215.0,1.9377833750004356,1.981902416999219,3,,,sensitivity_run
Fast,2,62,12,57,40880967,2,3,OK,-215.0,1.2158249580006668,1.2598121250002805,2,,,sensitivity_run
Fast,2,62,12,57,40880967,3,3,OK,-215.0,1.212886250000338,1.2569000000003143,2,,,sensitivity_run
Fast,2,62,12,58,40880968,1,3,OK,-215.0,0.6948655409942148,0.7434912079988862,0,,,baseline_checkpoint
Fast,2,62,12,58,40880968,1,4,OK,-215.0,0.45225195799957874,0.49676095900031214,0,,,sensitivity_run
Fast,2,62,12,58,40880968,1,5,OK,-215.0,0.4480852500000765,0.49198537500069506,0,,,sensitivity_run
Fast,2,62,12,58,40880968,2,3,OK,-265.0,1.2685587910000322,1.3127897499998653,1,,,sensitivity_run
Fast,2,62,12,58,40880968,3,3,OK,-315.0,0.3299120829997264,0.3867432500001087,0,,,sensitivity_run
Fast,2,62,12,59,40880969,1,3,OK,-200.0,0.8678255420018104,0.9168952079999144,0,,,baseline_checkpoint
Fast,2,62,12,59,40880969,1,4,OK,-215.0,1.6906823330000407,1.7353618329998426,1,,,sensitivity_run
Fast,2,62,12,59,40880969,1,5,OK,-215.0,2.4944419160001416,2.538816749999569,2,,,sensitivity_run
Fast,2,62,12,59,40880969,2,3,OK,-240.0,1.4336117910006578,1.5031868750002104,1,,,sensitivity_run
Fast,2,62,12,59,40880969,3,3,OK,-285.0,0.676300999999512,0.7203410410002107,0,,,sensitivity_run
Fast,2,62,12,60,40880970,1,3,OK,-215.0,0.5782137499991222,0.6416012080007931,0,,,baseline_checkpoint
Fast,2,62,12,60,40880970,1,4,OK,-230.0,0.6847513330003494,0.7287336250001317,0,,,sensitivity_run
Fast,2,62,12,60,40880970,1,5,OK,-230.0,0.8610700420003923,0.906779624999217,0,,,sensitivity_run
Fast,2,62,12,60,40880970,2,3,OK,-215.0,0.582361249999849,0.6570897920000789,0,,,sensitivity_run
Fast,2,62,12,60,40880970,3,3,OK,-215.0,0.5780887089995304,0.6223813750002591,0,,,sensitivity_run
Fast,2,62,12,61,40880971,1,3,OK,-215.0,0.40338366699870676,0.4511996250002994,0,,,baseline_checkpoint
Fast,2,62,12,61,40880971,1,4,OK,-215.0,0.328302125000846,0.37269083299997874,0,,,sensitivity_run
Fast,2,62,12,61,40880971,1,5,OK,-215.0,1.868444042000192,1.9253048330001548,3,,,sensitivity_run
Fast,2,62,12,61,40880971,2,3,OK,-265.0,0.463548582999465,0.5166964580002968,0,,,sensitivity_run
Fast,2,62,12,61,40880971,3,3,OK,-265.0,0.47278479199940193,0.5172713749998366,0,,,sensitivity_run
Fast,2,62,12,62,40880972,1,3,OK,-245.0,0.677389292002772,0.7253270000001066,0,,,baseline_checkpoint
Fast,2,62,12,62,40880972,1,4,OK,-245.0,0.9621837499998946,1.006312374999652,1,,,sensitivity_run
Fast,2,62,12,62,40880972,1,5,OK,-245.0,0.8817914589999418,0.9263831670004947,1,,,sensitivity_run
Fast,2,62,12,62,40880972,2,3,OK,-280.0,0.36914887500006444,0.4142844999996669,0,,,sensitivity_run
Fast,2,62,12,62,40880972,3,3,OK,-280.0,0.36557791599989287,0.41034558299998025,0,,,sensitivity_run
Fast,2,62,12,63,40880973,1,3,OK,-185.0,1.1681170829979237,1.2164328750004643,1,,,baseline_checkpoint
Fast,2,62,12,63,40880973,1,4,OK,-185.0,1.127954834000775,1.1724395419996654,1,,,sensitivity_run
Fast,2,62,12,63,40880973,1,5,OK,-185.0,1.1402763749993028,1.1848964170003455,1,,,sensitivity_run
Fast,2,62,12,63,40880973,2,3,OK,-235.0,0.4044424580006307,0.4492865829997754,0,,,sensitivity_run
Fast,2,62,12,63,40880973,3,3,OK,-235.0,0.4132139590001316,0.4571189170001162,0,,,sensitivity_run
Fast,2,62,12,64,40880974,1,3,OK,-215.0,0.3710077080031624,0.4191977919981582,0,,,baseline_checkpoint
Fast,2,62,12,64,40880974,1,4,OK,-215.0,0.4195075829993584,0.4640355000001364,0,,,sensitivity_run
Fast,2,62,12,64,40880974,1,5,OK,-215.0,0.37145875000078377,0.4165112910004609,0,,,sensitivity_run
Fast,2,62,12,64,40880974,2,3,OK,-250.0,0.8272517499999594,0.8717716659994039,1,,,sensitivity_run
Fast,2,62,12,64,40880974,3,3,OK,-285.0,0.7310678750000079,0.7756794580000133,2,,,sensitivity_run
Fast,2,62,12,65,40880975,1,3,OK,-230.0,0.33761637499992503,0.38633179199678125,0,,,baseline_checkpoint
Fast,2,62,12,65,40880975,1,4,OK,-230.0,0.3436562919996504,0.38748204199964675,0,,,sensitivity_run
Fast,2,62,12,65,40880975,1,5,OK,-230.0,0.3782968340001389,0.42241254200052936,0,,,sensitivity_run
Fast,2,62,12,65,40880975,2,3,OK,-265.0,0.7181077080003888,0.762024915999973,0,,,sensitivity_run
Fast,2,62,12,65,40880975,3,3,OK,-265.0,0.7146149580003112,0.7715251659992646,0,,,sensitivity_run
Fast,2,62,12,66,40880976,1,3,OK,-245.0,0.6007169590011472,0.6492135419975966,0,,,baseline_checkpoint
Fast,2,62,12,66,40880976,1,4,OK,-245.0,0.7030472500000542,0.7467610000003333,0,,,sensitivity_run
Fast,2,62,12,66,40880976,1,5,OK,-245.0,0.6494872499997655,0.6937624590000269,0,,,sensitivity_run
Fast,2,62,12,66,40880976,2,3,OK,-245.0,0.6030214169995816,0.6471447499998249,0,,,sensitivity_run
Fast,2,62,12,66,40880976,3,3,OK,-245.0,0.6034876670000813,0.6479717920001349,0,,,sensitivity_run
Fast,2,62,12,67,40880977,1,3,OK,-245.0,0.4122935420018621,0.4609237909971853,0,,,baseline_checkpoint
Fast,2,62,12,67,40880977,1,4,OK,-245.0,0.7436682910001764,0.7881508330001452,0,,,sensitivity_run
Fast,2,62,12,67,40880977,1,5,OK,-245.0,0.8084559590006393,0.8519296659997053,0,,,sensitivity_run
Fast,2,62,12,67,40880977,2,3,OK,-280.0,0.397093374999713,0.4413781250004831,0,,,sensitivity_run
Fast,2,62,12,67,40880977,3,3,OK,-280.0,0.3959150419996149,0.44020829200053413,0,,,sensitivity_run
Fast,2,62,12,68,40880978,1,3,OK,-230.0,1.1658948749973206,1.2144669589979458,1,,,baseline_checkpoint
Fast,2,62,12,68,40880978,1,4,OK,-230.0,0.4977171250002357,0.5425925829995322,0,,,sensitivity_run
Fast,2,62,12,68,40880978,1,5,OK,-230.0,1.1271621249998134,1.1708965829993758,1,,,sensitivity_run
Fast,2,62,12,68,40880978,2,3,OK,-265.0,0.7564611249999871,0.8000768340007198,1,,,sensitivity_run
Fast,2,62,12,68,40880978,3,3,OK,-265.0,0.7627374590001637,0.8071074999998018,1,,,sensitivity_run
Fast,2,62,12,69,40880979,1,3,OK,-230.0,1.2382979160029208,1.3124543749945587,1,,,baseline_checkpoint
Fast,2,62,12,69,40880979,1,4,OK,-230.0,1.2398306250006499,1.2846339170000647,1,,,sensitivity_run
Fast,2,62,12,69,40880979,1,5,OK,-230.0,1.2236650840004586,1.2686397909992593,1,,,sensitivity_run
Fast,2,62,12,69,40880979,2,3,OK,-265.0,1.6183324590001575,1.6625377919999664,1,,,sensitivity_run
Fast,2,62,12,69,40880979,3,3,OK,-315.0,0.7917762920005771,0.8355182089999289,1,,,sensitivity_run
Fast,2,62,12,70,40880980,1,3,OK,-230.0,0.5299280830004136,0.5786636249977164,0,,,baseline_checkpoint
Fast,2,62,12,70,40880980,1,4,OK,-230.0,0.8009533750000628,0.8455671669998992,1,,,sensitivity_run
Fast,2,62,12,70,40880980,1,5,OK,-230.0,0.7959486250001646,0.8402032080002755,1,,,sensitivity_run
Fast,2,62,12,70,40880980,2,3,OK,-230.0,0.5313772909994441,0.5759756669995113,0,,,sensitivity_run
Fast,2,62,12,70,40880980,3,3,OK,-230.0,0.5303228330003549,0.6025612910007112,0,,,sensitivity_run
Fast,2,62,12,71,40880981,1,3,OK,-200.0,0.8556799579964718,0.9037936670065392,0,,,baseline_checkpoint
Fast,2,62,12,71,40880981,1,4,OK,-230.0,0.3699257079997551,0.41433354199944006,0,,,sensitivity_run
Fast,2,62,12,71,40880981,1,5,OK,-230.0,0.7735724590002064,0.8183077499998035,0,,,sensitivity_run
Fast,2,62,12,71,40880981,2,3,OK,-210.0,3.9861736659995586,4.03107508299945,5,,,sensitivity_run
Fast,2,62,12,71,40880981,3,3,OK,-210.0,4.025245208000342,4.069319582999924,5,,,sensitivity_run
Fast,2,62,12,72,40880982,1,3,OK,-230.0,0.9043145420000656,0.9527317920001224,0,,,baseline_checkpoint
Fast,2,62,12,72,40880982,1,4,OK,-230.0,0.9137177499997051,0.9585732499999722,0,,,sensitivity_run
Fast,2,62,12,72,40880982,1,5,OK,-230.0,0.7079446249999819,0.7526950829997077,0,,,sensitivity_run
Fast,2,62,12,72,40880982,2,3,OK,-230.0,6.5431274580005265,6.587570791999497,8,,,sensitivity_run
Fast,2,62,12,72,40880982,3,3,OK,-230.0,6.548939459000394,6.594133333000173,8,,,sensitivity_run
Fast,2,62,12,73,40880983,1,3,OK,-245.0,0.7932352089992492,0.8421822090022033,1,,,baseline_checkpoint
Fast,2,62,12,73,40880983,1,4,OK,-245.0,1.2750248749998718,1.3193124580002404,1,,,sensitivity_run
Fast,2,62,12,73,40880983,1,5,OK,-245.0,0.9908693329998641,1.0351560419994712,1,,,sensitivity_run
Fast,2,62,12,73,40880983,2,3,OK,-280.0,1.144230707999668,1.1886992500003544,1,,,sensitivity_run
Fast,2,62,12,73,40880983,3,3,OK,-280.0,1.1861472079999658,1.2312147500006176,1,,,sensitivity_run
Fast,2,62,12,74,40880984,1,3,OK,-190.0,0.5392752499974449,0.5879772909975145,0,,,baseline_checkpoint
Fast,2,62,12,74,40880984,1,4,OK,-215.0,0.549218416000258,0.5950452919996678,0,,,sensitivity_run
Fast,2,62,12,74,40880984,1,5,OK,-230.0,0.8797982500000217,0.9244644580003296,0,,,sensitivity_run
Fast,2,62,12,74,40880984,2,3,OK,-190.0,0.5210910410005454,0.5655506249995597,0,,,sensitivity_run
Fast,2,62,12,74,40880984,3,3,OK,-190.0,0.5194472920002227,0.5646389170005932,0,,,sensitivity_run
Fast,2,62,12,75,40880985,1,3,OK,-230.0,0.5286720829972182,0.5775467079947703,0,,,baseline_checkpoint
Fast,2,62,12,75,40880985,1,4,OK,-230.0,0.7090056249999179,0.7527192919997105,0,,,sensitivity_run
Fast,2,62,12,75,40880985,1,5,OK,-230.0,0.9083239589999721,0.9525645419998909,0,,,sensitivity_run
Fast,2,62,12,75,40880985,2,3,OK,-265.0,0.80488695799977,0.8491686249999475,0,,,sensitivity_run
Fast,2,62,12,75,40880985,3,3,OK,-265.0,0.7874688749998313,0.8440860410000823,0,,,sensitivity_run
Fast,2,62,12,76,40880986,1,3,OK,-230.0,0.5045593329996336,0.5534320000006119,0,,,baseline_checkpoint
Fast,2,62,12,76,40880986,1,4,OK,-230.0,0.8105541670001912,0.8547055419994649,0,,,sensitivity_run
Fast,2,62,12,76,40880986,1,5,OK,-230.0,0.7378461660000539,0.7822206250002637,0,,,sensitivity_run
Fast,2,62,12,76,40880986,2,3,OK,-265.0,0.49064891599937255,0.5344946670002173,0,,,sensitivity_run
Fast,2,62,12,76,40880986,3,3,OK,-265.0,0.4957275419992584,0.5407356670002628,0,,,sensitivity_run
Fast,2,62,12,77,40880987,1,3,OK,-200.0,4.8822773749998305,4.93177999999898,7,,,baseline_checkpoint
Fast,2,62,12,77,40880987,1,4,OK,-230.0,0.37649525000051653,0.4201574580001761,0,,,sensitivity_run
Fast,2,62,12,77,40880987,1,5,OK,-230.0,0.41457625000020926,0.45910237499992945,0,,,sensitivity_run
Fast,2,62,12,77,40880987,2,3,OK,-225.0,5.385308999999324,5.429936333000114,7,,,sensitivity_run
Fast,2,62,12,77,40880987,3,3,OK,-225.0,5.100254500000119,5.144686000000547,7,,,sensitivity_run
Fast,2,62,12,78,40880988,1,3,OK,-230.0,1.7071897499990882,1.7563313749997178,2,,,baseline_checkpoint
Fast,2,62,12,78,40880988,1,4,OK,-230.0,0.6506101670001954,0.6948460409994368,0,,,sensitivity_run
Fast,2,62,12,78,40880988,1,5,OK,-230.0,0.7555458329998146,0.7990315839997493,0,,,sensitivity_run
Fast,2,62,12,78,40880988,2,3,OK,-265.0,1.8056109999997716,1.879403082999488,2,,,sensitivity_run
Fast,2,62,12,78,40880988,3,3,OK,-300.0,0.651878458000283,0.6959158750005372,0,,,sensitivity_run
Fast,2,62,12,79,40880989,1,3,OK,-215.0,0.3842442500026664,0.43273100000078557,0,,,baseline_checkpoint
Fast,2,62,12,79,40880989,1,4,OK,-215.0,0.6341286670003683,0.6779924579996077,0,,,sensitivity_run
Fast,2,62,12,79,40880989,1,5,OK,-215.0,0.38642224999966857,0.43069283299973904,0,,,sensitivity_run
Fast,2,62,12,79,40880989,2,3,OK,-235.0,1.5957738329998392,1.6400069999999687,2,,,sensitivity_run
Fast,2,62,12,79,40880989,3,3,OK,-235.0,1.6369803750003484,1.6815757080003095,2,,,sensitivity_run
Fast,2,62,12,80,40880990,1,3,OK,-215.0,0.7318881669998518,0.7817056669955491,0,,,baseline_checkpoint
Fast,2,62,12,80,40880990,1,4,OK,-215.0,0.6136958749993937,0.6574540840001646,0,,,sensitivity_run
Fast,2,62,12,80,40880990,1,5,OK,-215.0,0.5769102909998765,0.6207571249997272,0,,,sensitivity_run
Fast,2,62,12,80,40880990,2,3,OK,-265.0,2.32631979100006,2.3703773750003165,2,,,sensitivity_run
Fast,2,62,12,80,40880990,3,3,OK,-300.0,0.9466713749998235,0.9902850409998791,1,,,sensitivity_run
Fast,2,62,12,81,40880991,1,3,OK,-245.0,0.48962112500157673,0.5381539160007378,0,,,baseline_checkpoint
Fast,2,62,12,81,40880991,1,4,OK,-245.0,1.6623310420000053,1.705838999999287,2,,,sensitivity_run
Fast,2,62,12,81,40880991,1,5,OK,-245.0,1.6563743329998033,1.7250559160002013,2,,,sensitivity_run
Fast,2,62,12,81,40880991,2,3,OK,-280.0,1.5492393330005143,1.5933000839995657,2,,,sensitivity_run
Fast,2,62,12,81,40880991,3,3,OK,-315.0,1.3376311660003921,1.3813658750004834,1,,,sensitivity_run
Fast,2,62,12,82,40880992,1,3,OK,-200.0,1.4921927499963203,1.5408945420058444,1,,,baseline_checkpoint
Fast,2,62,12,82,40880992,1,4,OK,-200.0,1.2874126659999092,1.3322826670000723,1,,,sensitivity_run
Fast,2,62,12,82,40880992,1,5,OK,-200.0,1.3129107920003662,1.3570410419997643,1,,,sensitivity_run
Fast,2,62,12,82,40880992,2,3,OK,-235.0,1.3430438750001485,1.3992738340002688,1,,,sensitivity_run
Fast,2,62,12,82,40880992,3,3,OK,-285.0,0.7804595839998001,0.8252833750002537,0,,,sensitivity_run
Fast,2,62,12,83,40880993,1,3,OK,-230.0,0.34191529199597426,0.39067666699702386,0,,,baseline_checkpoint
Fast,2,62,12,83,40880993,1,4,OK,-230.0,0.3398737910001728,0.3841711249997388,0,,,sensitivity_run
Fast,2,62,12,83,40880993,1,5,OK,-230.0,0.5324739170000612,0.5771025840003858,0,,,sensitivity_run
Fast,2,62,12,83,40880993,2,3,OK,-250.0,1.4088332080000328,1.452860375000455,2,,,sensitivity_run
Fast,2,62,12,83,40880993,3,3,OK,-250.0,1.4019641249997221,1.4460173750003378,2,,,sensitivity_run
Fast,2,62,12,84,40880994,1,3,OK,-185.0,0.8405498749998515,0.8901987920035026,0,,,baseline_checkpoint
Fast,2,62,12,84,40880994,1,4,OK,-185.0,1.250527250000232,1.2953019589995165,1,,,sensitivity_run
Fast,2,62,12,84,40880994,1,5,OK,-185.0,1.2703454160000547,1.3146605000001728,1,,,sensitivity_run
Fast,2,62,12,84,40880994,2,3,OK,-235.0,1.3785666659996423,1.4233914160004133,1,,,sensitivity_run
Fast,2,62,12,84,40880994,3,3,OK,-285.0,0.3966049170003316,0.4708462500002497,0,,,sensitivity_run
Fast,2,62,12,85,40880995,1,3,OK,-215.0,0.5703930000017863,0.6439064590013004,0,,,baseline_checkpoint
Fast,2,62,12,85,40880995,1,4,OK,-215.0,0.49518799999987095,0.5394279169995571,0,,,sensitivity_run
Fast,2,62,12,85,40880995,1,5,OK,-215.0,0.45354616600070585,0.49783887500052515,0,,,sensitivity_run
Fast,2,62,12,85,40880995,2,3,OK,-250.0,0.6014678749997984,0.6461957920000714,0,,,sensitivity_run
Fast,2,62,12,85,40880995,3,3,OK,-300.0,0.32022820800011687,0.365267875000427,0,,,sensitivity_run
Fast,2,62,12,86,40880996,1,3,OK,-230.0,1.2087712080028723,1.2574627079957281,1,,,baseline_checkpoint
Fast,2,62,12,86,40880996,1,4,OK,-230.0,1.2543405830001575,1.2986773339998763,1,,,sensitivity_run
Fast,2,62,12,86,40880996,1,5,OK,-230.0,0.7450922079997326,0.7896545419998802,0,,,sensitivity_run
Fast,2,62,12,86,40880996,2,3,OK,-250.0,4.547469209000155,4.592223124999691,5,,,sensitivity_run
Fast,2,62,12,86,40880996,3,3,OK,-250.0,4.520088625000426,4.56422670899974,5,,,sensitivity_run
Fast,2,62,12,87,40880997,1,3,OK,-200.0,0.4136893329996383,0.4625065000000177,0,,,baseline_checkpoint
Fast,2,62,12,87,40880997,1,4,OK,-200.0,0.4021270410003126,0.44671562500025175,0,,,sensitivity_run
Fast,2,62,12,87,40880997,1,5,OK,-200.0,0.40196350000042,0.446705875000589,0,,,sensitivity_run
Fast,2,62,12,87,40880997,2,3,OK,-235.0,0.6738196249998509,0.7187253329993837,0,,,sensitivity_run
Fast,2,62,12,87,40880997,3,3,OK,-285.0,0.47189283299940143,0.516643459000079,0,,,sensitivity_run
Fast,2,62,12,88,40880998,1,3,OK,-230.0,0.7686533330052043,0.8323705410002731,0,,,baseline_checkpoint
Fast,2,62,12,88,40880998,1,4,OK,-230.0,1.078289959000358,1.1225457089994961,1,,,sensitivity_run
Fast,2,62,12,88,40880998,1,5,OK,-230.0,1.6347695419999582,1.6913580419995924,1,,,sensitivity_run
Fast,2,62,12,88,40880998,2,3,OK,-265.0,1.6718907919994308,1.7169764159998522,1,,,sensitivity_run
Fast,2,62,12,88,40880998,3,3,OK,-300.0,0.6883879580000212,0.7327120840000134,0,,,sensitivity_run
Fast,2,62,12,89,40880999,1,3,OK,-215.0,0.4052560420022928,0.45395250000001397,0,,,baseline_checkpoint
Fast,2,62,12,89,40880999,1,4,OK,-215.0,0.502797291999741,0.547136249999312,0,,,sensitivity_run
Fast,2,62,12,89,40880999,1,5,OK,-215.0,0.5800667499997871,0.624771624999994,0,,,sensitivity_run
Fast,2,62,12,89,40880999,2,3,OK,-220.0,10.851358582999637,10.895965333000277,14,,,sensitivity_run
Fast,2,62,12,89,40880999,3,3,OK,-220.0,10.888546457999837,10.933996958000535,14,,,sensitivity_run
Fast,2,62,12,90,40881000,1,3,OK,-205.0,3.575486958005058,3.6240360840020003,6,,,baseline_checkpoint
Fast,2,62,12,90,40881000,1,4,OK,-205.0,1.0116606669998873,1.056361332999586,1,,,sensitivity_run
Fast,2,62,12,90,40881000,1,5,OK,-205.0,0.4037746249996417,0.44904616700023325,0,,,sensitivity_run
Fast,2,62,12,90,40881000,2,3,OK,-240.0,3.3005047499991633,3.3452393750003466,6,,,sensitivity_run
Fast,2,62,12,90,40881000,3,3,OK,-290.0,3.388521583000511,3.433327959000053,5,,,sensitivity_run
Fast,2,62,12,91,40881001,1,3,OK,-215.0,2.3028739169967594,2.351726958004292,2,,,baseline_checkpoint
Fast,2,62,12,91,40881001,1,4,OK,-230.0,0.5063566670005457,0.5517915840000569,0,,,sensitivity_run
Fast,2,62,12,91,40881001,1,5,OK,-230.0,1.5352918749995297,1.5795381660000203,2,,,sensitivity_run
Fast,2,62,12,91,40881001,2,3,OK,-240.0,4.379231624999193,4.4242982499999925,5,,,sensitivity_run
Fast,2,62,12,91,40881001,3,3,OK,-240.0,4.353945834000115,4.411128792000454,5,,,sensitivity_run
Fast,2,62,12,92,40881002,1,3,OK,-230.0,0.67953608300013,0.7285717920021852,1,,,baseline_checkpoint
Fast,2,62,12,92,40881002,1,4,OK,-230.0,0.3439768329999424,0.38860566599942103,0,,,sensitivity_run
Fast,2,62,12,92,40881002,1,5,OK,-230.0,0.8716555000000881,0.9160684170001332,1,,,sensitivity_run
Fast,2,62,12,92,40881002,2,3,OK,-265.0,0.38933670799997344,0.43378658300025563,0,,,sensitivity_run
Fast,2,62,12,92,40881002,3,3,OK,-285.0,0.7305629590000535,0.7750087080003141,0,,,sensitivity_run
Fast,2,62,12,93,40881003,1,3,OK,-215.0,0.8288601249951171,0.8770960840047337,0,,,baseline_checkpoint
Fast,2,62,12,93,40881003,1,4,OK,-230.0,0.6159714170007646,0.6601983749997089,0,,,sensitivity_run
Fast,2,62,12,93,40881003,1,5,OK,-230.0,0.8356562500002838,0.8804509999999937,0,,,sensitivity_run
Fast,2,62,12,93,40881003,2,3,OK,-250.0,2.952335082999525,2.9972056669994345,6,,,sensitivity_run
Fast,2,62,12,93,40881003,3,3,OK,-275.0,0.5999374579996584,0.6452945000000909,0,,,sensitivity_run
Fast,2,62,12,94,40881004,1,3,OK,-205.0,3.303777375003847,3.3528807499969844,7,,,baseline_checkpoint
Fast,2,62,12,94,40881004,1,4,OK,-205.0,1.1333497499999794,1.1785938330003773,1,,,sensitivity_run
Fast,2,62,12,94,40881004,1,5,OK,-205.0,0.8005586660001427,0.8452603329997146,1,,,sensitivity_run
Fast,2,62,12,94,40881004,2,3,OK,-240.0,3.2186815840004783,3.2635536670004512,5,,,sensitivity_run
Fast,2,62,12,94,40881004,3,3,OK,-290.0,0.7929451669997434,0.8380437499999971,1,,,sensitivity_run
Fast,2,62,12,95,40881005,1,3,OK,-200.0,0.641758582998591,0.6903087079990655,0,,,baseline_checkpoint
Fast,2,62,12,95,40881005,1,4,OK,-200.0,0.6362909580002452,0.6812461669996992,0,,,sensitivity_run
Fast,2,62,12,95,40881005,1,5,OK,-200.0,0.582041582999409,0.6261136249995616,0,,,sensitivity_run
Fast,2,62,12,95,40881005,2,3,OK,-250.0,0.3827943750002305,0.4270274159998735,0,,,sensitivity_run
Fast,2,62,12,95,40881005,3,3,OK,-250.0,0.40854229200067493,0.4531318339995778,0,,,sensitivity_run
Fast,2,62,12,96,40881006,1,3,OK,-200.0,1.3999703339941334,1.4493568339967169,1,,,baseline_checkpoint
Fast,2,62,12,96,40881006,1,4,OK,-215.0,1.7909965419994478,1.8351275420000093,1,,,sensitivity_run
Fast,2,62,12,96,40881006,1,5,OK,-215.0,0.6171484160004184,0.6621421250001731,0,,,sensitivity_run
Fast,2,62,12,96,40881006,2,3,OK,-235.0,1.5404010839993134,1.584729666000385,1,,,sensitivity_run
Fast,2,62,12,96,40881006,3,3,OK,-245.0,1.107462250000026,1.1522602909999478,1,,,sensitivity_run
Fast,2,62,12,97,40881007,1,3,OK,-230.0,0.5439506249967963,0.5930496250002761,0,,,baseline_checkpoint
Fast,2,62,12,97,40881007,1,4,OK,-230.0,0.5939952500002619,0.6378041660000235,0,,,sensitivity_run
Fast,2,62,12,97,40881007,1,5,OK,-230.0,1.2793660409997756,1.3234957919994486,1,,,sensitivity_run
Fast,2,62,12,97,40881007,2,3,OK,-265.0,2.733425917000204,2.777904917000342,4,,,sensitivity_run
Fast,2,62,12,97,40881007,3,3,OK,-300.0,1.8029974999999467,1.8473759589996916,2,,,sensitivity_run
Fast,2,62,12,98,40881008,1,3,OK,-230.0,1.5242543330023182,1.5731278749954072,2,,,baseline_checkpoint
Fast,2,62,12,98,40881008,1,4,OK,-245.0,0.45296658299957926,0.4969886670005508,0,,,sensitivity_run
Fast,2,62,12,98,40881008,1,5,OK,-245.0,0.865308415999607,0.9096936659998391,1,,,sensitivity_run
Fast,2,62,12,98,40881008,2,3,OK,-265.0,0.27216266699997504,0.3292975000003935,0,,,sensitivity_run
Fast,2,62,12,98,40881008,3,3,OK,-265.0,0.28123862499978713,0.32567933300015284,0,,,sensitivity_run
Fast,2,62,12,99,40881009,1,3,OK,-230.0,0.4395002920064144,0.48932191699714167,0,,,baseline_checkpoint
Fast,2,62,12,99,40881009,1,4,OK,-245.0,0.3062177920000977,0.3505215000004682,0,,,sensitivity_run
Fast,2,62,12,99,40881009,1,5,OK,-245.0,0.4982075830002941,0.542980166000234,0,,,sensitivity_run
Fast,2,62,12,99,40881009,2,3,OK,-265.0,0.6911574579999069,0.7355623330004164,0,,,sensitivity_run
Fast,2,62,12,99,40881009,3,3,OK,-285.0,0.6104629580004257,0.6553512500004217,0,,,sensitivity_run
Fast,2,62,12,100,40881010,1,3,OK,-245.0,0.39737691700429423,0.44578049999836367,0,,,baseline_checkpoint
Fast,2,62,12,100,40881010,1,4,OK,-245.0,0.4018350839996856,0.4458223749998069,0,,,sensitivity_run
Fast,2,62,12,100,40881010,1,5,OK,-245.0,0.5684616669996103,0.6126389159999235,0,,,sensitivity_run
Fast,2,62,12,100,40881010,2,3,OK,-280.0,0.819925916000102,0.8643500410007618,0,,,sensitivity_run
Fast,2,62,12,100,40881010,3,3,OK,-315.0,0.7375593750002736,0.7823222079996413,0,,,sensitivity_run
Slow,0,43,12,1,20690911,1,3,OK,-145.0,0.1460864170003333,0.17117112499909126,0,,,baseline_checkpoint
Slow,0,43,12,1,20690911,1,4,OK,-145.0,0.14526016699983302,0.16676800000004732,0,,,sensitivity_run
Slow,0,43,12,1,20690911,1,5,OK,-145.0,0.14685929200004466,0.16807170800075255,0,,,sensitivity_run
Slow,0,43,12,1,20690911,2,3,OK,-210.0,0.8950265829998898,0.9183223750005709,1,,,sensitivity_run
Slow,0,43,12,1,20690911,3,3,OK,-210.0,0.2905458329996691,0.3116383329997916,1,,,sensitivity_run
Slow,0,43,12,2,20690912,1,3,OK,-105.0,0.8106982910030638,0.834577416000684,3,,,baseline_checkpoint
Slow,0,43,12,2,20690912,1,4,OK,-105.0,0.28643195899985585,0.307595625000431,0,,,sensitivity_run
Slow,0,43,12,2,20690912,1,5,OK,-105.0,0.8710412500004168,0.8926796659998217,3,,,sensitivity_run
Slow,0,43,12,2,20690912,2,3,OK,-180.0,0.5634917910001604,0.5848229999992327,1,,,sensitivity_run
Slow,0,43,12,2,20690912,3,3,OK,-255.0,0.3374759999996968,0.3593713749996823,1,,,sensitivity_run
Slow,0,43,12,3,20690913,1,3,OK,-105.0,0.6979678749994491,0.7222966670015012,1,,,baseline_checkpoint
Slow,0,43,12,3,20690913,1,4,OK,-105.0,1.0829021669997019,1.104421832999833,3,,,sensitivity_run
Slow,0,43,12,3,20690913,1,5,OK,-105.0,0.6896274159998939,0.710918209000738,2,,,sensitivity_run
Slow,0,43,12,3,20690913,2,3,OK,-105.0,0.7023955419999766,0.7246974580002643,1,,,sensitivity_run
Slow,0,43,12,3,20690913,3,3,OK,-105.0,0.6965659589995994,0.7180248750000828,1,,,sensitivity_run
Slow,0,43,12,4,20690914,1,3,OK,-105.0,0.8037887919999775,0.8282805409980938,2,,,baseline_checkpoint
Slow,0,43,12,4,20690914,1,4,OK,-105.0,0.6102150839997194,0.6630161670000234,1,,,sensitivity_run
Slow,0,43,12,4,20690914,1,5,OK,-105.0,1.268525082999986,1.2902907079997021,3,,,sensitivity_run
Slow,0,43,12,4,20690914,2,3,OK,-195.0,0.2539745829999447,0.2757492499995351,0,,,sensitivity_run
Slow,0,43,12,4,20690914,3,3,OK,-230.0,0.4950197090001893,0.5165534170000683,1,,,sensitivity_run
Slow,0,43,12,5,20690915,1,3,OK,-65.0,0.2645033330009028,0.3163332919975801,0,,,baseline_checkpoint
Slow,0,43,12,5,20690915,1,4,OK,-65.0,0.2073099999997794,0.22808475000056205,0,,,sensitivity_run
Slow,0,43,12,5,20690915,1,5,OK,-65.0,0.208631417000106,0.22989595899980486,0,,,sensitivity_run
Slow,0,43,12,5,20690915,2,3,OK,-155.0,0.3697317500000281,0.3910488749997967,1,,,sensitivity_run
Slow,0,43,12,5,20690915,3,3,OK,-205.0,0.18386495800041303,0.20500091600024462,0,,,sensitivity_run
Slow,0,43,12,6,20690916,1,3,OK,-105.0,0.4673925830029475,0.4916648329999589,2,,,baseline_checkpoint
Slow,0,43,12,6,20690916,1,4,OK,-105.0,0.3753608750002968,0.39673504199981835,1,,,sensitivity_run
Slow,0,43,12,6,20690916,1,5,OK,-105.0,0.661670917000265,0.6829508749997331,3,,,sensitivity_run
Slow,0,43,12,6,20690916,2,3,OK,-170.0,0.21940875000018423,0.25393925000025774,0,,,sensitivity_run
Slow,0,43,12,6,20690916,3,3,OK,-205.0,0.3164137909998317,0.3377774999999019,0,,,sensitivity_run
Slow,0,43,12,7,20690917,1,3,OK,-145.0,0.23888991700005135,0.2631665829976555,0,,,baseline_checkpoint
Slow,0,43,12,7,20690917,1,4,OK,-145.0,0.5548304169997209,0.576432666999608,1,,,sensitivity_run
Slow,0,43,12,7,20690917,1,5,OK,-145.0,0.4283605829996304,0.45002329199996893,0,,,sensitivity_run
Slow,0,43,12,7,20690917,2,3,OK,-195.0,0.2331442499998957,0.25494670899934135,0,,,sensitivity_run
Slow,0,43,12,7,20690917,3,3,OK,-195.0,0.2331142920002094,0.2542810830000235,0,,,sensitivity_run
Slow,0,43,12,8,20690918,1,3,OK,-145.0,0.6914299590025621,0.7161276250008086,3,,,baseline_checkpoint
Slow,0,43,12,8,20690918,1,4,OK,-145.0,0.732249708999916,0.753760333000173,3,,,sensitivity_run
Slow,0,43,12,8,20690918,1,5,OK,-145.0,0.7067043750002995,0.7285494580000886,3,,,sensitivity_run
Slow,0,43,12,8,20690918,2,3,OK,-220.0,0.17362287499963713,0.1954602910000176,0,,,sensitivity_run
Slow,0,43,12,8,20690918,3,3,OK,-270.0,0.25385295799969754,0.27528787499977625,0,,,sensitivity_run
Slow,0,43,12,9,20690919,1,3,OK,-105.0,0.46855491699898266,0.492764000002353,2,,,baseline_checkpoint
Slow,0,43,12,9,20690919,1,4,OK,-105.0,0.3157058329998108,0.33739854199939145,1,,,sensitivity_run
Slow,0,43,12,9,20690919,1,5,OK,-105.0,0.317438874999425,0.33875020899995434,1,,,sensitivity_run
Slow,0,43,12,9,20690919,2,3,OK,-180.0,0.3135923339996225,0.33508100000017293,1,,,sensitivity_run
Slow,0,43,12,9,20690919,3,3,OK,-215.0,0.3168490420002854,0.3384905829998388,1,,,sensitivity_run
Slow,0,43,12,10,20690920,1,3,OK,-105.0,0.48735095800293493,0.5117369170002348,1,,,baseline_checkpoint
Slow,0,43,12,10,20690920,1,4,OK,-105.0,0.4804998750005325,0.5025498330005576,1,,,sensitivity_run
Slow,0,43,12,10,20690920,1,5,OK,-105.0,0.482187999999951,0.5039939170001162,1,,,sensitivity_run
Slow,0,43,12,10,20690920,2,3,OK,-180.0,0.3359937080003874,0.357826667000154,1,,,sensitivity_run
Slow,0,43,12,10,20690920,3,3,OK,-205.0,1.6827392080003847,1.7040166659999159,4,,,sensitivity_run
Slow,0,43,12,11,20690921,1,3,OK,-145.0,0.30866470800174284,0.3331254170007014,0,,,baseline_checkpoint
Slow,0,43,12,11,20690921,1,4,OK,-145.0,1.4856041660004848,1.5068359169999894,5,,,sensitivity_run
Slow,0,43,12,11,20690921,1,5,OK,-145.0,1.6116099170003508,1.633507250000548,4,,,sensitivity_run
Slow,0,43,12,11,20690921,2,3,OK,-195.0,1.212927624999793,1.2350930000002336,2,,,sensitivity_run
Slow,0,43,12,11,20690921,3,3,OK,-245.0,0.16970587500054535,0.19162983400019584,0,,,sensitivity_run
Slow,0,43,12,12,20690922,1,3,OK,-105.0,0.2615066670005035,0.285642042003019,1,,,baseline_checkpoint
Slow,0,43,12,12,20690922,1,4,OK,-105.0,0.2654834999993909,0.28717991699977574,1,,,sensitivity_run
Slow,0,43,12,12,20690922,1,5,OK,-105.0,0.26962587499929214,0.290887666999879,1,,,sensitivity_run
Slow,0,43,12,12,20690922,2,3,OK,-180.0,0.27024987500044517,0.29250937500000873,1,,,sensitivity_run
Slow,0,43,12,12,20690922,3,3,OK,-180.0,0.26724545899924124,0.28867916600029275,1,,,sensitivity_run
Slow,0,43,12,13,20690923,1,3,OK,-160.0,0.3401472500008822,0.3761519159997988,1,,,baseline_checkpoint
Slow,0,43,12,13,20690923,1,4,OK,-160.0,0.3407941249997748,0.36202899999989313,1,,,sensitivity_run
Slow,0,43,12,13,20690923,1,5,OK,-160.0,0.33862150000004476,0.3598965840001256,1,,,sensitivity_run
Slow,0,43,12,13,20690923,2,3,OK,-160.0,0.3423783749994982,0.3641500410003573,1,,,sensitivity_run
Slow,0,43,12,13,20690923,3,3,OK,-160.0,0.3414547920001496,0.3628926669998691,1,,,sensitivity_run
Slow,0,43,12,14,20690924,1,3,OK,-120.0,0.15853970899843262,0.1827335000016319,0,,,baseline_checkpoint
Slow,0,43,12,14,20690924,1,4,OK,-120.0,0.5273070419998476,0.5491637919994901,1,,,sensitivity_run
Slow,0,43,12,14,20690924,1,5,OK,-120.0,0.27086775000043417,0.2925658750000366,0,,,sensitivity_run
Slow,0,43,12,14,20690924,2,3,OK,-180.0,0.47607054200034327,0.5263385839998591,2,,,sensitivity_run
Slow,0,43,12,14,20690924,3,3,OK,-230.0,1.024149208000381,1.0455961659999957,5,,,sensitivity_run
Slow,0,43,12,15,20690925,1,3,OK,-65.0,0.29014633399856393,0.3143866669997806,1,,,baseline_checkpoint
Slow,0,43,12,15,20690925,1,4,OK,-105.0,0.1451009169995814,0.16668958399986877,0,,,sensitivity_run
Slow,0,43,12,15,20690925,1,5,OK,-105.0,0.14656816699971387,0.1682580409997172,0,,,sensitivity_run
Slow,0,43,12,15,20690925,2,3,OK,-140.0,0.23641920800037042,0.2705127500003073,0,,,sensitivity_run
Slow,0,43,12,15,20690925,3,3,OK,-215.0,0.42885470900000655,0.4512847910000346,3,,,sensitivity_run
Slow,0,43,12,16,20690926,1,3,OK,150.0,0.5759717910004838,0.6007591249981488,2,,,baseline_checkpoint
Slow,0,43,12,16,20690926,1,4,OK,-40.0,0.3833329999997659,0.40501708400006464,1,,,sensitivity_run
Slow,0,43,12,16,20690926,1,5,OK,-80.0,0.19025041700024303,0.2124565000003713,0,,,sensitivity_run
Slow,0,43,12,16,20690926,2,3,OK,-15.0,0.3763992080002936,0.3988985420000972,1,,,sensitivity_run
Slow,0,43,12,16,20690926,3,3,OK,-180.0,0.21129779199964105,0.23291883300043992,0,,,sensitivity_run
Slow,0,43,12,17,20690927,1,3,OK,-145.0,1.223863250001159,1.248606084001949,4,,,baseline_checkpoint
Slow,0,43,12,17,20690927,1,4,OK,-145.0,1.334432249999736,1.3559248749998005,3,,,sensitivity_run
Slow,0,43,12,17,20690927,1,5,OK,-145.0,0.8584912919995986,0.879908124999929,1,,,sensitivity_run
Slow,0,43,12,17,20690927,2,3,OK,-195.0,0.5590608749998864,0.5804445000003398,1,,,sensitivity_run
Slow,0,43,12,17,20690927,3,3,OK,-230.0,0.29954191700016963,0.32181375000072876,0,,,sensitivity_run
Slow,0,43,12,18,20690928,1,3,OK,-65.0,0.9088466670000344,0.933162249999441,4,,,baseline_checkpoint
Slow,0,43,12,18,20690928,1,4,OK,-65.0,0.7127534589999414,0.7345464589998301,5,,,sensitivity_run
Slow,0,43,12,18,20690928,1,5,OK,-65.0,0.8271677080001609,0.8492224580004404,4,,,sensitivity_run
Slow,0,43,12,18,20690928,2,3,OK,-180.0,0.18397900000036316,0.20608625000022585,0,,,sensitivity_run
Slow,0,43,12,18,20690928,3,3,OK,-230.0,0.26198487500005285,0.2836532920000536,0,,,sensitivity_run
Slow,0,43,12,19,20690929,1,3,OK,-145.0,0.3329335410016938,0.35796654099976877,2,,,baseline_checkpoint
Slow,0,43,12,19,20690929,1,4,OK,-145.0,0.3164825829999245,0.33834637499967357,2,,,sensitivity_run
Slow,0,43,12,19,20690929,1,5,OK,-145.0,0.3168969160005872,0.3383436250005616,2,,,sensitivity_run
Slow,0,43,12,19,20690929,2,3,OK,-180.0,0.8209970420002719,0.8435710410003594,4,,,sensitivity_run
Slow,0,43,12,19,20690929,3,3,OK,-180.0,0.845197958999961,0.8669702500001222,4,,,sensitivity_run
Slow,0,43,12,20,20690930,1,3,OK,-145.0,0.3942785420003929,0.41826470800151583,2,,,baseline_checkpoint
Slow,0,43,12,20,20690930,1,4,OK,-145.0,0.39871033300005365,0.42021475000001374,2,,,sensitivity_run
Slow,0,43,12,20,20690930,1,5,OK,-145.0,0.396727207999902,0.4180911670000569,2,,,sensitivity_run
Slow,0,43,12,20,20690930,2,3,OK,-195.0,0.24966933300038363,0.2719985000003362,0,,,sensitivity_run
Slow,0,43,12,20,20690930,3,3,OK,-230.0,0.1850371250002354,0.20681874999991123,0,,,sensitivity_run
Slow,0,43,12,21,20690931,1,3,OK,-120.0,0.5897177499973623,0.6138678749994142,1,,,baseline_checkpoint
Slow,0,43,12,21,20690931,1,4,OK,-120.0,0.8899187919996621,0.9119837090001965,2,,,sensitivity_run
Slow,0,43,12,21,20690931,1,5,OK,-120.0,1.0092523339999389,1.030977958999756,2,,,sensitivity_run
Slow,0,43,12,21,20690931,2,3,OK,-195.0,0.3579767080000238,0.3803437500000655,1,,,sensitivity_run
Slow,0,43,12,21,20690931,3,3,OK,-230.0,1.5657626669999445,1.5872982499995487,4,,,sensitivity_run
Slow,0,43,12,22,20690932,1,3,OK,-145.0,0.5463514160001068,0.5710458329995163,2,,,baseline_checkpoint
Slow,0,43,12,22,20690932,1,4,OK,-145.0,0.5629822910004805,0.5844831249996787,2,,,sensitivity_run
Slow,0,43,12,22,20690932,1,5,OK,-145.0,0.5889396249995116,0.6104433330001484,1,,,sensitivity_run
Slow,0,43,12,22,20690932,2,3,OK,-220.0,0.2914544579998619,0.31359612500000367,1,,,sensitivity_run
Slow,0,43,12,22,20690932,3,3,OK,-255.0,0.25949525000032736,0.28134016599960887,0,,,sensitivity_run
Slow,0,43,12,23,20690933,1,3,OK,-160.0,0.14684708299682825,0.171111125000607,0,,,baseline_checkpoint
Slow,0,43,12,23,20690933,1,4,OK,-160.0,0.14907616700020299,0.17075520899925323,0,,,sensitivity_run
Slow,0,43,12,23,20690933,1,5,OK,-160.0,0.14666025000042282,0.16805466599998908,0,,,sensitivity_run
Slow,0,43,12,23,20690933,2,3,OK,-210.0,0.4698387089993048,0.49245916700056114,1,,,sensitivity_run
Slow,0,43,12,23,20690933,3,3,OK,-245.0,0.14675650000026508,0.18063537500074744,0,,,sensitivity_run
Slow,0,43,12,24,20690934,1,3,OK,-145.0,0.7978197919983359,0.8225117920010234,2,,,baseline_checkpoint
Slow,0,43,12,24,20690934,1,4,OK,-145.0,0.8538757079995776,0.8754644170003303,2,,,sensitivity_run
Slow,0,43,12,24,20690934,1,5,OK,-145.0,0.9720087910000075,0.9944314169997597,2,,,sensitivity_run
Slow,0,43,12,24,20690934,2,3,OK,-210.0,0.31236824999996315,0.3348968749996857,0,,,sensitivity_run
Slow,0,43,12,24,20690934,3,3,OK,-260.0,0.17231120900032693,0.19411433299956116,0,,,sensitivity_run
Slow,0,43,12,25,20690935,1,3,OK,-105.0,1.4391105409995362,1.4631574999984878,8,,,baseline_checkpoint
Slow,0,43,12,25,20690935,1,4,OK,-105.0,0.22637004199987132,0.24841920799917716,0,,,sensitivity_run
Slow,0,43,12,25,20690935,1,5,OK,-105.0,0.2225438329996905,0.24422916700041242,0,,,sensitivity_run
Slow,0,43,12,25,20690935,2,3,OK,-195.0,0.30233983299967804,0.32453158299995266,0,,,sensitivity_run
Slow,0,43,12,25,20690935,3,3,OK,-245.0,0.1444650419998652,0.16623175000040646,0,,,sensitivity_run
Slow,0,43,12,26,20690936,1,3,OK,-80.0,0.17152262500167126,0.195710791998863,0,,,baseline_checkpoint
Slow,0,43,12,26,20690936,1,4,OK,-80.0,0.23890666700026486,0.260667999999896,0,,,sensitivity_run
Slow,0,43,12,26,20690936,1,5,OK,-80.0,0.2700261669997417,0.29170224999961647,0,,,sensitivity_run
Slow,0,43,12,26,20690936,2,3,OK,-155.0,0.4163251250001849,0.43864591700003075,0,,,sensitivity_run
Slow,0,43,12,26,20690936,3,3,OK,-205.0,0.5144969590000983,0.5362959590001992,3,,,sensitivity_run
Slow,0,43,12,27,20690937,1,3,OK,-160.0,0.3378323750002892,0.3623662920035713,1,,,baseline_checkpoint
Slow,0,43,12,27,20690937,1,4,OK,-160.0,0.3437609579996206,0.36576304200025334,1,,,sensitivity_run
Slow,0,43,12,27,20690937,1,5,OK,-160.0,0.34698349999962375,0.36906899999939924,1,,,sensitivity_run
Slow,0,43,12,27,20690937,2,3,OK,-235.0,0.5398764170004142,0.5626206659999298,2,,,sensitivity_run
Slow,0,43,12,27,20690937,3,3,OK,-245.0,0.24671775000024354,0.268211667000287,0,,,sensitivity_run
Slow,0,43,12,28,20690938,1,3,OK,165.0,0.18512291599836317,0.2097414590025437,0,,,baseline_checkpoint
Slow,0,43,12,28,20690938,1,4,OK,15.0,0.187519417000658,0.2095862500000294,0,,,sensitivity_run
Slow,0,43,12,28,20690938,1,5,OK,-25.0,0.5852893749997747,0.6070972090001305,2,,,sensitivity_run
Slow,0,43,12,28,20690938,2,3,OK,0.0,0.5576391249996959,0.5800516250001237,3,,,sensitivity_run
Slow,0,43,12,28,20690938,3,3,OK,-150.0,0.38233554199996433,0.4043749160000516,1,,,sensitivity_run
Slow,0,43,12,29,20690939,1,3,OK,-105.0,0.34806554099850473,0.37209620800058474,1,,,baseline_checkpoint
Slow,0,43,12,29,20690939,1,4,OK,-105.0,0.17547408300015377,0.19786912499967002,0,,,sensitivity_run
Slow,0,43,12,29,20690939,1,5,OK,-105.0,0.17668958299964288,0.19837933399958274,0,,,sensitivity_run
Slow,0,43,12,29,20690939,2,3,OK,-170.0,0.19743929200012644,0.2501467080001021,0,,,sensitivity_run
Slow,0,43,12,29,20690939,3,3,OK,-230.0,0.299030958000003,0.32117133300016576,1,,,sensitivity_run
Slow,0,43,12,30,20690940,1,3,OK,-120.0,0.3170464590002666,0.3413014160032617,1,,,baseline_checkpoint
Slow,0,43,12,30,20690940,1,4,OK,-120.0,0.9233008330002122,0.9456452919994263,3,,,sensitivity_run
Slow,0,43,12,30,20690940,1,5,OK,-120.0,1.0792865840003287,1.1015682500001276,3,,,sensitivity_run
Slow,0,43,12,30,20690940,2,3,OK,-195.0,0.1575522919993091,0.1801392079996731,0,,,sensitivity_run
Slow,0,43,12,30,20690940,3,3,OK,-230.0,0.5958419580001646,0.6172108749997278,1,,,sensitivity_run
Slow,0,43,12,31,20690941,1,3,OK,-25.0,0.5384269170026528,0.5625116660012281,2,,,baseline_checkpoint
Slow,0,43,12,31,20690941,1,4,OK,-65.0,0.5557186250007362,0.5778337089996057,2,,,sensitivity_run
Slow,0,43,12,31,20690941,1,5,OK,-65.0,0.9295401250001305,0.951191540999389,4,,,sensitivity_run
Slow,0,43,12,31,20690941,2,3,OK,-140.0,1.7288895420006156,1.75070125000002,9,,,sensitivity_run
Slow,0,43,12,31,20690941,3,3,OK,-190.0,0.26256791600008,0.28453862500009564,0,,,sensitivity_run
Slow,0,43,12,32,20690942,1,3,OK,150.0,0.3391035419990658,0.363904249999905,1,,,baseline_checkpoint
Slow,0,43,12,32,20690942,1,4,OK,-25.0,0.36916954099979193,0.39051712499986024,1,,,sensitivity_run
Slow,0,43,12,32,20690942,1,5,OK,-80.0,0.5428225420000672,0.564476375000595,2,,,sensitivity_run
Slow,0,43,12,32,20690942,2,3,OK,0.0,0.36282395900070696,0.38523316600003454,2,,,sensitivity_run
Slow,0,43,12,32,20690942,3,3,OK,-150.0,4.676441042000079,4.698351209000066,27,,,sensitivity_run
Slow,0,43,12,33,20690943,1,3,OK,-145.0,0.2568775840009039,0.28159279100145795,0,,,baseline_checkpoint
Slow,0,43,12,33,20690943,1,4,OK,-145.0,0.26143279099960637,0.2832907920001162,0,,,sensitivity_run
Slow,0,43,12,33,20690943,1,5,OK,-145.0,0.25735966699994606,0.2795896249999714,0,,,sensitivity_run
Slow,0,43,12,33,20690943,2,3,OK,-220.0,0.29286429199964914,0.31539429199983715,0,,,sensitivity_run
Slow,0,43,12,33,20690943,3,3,OK,-270.0,0.7849108749996958,0.8069121250000535,3,,,sensitivity_run
Slow,0,43,12,34,20690944,1,3,OK,-145.0,0.2679874999994354,0.2925245830010681,1,,,baseline_checkpoint
Slow,0,43,12,34,20690944,1,4,OK,-145.0,0.8270550839997668,0.8494044580002083,2,,,sensitivity_run
Slow,0,43,12,34,20690944,1,5,OK,-145.0,1.0671996250002849,1.0889992500005974,2,,,sensitivity_run
Slow,0,43,12,34,20690944,2,3,OK,-195.0,0.9747988750004879,1.023046833999615,3,,,sensitivity_run
Slow,0,43,12,34,20690944,3,3,OK,-230.0,0.43158216700066987,0.45377095799995004,1,,,sensitivity_run
Slow,0,43,12,35,20690945,1,3,OK,-80.0,1.382336458998907,1.406511707999016,7,,,baseline_checkpoint
Slow,0,43,12,35,20690945,1,4,OK,-105.0,0.5380524170004719,0.5599050419996274,1,,,sensitivity_run
Slow,0,43,12,35,20690945,1,5,OK,-105.0,0.606424333999712,0.6282813749994602,1,,,sensitivity_run
Slow,0,43,12,35,20690945,2,3,OK,-180.0,0.34455037499992613,0.36633879200053343,1,,,sensitivity_run
Slow,0,43,12,35,20690945,3,3,OK,-245.0,0.7083545409996077,0.73033604200009,2,,,sensitivity_run
Slow,0,43,12,36,20690946,1,3,OK,-80.0,1.247170874998119,1.2714325839988305,3,,,baseline_checkpoint
Slow,0,43,12,36,20690946,1,4,OK,-105.0,0.34413329100061674,0.3656967500000974,1,,,sensitivity_run
Slow,0,43,12,36,20690946,1,5,OK,-105.0,0.3179082910000943,0.3399942910000391,1,,,sensitivity_run
Slow,0,43,12,36,20690946,2,3,OK,-180.0,0.16035199999987526,0.18255412500002421,0,,,sensitivity_run
Slow,0,43,12,36,20690946,3,3,OK,-230.0,0.15531887500037556,0.17673912499958533,0,,,sensitivity_run
Slow,0,43,12,37,20690947,1,3,OK,-145.0,0.47282916699987254,0.4974373330005619,2,,,baseline_checkpoint
Slow,0,43,12,37,20690947,1,4,OK,-145.0,0.4822567089995573,0.5041969169997174,2,,,sensitivity_run
Slow,0,43,12,37,20690947,1,5,OK,-145.0,0.4786251249997804,0.5007178329997259,2,,,sensitivity_run
Slow,0,43,12,37,20690947,2,3,OK,-195.0,1.1200147919998926,1.142206041999998,3,,,sensitivity_run
Slow,0,43,12,37,20690947,3,3,OK,-255.0,0.4667345830002887,0.48843329200008156,2,,,sensitivity_run
Slow,0,43,12,38,20690948,1,3,OK,-145.0,0.15492187500058208,0.17920020900055533,0,,,baseline_checkpoint
Slow,0,43,12,38,20690948,1,4,OK,-145.0,0.1578694590007217,0.1796878340001058,0,,,sensitivity_run
Slow,0,43,12,38,20690948,1,5,OK,-145.0,0.1586199579996901,0.18053483299991058,0,,,sensitivity_run
Slow,0,43,12,38,20690948,2,3,OK,-210.0,0.46585041700018337,0.48854312500043306,2,,,sensitivity_run
Slow,0,43,12,38,20690948,3,3,OK,-270.0,0.18707166600052005,0.20893304200035345,0,,,sensitivity_run
Slow,0,43,12,39,20690949,1,3,OK,-105.0,0.3378497499979858,0.36223625000275206,1,,,baseline_checkpoint
Slow,0,43,12,39,20690949,1,4,OK,-105.0,0.35774079200018605,0.3794700839998768,1,,,sensitivity_run
Slow,0,43,12,39,20690949,1,5,OK,-105.0,0.37068887500026904,0.3925809170004868,1,,,sensitivity_run
Slow,0,43,12,39,20690949,2,3,OK,-155.0,0.42065858300065884,0.44333054200069455,2,,,sensitivity_run
Slow,0,43,12,39,20690949,3,3,OK,-205.0,0.5453251660001115,0.5667148749998887,2,,,sensitivity_run
Slow,0,43,12,40,20690950,1,3,OK,-120.0,0.28202787500049453,0.30653225000060047,1,,,baseline_checkpoint
Slow,0,43,12,40,20690950,1,4,OK,-120.0,0.49350041700017755,0.5153136669996456,3,,,sensitivity_run
Slow,0,43,12,40,20690950,1,5,OK,-120.0,1.3637199579998196,1.3864127090000693,4,,,sensitivity_run
Slow,0,43,12,40,20690950,2,3,OK,-170.0,1.015738957999929,1.037922958999843,5,,,sensitivity_run
Slow,0,43,12,40,20690950,3,3,OK,-205.0,0.24031345799994597,0.28771558300013567,0,,,sensitivity_run
Slow,0,43,12,41,20690951,1,3,OK,-105.0,0.4720764589983446,0.4965216250020603,4,,,baseline_checkpoint
Slow,0,43,12,41,20690951,1,4,OK,-105.0,0.8272205839994058,0.8490903749998324,3,,,sensitivity_run
Slow,0,43,12,41,20690951,1,5,OK,-105.0,1.4779909170001702,1.49961012499989,3,,,sensitivity_run
Slow,0,43,12,41,20690951,2,3,OK,-155.0,0.23463262499990378,0.2571878749995449,0,,,sensitivity_run
Slow,0,43,12,41,20690951,3,3,OK,-190.0,0.40568770800018683,0.4275972079994972,1,,,sensitivity_run
Slow,0,43,12,42,20690952,1,3,OK,-145.0,0.479898958998092,0.5040453340006934,2,,,baseline_checkpoint
Slow,0,43,12,42,20690952,1,4,OK,-145.0,0.479045541999767,0.5008415419997618,2,,,sensitivity_run
Slow,0,43,12,42,20690952,1,5,OK,-145.0,0.48135320899928047,0.503398500000003,2,,,sensitivity_run
Slow,0,43,12,42,20690952,2,3,OK,-235.0,0.1589403329999186,0.1812912920004237,0,,,sensitivity_run
Slow,0,43,12,42,20690952,3,3,OK,-270.0,0.1741030410003077,0.19659450000017387,0,,,sensitivity_run
Slow,0,43,12,43,20690953,1,3,OK,-105.0,1.626825708000979,1.6514676249971671,4,,,baseline_checkpoint
Slow,0,43,12,43,20690953,1,4,OK,-105.0,0.9983874589997868,1.0201902919998247,2,,,sensitivity_run
Slow,0,43,12,43,20690953,1,5,OK,-105.0,1.6139600420001443,1.6357221250000293,4,,,sensitivity_run
Slow,0,43,12,43,20690953,2,3,OK,-195.0,0.2911327080000774,0.3129955409995091,1,,,sensitivity_run
Slow,0,43,12,43,20690953,3,3,OK,-230.0,0.6945636249993186,0.7162466670006324,1,,,sensitivity_run
Slow,0,43,12,44,20690954,1,3,OK,125.0,0.1574657080018369,0.18176650000168593,0,,,baseline_checkpoint
Slow,0,43,12,44,20690954,1,4,OK,-65.0,0.5023547079999844,0.5240577499998835,2,,,sensitivity_run
Slow,0,43,12,44,20690954,1,5,OK,-65.0,0.3163391670004785,0.33805374999974447,0,,,sensitivity_run
Slow,0,43,12,44,20690954,2,3,OK,-25.0,0.3673732090001067,0.3902517919996171,1,,,sensitivity_run
Slow,0,43,12,44,20690954,3,3,OK,-175.0,0.31707291600014287,0.3388933330006694,2,,,sensitivity_run
Slow,0,43,12,45,20690955,1,3,OK,-145.0,0.5041045830002986,0.528553499996633,2,,,baseline_checkpoint
Slow,0,43,12,45,20690955,1,4,OK,-145.0,0.5128428749994782,0.5347273340003085,2,,,sensitivity_run
Slow,0,43,12,45,20690955,1,5,OK,-145.0,0.5158402499992008,0.5379504580005232,2,,,sensitivity_run
Slow,0,43,12,45,20690955,2,3,OK,-195.0,1.0922689170001831,1.1477724160004072,3,,,sensitivity_run
Slow,0,43,12,45,20690955,3,3,OK,-230.0,0.34271412500038423,0.36462529199980054,0,,,sensitivity_run
Slow,0,43,12,46,20690956,1,3,OK,-145.0,0.24200349999955506,0.30455304099814384,0,,,baseline_checkpoint
Slow,0,43,12,46,20690956,1,4,OK,-145.0,0.22044391700001142,0.24211658399963198,0,,,sensitivity_run
Slow,0,43,12,46,20690956,1,5,OK,-145.0,0.2435133749995657,0.2653346249999231,0,,,sensitivity_run
Slow,0,43,12,46,20690956,2,3,OK,-235.0,0.13357649999943533,0.15583366700047918,0,,,sensitivity_run
Slow,0,43,12,46,20690956,3,3,OK,-260.0,0.13101916699997673,0.1528472909994889,0,,,sensitivity_run
Slow,0,43,12,47,20690957,1,3,OK,-80.0,0.3067406249974738,0.3311590420016728,0,,,baseline_checkpoint
Slow,0,43,12,47,20690957,1,4,OK,-105.0,0.1878299590007373,0.20993316600015532,0,,,sensitivity_run
Slow,0,43,12,47,20690957,1,5,OK,-105.0,0.18589200000042183,0.2079234170005293,0,,,sensitivity_run
Slow,0,43,12,47,20690957,2,3,OK,-155.0,0.290696415999264,0.3132187920000433,0,,,sensitivity_run
Slow,0,43,12,47,20690957,3,3,OK,-205.0,1.0677982500001235,1.0896790420001707,2,,,sensitivity_run
Slow,0,43,12,48,20690958,1,3,OK,150.0,1.1034658749995288,1.1274345409983653,7,,,baseline_checkpoint
Slow,0,43,12,48,20690958,1,4,OK,-40.0,0.19747308400019392,0.21984175000034156,0,,,sensitivity_run
Slow,0,43,12,48,20690958,1,5,OK,-80.0,0.31961150000006455,0.3412535410006967,1,,,sensitivity_run
Slow,0,43,12,48,20690958,2,3,OK,-15.0,0.9782736250008384,1.000742000000173,5,,,sensitivity_run
Slow,0,43,12,48,20690958,3,3,OK,-165.0,0.8029082919993016,0.8363883749998422,6,,,sensitivity_run
Slow,0,43,12,49,20690959,1,3,OK,-145.0,0.1444707919981738,0.16937212500124588,0,,,baseline_checkpoint
Slow,0,43,12,49,20690959,1,4,OK,-145.0,0.14433125000050495,0.1666278330003479,0,,,sensitivity_run
Slow,0,43,12,49,20690959,1,5,OK,-145.0,0.1468067499999961,0.16868274999978894,0,,,sensitivity_run
Slow,0,43,12,49,20690959,2,3,OK,-195.0,0.2848265419997915,0.30714829199951055,0,,,sensitivity_run
Slow,0,43,12,49,20690959,3,3,OK,-245.0,0.31443012499948964,0.3364216669997404,1,,,sensitivity_run
Slow,0,43,12,50,20690960,1,3,OK,-105.0,0.6765265419999196,0.7008162919992174,4,,,baseline_checkpoint
Slow,0,43,12,50,20690960,1,4,OK,-105.0,0.8095752910003284,0.8313369590005095,4,,,sensitivity_run
Slow,0,43,12,50,20690960,1,5,OK,-105.0,0.698771416999989,0.7214271670000016,4,,,sensitivity_run
Slow,0,43,12,50,20690960,2,3,OK,-155.0,0.7003030420000869,0.722533334000218,4,,,sensitivity_run
Slow,0,43,12,50,20690960,3,3,OK,-190.0,0.1705684160006058,0.19267049999962182,0,,,sensitivity_run
Slow,0,43,12,51,20690961,1,3,OK,-145.0,0.11960083399753785,0.1442847090002033,0,,,baseline_checkpoint
Slow,0,43,12,51,20690961,1,4,OK,-145.0,0.12277979100053926,0.14469295900016732,0,,,sensitivity_run
Slow,0,43,12,51,20690961,1,5,OK,-145.0,0.11999599999944621,0.1418963749993054,0,,,sensitivity_run
Slow,0,43,12,51,20690961,2,3,OK,-195.0,0.2385621249995893,0.26046491699980834,1,,,sensitivity_run
Slow,0,43,12,51,20690961,3,3,OK,-230.0,0.5691438750000088,0.5910570000005464,1,,,sensitivity_run
Slow,0,43,12,52,20690962,1,3,OK,-105.0,0.7853902919996472,0.8100414589971479,3,,,baseline_checkpoint
Slow,0,43,12,52,20690962,1,4,OK,-105.0,0.5547151250002571,0.5767936250003913,2,,,sensitivity_run
Slow,0,43,12,52,20690962,1,5,OK,-105.0,0.5901675420000174,0.6122438749998764,2,,,sensitivity_run
Slow,0,43,12,52,20690962,2,3,OK,-180.0,0.1839923750003436,0.2064464160002899,0,,,sensitivity_run
Slow,0,43,12,52,20690962,3,3,OK,-215.0,0.3694927920005284,0.39124700000047596,1,,,sensitivity_run
Slow,0,43,12,53,20690963,1,3,OK,35.0,0.17176683300203877,0.19603066600029706,0,,,baseline_checkpoint
Slow,0,43,12,53,20690963,1,4,OK,-65.0,0.5260699159998694,0.5479692499993689,2,,,sensitivity_run
Slow,0,43,12,53,20690963,1,5,OK,-65.0,1.8268968749998749,1.849122499999794,5,,,sensitivity_run
Slow,0,43,12,53,20690963,2,3,OK,-130.0,0.17507054199995764,0.1969846250003684,0,,,sensitivity_run
Slow,0,43,12,53,20690963,3,3,OK,-180.0,0.6733880840001802,0.6954597080002713,1,,,sensitivity_run
Slow,0,43,12,54,20690964,1,3,OK,-80.0,0.3182790409991867,0.3424544160006917,1,,,baseline_checkpoint
Slow,0,43,12,54,20690964,1,4,OK,-105.0,0.6702444580005249,0.6920507499999076,4,,,sensitivity_run
Slow,0,43,12,54,20690964,1,5,OK,-105.0,0.6448104159999275,0.6668917090000832,4,,,sensitivity_run
Slow,0,43,12,54,20690964,2,3,OK,-170.0,0.15956704200016247,0.18209291699986352,0,,,sensitivity_run
Slow,0,43,12,54,20690964,3,3,OK,-215.0,0.27665012499983277,0.2986154579994036,0,,,sensitivity_run
Slow,0,43,12,55,20690965,1,3,OK,-65.0,0.38806174999990617,0.4127543340000557,0,,,baseline_checkpoint
Slow,0,43,12,55,20690965,1,4,OK,-80.0,0.15148704199964413,0.17362033400058863,0,,,sensitivity_run
Slow,0,43,12,55,20690965,1,5,OK,-80.0,0.14575979100027325,0.1676757089999228,0,,,sensitivity_run
Slow,0,43,12,55,20690965,2,3,OK,-130.0,0.46831633300007525,0.49018912500014267,1,,,sensitivity_run
Slow,0,43,12,55,20690965,3,3,OK,-165.0,0.48423095800080773,0.506089417000112,2,,,sensitivity_run
Slow,0,43,12,56,20690966,1,3,OK,-80.0,0.29024720799861825,0.3142158750015369,0,,,baseline_checkpoint
Slow,0,43,12,56,20690966,1,4,OK,-105.0,0.3691872079998575,0.39101525000023685,1,,,sensitivity_run
Slow,0,43,12,56,20690966,1,5,OK,-105.0,0.37396329200055334,0.42597762500008685,1,,,sensitivity_run
Slow,0,43,12,56,20690966,2,3,OK,-180.0,0.1833002919993305,0.20554112500030897,0,,,sensitivity_run
Slow,0,43,12,56,20690966,3,3,OK,-215.0,0.204504165999424,0.226469291000285,0,,,sensitivity_run
Slow,0,43,12,57,20690967,1,3,OK,50.0,0.18003862499972456,0.20411979199707275,0,,,baseline_checkpoint
Slow,0,43,12,57,20690967,1,4,OK,-65.0,0.18181066700071824,0.20363754199934192,0,,,sensitivity_run
Slow,0,43,12,57,20690967,1,5,OK,-80.0,0.30354274999990594,0.3250957499994911,0,,,sensitivity_run
Slow,0,43,12,57,20690967,2,3,OK,-115.0,0.183858749999672,0.2060727499992936,0,,,sensitivity_run
Slow,0,43,12,57,20690967,3,3,OK,-190.0,0.18337216599957173,0.21726612499969633,0,,,sensitivity_run
Slow,0,43,12,58,20690968,1,3,OK,-105.0,0.43580095899960725,0.4605060419999063,1,,,baseline_checkpoint
Slow,0,43,12,58,20690968,1,4,OK,-105.0,0.9304418749998149,0.9524727500001973,2,,,sensitivity_run
Slow,0,43,12,58,20690968,1,5,OK,-105.0,0.6171481669998684,0.6393916249999165,1,,,sensitivity_run
Slow,0,43,12,58,20690968,2,3,OK,-180.0,1.07048229099928,1.0927575420000721,3,,,sensitivity_run
Slow,0,43,12,58,20690968,3,3,OK,-230.0,0.39870816599977843,0.42053062499962834,1,,,sensitivity_run
Slow,0,43,12,59,20690969,1,3,OK,-80.0,0.3176648340013344,0.3416995000006864,1,,,baseline_checkpoint
Slow,0,43,12,59,20690969,1,4,OK,-80.0,0.20133608400010417,0.22363399999994726,0,,,sensitivity_run
Slow,0,43,12,59,20690969,1,5,OK,-80.0,0.5860826660000384,0.6078121250002368,1,,,sensitivity_run
Slow,0,43,12,59,20690969,2,3,OK,-155.0,0.3187329590000445,0.3407722920001106,1,,,sensitivity_run
Slow,0,43,12,59,20690969,3,3,OK,-205.0,0.3376477909996538,0.359593417000724,1,,,sensitivity_run
Slow,0,43,12,60,20690970,1,3,OK,-105.0,0.6119567499990808,0.6370087499999499,2,,,baseline_checkpoint
Slow,0,43,12,60,20690970,1,4,OK,-105.0,0.7516415000000052,0.7735522500006482,3,,,sensitivity_run
Slow,0,43,12,60,20690970,1,5,OK,-105.0,0.7537953340006425,0.7760785410000608,3,,,sensitivity_run
Slow,0,43,12,60,20690970,2,3,OK,-155.0,0.6421030419996896,0.6644019579998712,2,,,sensitivity_run
Slow,0,43,12,60,20690970,3,3,OK,-215.0,0.18481458299993392,0.20737304100020992,0,,,sensitivity_run
Slow,0,43,12,61,20690971,1,3,OK,-80.0,0.36794083299901104,0.39274362499782,1,,,baseline_checkpoint
Slow,0,43,12,61,20690971,1,4,OK,-105.0,0.4960678340003142,0.5180400830004146,1,,,sensitivity_run
Slow,0,43,12,61,20690971,1,5,OK,-105.0,0.25723658300012175,0.27957741699992766,0,,,sensitivity_run
Slow,0,43,12,61,20690971,2,3,OK,-155.0,0.1856351669994183,0.20813108300080785,0,,,sensitivity_run
Slow,0,43,12,61,20690971,3,3,OK,-190.0,0.26181412500045553,0.2836851249994652,0,,,sensitivity_run
Slow,0,43,12,62,20690972,1,3,OK,-145.0,0.6401191249969997,0.6645663750023232,3,,,baseline_checkpoint
Slow,0,43,12,62,20690972,1,4,OK,-145.0,0.9642094999999244,0.9862689159999718,4,,,sensitivity_run
Slow,0,43,12,62,20690972,1,5,OK,-145.0,1.5174729170003047,1.539659125000071,6,,,sensitivity_run
Slow,0,43,12,62,20690972,2,3,OK,-195.0,0.29492391599978873,0.31738933300039207,1,,,sensitivity_run
Slow,0,43,12,62,20690972,3,3,OK,-195.0,0.3233635000005961,0.3450845000006666,1,,,sensitivity_run
Slow,0,43,12,63,20690973,1,3,OK,-120.0,1.1898370410017378,1.2139650839999376,4,,,baseline_checkpoint
Slow,0,43,12,63,20690973,1,4,OK,-120.0,0.2671686249996128,0.2891591249999692,0,,,sensitivity_run
Slow,0,43,12,63,20690973,1,5,OK,-120.0,0.7425475420004659,0.7644601669999247,2,,,sensitivity_run
Slow,0,43,12,63,20690973,2,3,OK,-210.0,0.14990020799996273,0.17215966700041463,0,,,sensitivity_run
Slow,0,43,12,63,20690973,3,3,OK,-245.0,0.25098008300028596,0.27263624999977765,0,,,sensitivity_run
Slow,0,43,12,64,20690974,1,3,OK,-25.0,0.26226266699814005,0.28684495800189325,1,,,baseline_checkpoint
Slow,0,43,12,64,20690974,1,4,OK,-65.0,0.8905308749999676,0.9119945830007055,3,,,sensitivity_run
Slow,0,43,12,64,20690974,1,5,OK,-80.0,0.5700470420006241,0.5921910830002162,1,,,sensitivity_run
Slow,0,43,12,64,20690974,2,3,OK,-140.0,0.2617299590001494,0.2839262919997054,0,,,sensitivity_run
Slow,0,43,12,64,20690974,3,3,OK,-205.0,0.47518487500019546,0.49722025000028225,2,,,sensitivity_run
Slow,0,43,12,65,20690975,1,3,OK,-160.0,0.3881459590011218,0.41271308299837983,1,,,baseline_checkpoint
Slow,0,43,12,65,20690975,1,4,OK,-160.0,0.37198183399959817,0.40626712499943096,1,,,sensitivity_run
Slow,0,43,12,65,20690975,1,5,OK,-160.0,0.3753646249997473,0.398192999999992,1,,,sensitivity_run
Slow,0,43,12,65,20690975,2,3,OK,-220.0,0.4177711669999553,0.43998787500004255,0,,,sensitivity_run
Slow,0,43,12,65,20690975,3,3,OK,-270.0,0.2216232079999827,0.24339345899988984,0,,,sensitivity_run
Slow,0,43,12,66,20690976,1,3,OK,-145.0,0.3714684579972527,0.39592862499921466,1,,,baseline_checkpoint
Slow,0,43,12,66,20690976,1,4,OK,-145.0,0.408735875000275,0.43093250000038097,1,,,sensitivity_run
Slow,0,43,12,66,20690976,1,5,OK,-145.0,0.3737233749998268,0.39544533299977047,1,,,sensitivity_run
Slow,0,43,12,66,20690976,2,3,OK,-195.0,0.1837672499996188,0.20612212500054738,0,,,sensitivity_run
Slow,0,43,12,66,20690976,3,3,OK,-230.0,0.36725079099960567,0.38918124999963766,1,,,sensitivity_run
Slow,0,43,12,67,20690977,1,3,OK,-120.0,0.2530772500031162,0.27744870799870114,0,,,baseline_checkpoint
Slow,0,43,12,67,20690977,1,4,OK,-120.0,0.23959812500015687,0.26175508400046965,0,,,sensitivity_run
Slow,0,43,12,67,20690977,1,5,OK,-120.0,0.2700565840004856,0.2923034999994343,0,,,sensitivity_run
Slow,0,43,12,67,20690977,2,3,OK,-155.0,0.28726908299995557,0.3101674589997856,0,,,sensitivity_run
Slow,0,43,12,67,20690977,3,3,OK,-155.0,0.28779920899978606,0.309424833999401,0,,,sensitivity_run
Slow,0,43,12,68,20690978,1,3,OK,50.0,0.1324569580028765,0.15691629200227908,0,,,baseline_checkpoint
Slow,0,43,12,68,20690978,1,4,OK,-65.0,0.1616846249999071,0.1839937499998996,0,,,sensitivity_run
Slow,0,43,12,68,20690978,1,5,OK,-80.0,0.26905683299992234,0.2909749170003124,2,,,sensitivity_run
Slow,0,43,12,68,20690978,2,3,OK,-100.0,2.485237750000124,2.5078149169994504,13,,,sensitivity_run
Slow,0,43,12,68,20690978,3,3,OK,-190.0,0.4539962919998288,0.47632408299978124,1,,,sensitivity_run
Slow,0,43,12,69,20690979,1,3,OK,-120.0,0.13752779200149234,0.1619686250014638,0,,,baseline_checkpoint
Slow,0,43,12,69,20690979,1,4,OK,-120.0,1.0534256250002727,1.0754107080001631,3,,,sensitivity_run
Slow,0,43,12,69,20690979,1,5,OK,-120.0,1.6742455000003247,1.6964647089998834,5,,,sensitivity_run
Slow,0,43,12,69,20690979,2,3,OK,-195.0,0.1341563750002024,0.1568027080002139,0,,,sensitivity_run
Slow,0,43,12,69,20690979,3,3,OK,-230.0,0.2806314170002224,0.3034101670000382,0,,,sensitivity_run
Slow,0,43,12,70,20690980,1,3,OK,-145.0,0.1459238749994256,0.17058387499855598,0,,,baseline_checkpoint
Slow,0,43,12,70,20690980,1,4,OK,-145.0,0.1465054999998756,0.16834770899913565,0,,,sensitivity_run
Slow,0,43,12,70,20690980,1,5,OK,-145.0,0.14786958399963623,0.16997429200000624,0,,,sensitivity_run
Slow,0,43,12,70,20690980,2,3,OK,-235.0,0.14995283400003245,0.17252354100037337,0,,,sensitivity_run
Slow,0,43,12,70,20690980,3,3,OK,-270.0,0.18349579099958646,0.2053333339999881,0,,,sensitivity_run
Slow,0,43,12,71,20690981,1,3,OK,-80.0,0.17287912500250968,0.19722383299813373,0,,,baseline_checkpoint
Slow,0,43,12,71,20690981,1,4,OK,-80.0,0.3299840409999888,0.35202374999971653,1,,,sensitivity_run
Slow,0,43,12,71,20690981,1,5,OK,-80.0,0.8248080829998798,0.8468239590001758,5,,,sensitivity_run
Slow,0,43,12,71,20690981,2,3,OK,-180.0,0.18840979200012953,0.21061174999977084,0,,,sensitivity_run
Slow,0,43,12,71,20690981,3,3,OK,-230.0,0.2141472920002343,0.2359879590003402,0,,,sensitivity_run
Slow,0,43,12,72,20690982,1,3,OK,-145.0,0.9632035419999738,0.9873808329975873,5,,,baseline_checkpoint
Slow,0,43,12,72,20690982,1,4,OK,-145.0,0.985831333000533,1.0075336249992688,5,,,sensitivity_run
Slow,0,43,12,72,20690982,1,5,OK,-145.0,1.0565872919996764,1.0785883749995264,5,,,sensitivity_run
Slow,0,43,12,72,20690982,2,3,OK,-220.0,0.14602229200045258,0.16818162500021572,0,,,sensitivity_run
Slow,0,43,12,72,20690982,3,3,OK,-255.0,0.14567274999990332,0.16791066699988733,0,,,sensitivity_run
Slow,0,43,12,73,20690983,1,3,OK,-145.0,0.6306751249976514,0.6552148329974443,3,,,baseline_checkpoint
Slow,0,43,12,73,20690983,1,4,OK,-145.0,0.6465296670003227,0.668193292000069,3,,,sensitivity_run
Slow,0,43,12,73,20690983,1,5,OK,-145.0,0.6664116250003644,0.6888976250002088,3,,,sensitivity_run
Slow,0,43,12,73,20690983,2,3,OK,-195.0,0.3480202909995569,0.3705923329998768,0,,,sensitivity_run
Slow,0,43,12,73,20690983,3,3,OK,-255.0,0.3227487079993807,0.3444792079999388,1,,,sensitivity_run
Slow,0,43,12,74,20690984,1,3,OK,-120.0,0.8825644579992513,0.9070079999983136,1,,,baseline_checkpoint
Slow,0,43,12,74,20690984,1,4,OK,-120.0,0.6377346669996768,0.6597031249993961,1,,,sensitivity_run
Slow,0,43,12,74,20690984,1,5,OK,-120.0,0.6543811660003485,0.6767799169992941,1,,,sensitivity_run
Slow,0,43,12,74,20690984,2,3,OK,-180.0,1.463599124999746,1.485761416999594,5,,,sensitivity_run
Slow,0,43,12,74,20690984,3,3,OK,-230.0,0.16329662499992992,0.18582141600018076,0,,,sensitivity_run
Slow,0,43,12,75,20690985,1,3,OK,-145.0,0.5522064159995352,0.5765081669997016,2,,,baseline_checkpoint
Slow,0,43,12,75,20690985,1,4,OK,-145.0,0.5673283330006598,0.5891967919997114,2,,,sensitivity_run
Slow,0,43,12,75,20690985,1,5,OK,-145.0,0.5673175409992837,0.5895017499997266,2,,,sensitivity_run
Slow,0,43,12,75,20690985,2,3,OK,-195.0,1.1734379170002285,1.1954246670002249,3,,,sensitivity_run
Slow,0,43,12,75,20690985,3,3,OK,-230.0,0.18975045800016233,0.21199449999949138,0,,,sensitivity_run
Slow,0,43,12,76,20690986,1,3,OK,50.0,1.2782407920021797,1.3030826249996608,5,,,baseline_checkpoint
Slow,0,43,12,76,20690986,1,4,OK,-65.0,0.5176361249996262,0.5402420410000559,2,,,sensitivity_run
Slow,0,43,12,76,20690986,1,5,OK,-65.0,0.17754516700006207,0.1994680830002835,0,,,sensitivity_run
Slow,0,43,12,76,20690986,2,3,OK,-115.0,0.5105313330004719,0.533460040999671,2,,,sensitivity_run
Slow,0,43,12,76,20690986,3,3,OK,-150.0,0.5471845409992966,0.5693763330000365,2,,,sensitivity_run
Slow,0,43,12,77,20690987,1,3,OK,-105.0,0.3681304170022486,0.3925264999998035,1,,,baseline_checkpoint
Slow,0,43,12,77,20690987,1,4,OK,-105.0,0.6437258750002002,0.666553500000191,2,,,sensitivity_run
Slow,0,43,12,77,20690987,1,5,OK,-105.0,0.2508808749998934,0.2731478749992675,0,,,sensitivity_run
Slow,0,43,12,77,20690987,2,3,OK,-180.0,0.5556441250000717,0.5778309170000284,2,,,sensitivity_run
Slow,0,43,12,77,20690987,3,3,OK,-230.0,0.30309133300033864,0.32485429200005456,0,,,sensitivity_run
Slow,0,43,12,78,20690988,1,3,OK,-65.0,0.5472657500031346,0.5717952500017418,2,,,baseline_checkpoint
Slow,0,43,12,78,20690988,1,4,OK,-105.0,0.5553974590002326,0.5771992500003762,2,,,sensitivity_run
Slow,0,43,12,78,20690988,1,5,OK,-105.0,0.5545139169998947,0.5767703330002405,2,,,sensitivity_run
Slow,0,43,12,78,20690988,2,3,OK,-180.0,0.18503845799932606,0.20732479200069065,0,,,sensitivity_run
Slow,0,43,12,78,20690988,3,3,OK,-230.0,0.21316566600035003,0.2346220000008543,0,,,sensitivity_run
Slow,0,43,12,79,20690989,1,3,OK,35.0,0.1606200840033125,0.1857112089965085,0,,,baseline_checkpoint
Slow,0,43,12,79,20690989,1,4,OK,-65.0,0.4501486669996666,0.47237304099962785,2,,,sensitivity_run
Slow,0,43,12,79,20690989,1,5,OK,-65.0,0.29379887499999313,0.31569712500004243,1,,,sensitivity_run
Slow,0,43,12,79,20690989,2,3,OK,-115.0,2.2445288339995386,2.2669578750001165,14,,,sensitivity_run
Slow,0,43,12,79,20690989,3,3,OK,-175.0,0.14907391699944128,0.1708575419997942,0,,,sensitivity_run
Slow,0,43,12,80,20690990,1,3,OK,-105.0,0.1833589169982588,0.20764141700055916,0,,,baseline_checkpoint
Slow,0,43,12,80,20690990,1,4,OK,-105.0,0.18418883300000743,0.2059425839997857,0,,,sensitivity_run
Slow,0,43,12,80,20690990,1,5,OK,-105.0,0.18588787499993487,0.20789404200058925,0,,,sensitivity_run
Slow,0,43,12,80,20690990,2,3,OK,-155.0,0.3546295830001327,0.3766217909997067,0,,,sensitivity_run
Slow,0,43,12,80,20690990,3,3,OK,-190.0,0.23826766700040025,0.26063350000003993,0,,,sensitivity_run
Slow,0,43,12,81,20690991,1,3,OK,-65.0,4.961659500000678,4.986299166997924,20,,,baseline_checkpoint
Slow,0,43,12,81,20690991,1,4,OK,-80.0,1.644507292000526,1.6667594169994118,6,,,sensitivity_run
Slow,0,43,12,81,20690991,1,5,OK,-80.0,0.5681633329995748,0.5902930840002227,1,,,sensitivity_run
Slow,0,43,12,81,20690991,2,3,OK,-155.0,0.6294840410000688,0.6515123750004932,2,,,sensitivity_run
Slow,0,43,12,81,20690991,3,3,OK,-205.0,0.7425952909998159,0.7647301670003799,1,,,sensitivity_run
Slow,0,43,12,82,20690992,1,3,OK,-105.0,0.5443945419974625,0.5691798750012822,2,,,baseline_checkpoint
Slow,0,43,12,82,20690992,1,4,OK,-105.0,0.3693643750002593,0.3915212910005721,1,,,sensitivity_run
Slow,0,43,12,82,20690992,1,5,OK,-105.0,0.3750687919991833,0.3973764590000428,1,,,sensitivity_run
Slow,0,43,12,82,20690992,2,3,OK,-155.0,0.8997959159996753,0.9219372079996901,3,,,sensitivity_run
Slow,0,43,12,82,20690992,3,3,OK,-230.0,0.7742188330003046,0.8080958750006175,2,,,sensitivity_run
Slow,0,43,12,83,20690993,1,3,OK,-120.0,0.31382412500170176,0.33825687500211643,1,,,baseline_checkpoint
Slow,0,43,12,83,20690993,1,4,OK,-120.0,0.2305465830004323,0.2526230409994241,0,,,sensitivity_run
Slow,0,43,12,83,20690993,1,5,OK,-120.0,0.5573405830000411,0.5791900839994923,1,,,sensitivity_run
Slow,0,43,12,83,20690993,2,3,OK,-180.0,0.521340541000427,0.5439832920001209,2,,,sensitivity_run
Slow,0,43,12,83,20690993,3,3,OK,-230.0,0.3173485419993085,0.3391894999995202,0,,,sensitivity_run
Slow,0,43,12,84,20690994,1,3,OK,-145.0,0.40824941599930753,0.43263670799933607,1,,,baseline_checkpoint
Slow,0,43,12,84,20690994,1,4,OK,-145.0,1.312230874999841,1.333956415999637,4,,,sensitivity_run
Slow,0,43,12,84,20690994,1,5,OK,-145.0,0.46252145800008293,0.4845752500004892,1,,,sensitivity_run
Slow,0,43,12,84,20690994,2,3,OK,-220.0,0.7251324169992586,0.7471502090002105,2,,,sensitivity_run
Slow,0,43,12,84,20690994,3,3,OK,-255.0,0.20875091700054327,0.23099195800023153,0,,,sensitivity_run
Slow,0,43,12,85,20690995,1,3,OK,-105.0,0.34341995799695724,0.368307000000641,1,,,baseline_checkpoint
Slow,0,43,12,85,20690995,1,4,OK,-105.0,0.34210962500037567,0.3640768750001371,1,,,sensitivity_run
Slow,0,43,12,85,20690995,1,5,OK,-105.0,0.3129836250000153,0.33491166700059694,1,,,sensitivity_run
Slow,0,43,12,85,20690995,2,3,OK,-170.0,0.16046808300052362,0.18297274999986257,0,,,sensitivity_run
Slow,0,43,12,85,20690995,3,3,OK,-205.0,0.24418933400011156,0.2660288329998366,0,,,sensitivity_run
Slow,0,43,12,86,20690996,1,3,OK,-160.0,0.3500829580007121,0.3748632089991588,0,,,baseline_checkpoint
Slow,0,43,12,86,20690996,1,4,OK,-160.0,0.3211482079996131,0.34338266600025236,0,,,sensitivity_run
Slow,0,43,12,86,20690996,1,5,OK,-160.0,0.36610974999985046,0.388245499999357,0,,,sensitivity_run
Slow,0,43,12,86,20690996,2,3,OK,-235.0,0.16079895900020347,0.18304845800048497,0,,,sensitivity_run
Slow,0,43,12,86,20690996,3,3,OK,-270.0,0.17717191700012336,0.1988536250000834,0,,,sensitivity_run
Slow,0,43,12,87,20690997,1,3,OK,-65.0,0.38195508400167455,0.40597574999992503,1,,,baseline_checkpoint
Slow,0,43,12,87,20690997,1,4,OK,-65.0,0.6007380000000921,0.6223052909999751,3,,,sensitivity_run
Slow,0,43,12,87,20690997,1,5,OK,-65.0,1.9569127089998801,1.9791155829998388,9,,,sensitivity_run
Slow,0,43,12,87,20690997,2,3,OK,-140.0,0.18435737500021787,0.20650287499938713,0,,,sensitivity_run
Slow,0,43,12,87,20690997,3,3,OK,-190.0,0.3153334580001683,0.33733195799959503,0,,,sensitivity_run
Slow,0,43,12,88,20690998,1,3,OK,-145.0,0.47440274999826215,0.49896966699816403,2,,,baseline_checkpoint
Slow,0,43,12,88,20690998,1,4,OK,-145.0,0.4809804160004205,0.5029637919997185,2,,,sensitivity_run
Slow,0,43,12,88,20690998,1,5,OK,-145.0,0.48117774999991525,0.5039560420000271,2,,,sensitivity_run
Slow,0,43,12,88,20690998,2,3,OK,-180.0,0.6611095830003251,0.6834120419998726,2,,,sensitivity_run
Slow,0,43,12,88,20690998,3,3,OK,-190.0,0.28519579200019507,0.3071372500007783,0,,,sensitivity_run
Slow,0,43,12,89,20690999,1,3,OK,-65.0,0.18533875000139233,0.2098649170002318,0,,,baseline_checkpoint
Slow,0,43,12,89,20690999,1,4,OK,-65.0,0.18777858299927175,0.2095568340000682,0,,,sensitivity_run
Slow,0,43,12,89,20690999,1,5,OK,-65.0,0.19035237500065705,0.21334412500073086,0,,,sensitivity_run
Slow,0,43,12,89,20690999,2,3,OK,-115.0,0.18777445799969428,0.20980070899986458,0,,,sensitivity_run
Slow,0,43,12,89,20690999,3,3,OK,-115.0,0.1866243750000649,0.2084231250000812,0,,,sensitivity_run
Slow,0,43,12,90,20691000,1,3,OK,-160.0,0.4379821670008823,0.46255862500038347,2,,,baseline_checkpoint
Slow,0,43,12,90,20691000,1,4,OK,-160.0,0.4386182500002178,0.46055100000012317,2,,,sensitivity_run
Slow,0,43,12,90,20691000,1,5,OK,-160.0,0.44017416699989553,0.46237179200034006,2,,,sensitivity_run
Slow,0,43,12,90,20691000,2,3,OK,-220.0,0.7250949170002059,0.7471162920001007,2,,,sensitivity_run
Slow,0,43,12,90,20691000,3,3,OK,-270.0,0.17091354100011813,0.1925292089999857,0,,,sensitivity_run
Slow,0,43,12,91,20691001,1,3,OK,-145.0,0.9829831250026473,1.0079990410013124,3,,,baseline_checkpoint
Slow,0,43,12,91,20691001,1,4,OK,-145.0,0.7741435829993861,0.7962407089999033,2,,,sensitivity_run
Slow,0,43,12,91,20691001,1,5,OK,-145.0,0.36411874999976135,0.38623508399996354,0,,,sensitivity_run
Slow,0,43,12,91,20691001,2,3,OK,-220.0,0.47772737500054063,0.5002874169995266,1,,,sensitivity_run
Slow,0,43,12,91,20691001,3,3,OK,-255.0,1.0839830419999998,1.1206857500001206,3,,,sensitivity_run
Slow,0,43,12,92,20691002,1,3,OK,-105.0,0.37517270800162805,0.3996278339982382,1,,,baseline_checkpoint
Slow,0,43,12,92,20691002,1,4,OK,-105.0,0.38149479200001224,0.40340229100002034,1,,,sensitivity_run
Slow,0,43,12,92,20691002,1,5,OK,-105.0,0.3950862080000661,0.4174115420000817,2,,,sensitivity_run
Slow,0,43,12,92,20691002,2,3,OK,-155.0,0.33906279199982237,0.3620180830002937,0,,,sensitivity_run
Slow,0,43,12,92,20691002,3,3,OK,-155.0,0.3131998749995546,0.3350582499997472,0,,,sensitivity_run
Slow,0,43,12,93,20691003,1,3,OK,-5.0,0.15829225000197766,0.18236174999765353,0,,,baseline_checkpoint
Slow,0,43,12,93,20691003,1,4,OK,-105.0,0.1587904999996681,0.18074154100031592,0,,,sensitivity_run
Slow,0,43,12,93,20691003,1,5,OK,-105.0,0.15966354200008936,0.18185808300040662,0,,,sensitivity_run
Slow,0,43,12,93,20691003,2,3,OK,-155.0,0.3180414580001525,0.340203042000212,1,,,sensitivity_run
Slow,0,43,12,93,20691003,3,3,OK,-190.0,0.16075424999962706,0.18253833299968392,0,,,sensitivity_run
Slow,0,43,12,94,20691004,1,3,OK,-80.0,0.37452500000290456,0.39946929100187845,0,,,baseline_checkpoint
Slow,0,43,12,94,20691004,1,4,OK,-80.0,0.3434267499997077,0.3654910840004959,0,,,sensitivity_run
Slow,0,43,12,94,20691004,1,5,OK,-80.0,0.4245627500004048,0.4465925000004063,0,,,sensitivity_run
Slow,0,43,12,94,20691004,2,3,OK,-155.0,0.6826930830002311,0.7050876249995781,1,,,sensitivity_run
Slow,0,43,12,94,20691004,3,3,OK,-205.0,0.3265687920002165,0.34830741599944304,0,,,sensitivity_run
Slow,0,43,12,95,20691005,1,3,OK,-65.0,1.8453823339987139,1.8696098750006058,6,,,baseline_checkpoint
Slow,0,43,12,95,20691005,1,4,OK,-65.0,0.7413772919999246,0.7636116670000774,3,,,sensitivity_run
Slow,0,43,12,95,20691005,1,5,OK,-65.0,0.7392782500000976,0.7612955419999707,3,,,sensitivity_run
Slow,0,43,12,95,20691005,2,3,OK,-115.0,0.5764171249993524,0.5988859589997446,2,,,sensitivity_run
Slow,0,43,12,95,20691005,3,3,OK,-115.0,0.5784665000001041,0.6001304589999563,2,,,sensitivity_run
Slow,0,43,12,96,20691006,1,3,OK,-160.0,0.3633793330009212,0.3877599999977974,1,,,baseline_checkpoint
Slow,0,43,12,96,20691006,1,4,OK,-160.0,0.39433829199970205,0.44802262500070356,1,,,sensitivity_run
Slow,0,43,12,96,20691006,1,5,OK,-160.0,0.37543983300020045,0.39741912499994214,1,,,sensitivity_run
Slow,0,43,12,96,20691006,2,3,OK,-210.0,0.2971485420002864,0.32003104200066446,0,,,sensitivity_run
Slow,0,43,12,96,20691006,3,3,OK,-210.0,0.30407820900018123,0.3259557080000377,0,,,sensitivity_run
Slow,0,43,12,97,20691007,1,3,OK,-105.0,0.30053324999971665,0.3253314999965369,0,,,baseline_checkpoint
Slow,0,43,12,97,20691007,1,4,OK,-105.0,0.3234730829999535,0.3461165409999012,0,,,sensitivity_run
Slow,0,43,12,97,20691007,1,5,OK,-105.0,0.25992883399976563,0.2820657909996953,0,,,sensitivity_run
Slow,0,43,12,97,20691007,2,3,OK,-155.0,1.088985708999644,1.111721999999645,3,,,sensitivity_run
Slow,0,43,12,97,20691007,3,3,OK,-190.0,0.6344259159996,0.6564150000003792,1,,,sensitivity_run
Slow,0,43,12,98,20691008,1,3,OK,-145.0,0.7840591249987483,0.8084950410011515,4,,,baseline_checkpoint
Slow,0,43,12,98,20691008,1,4,OK,-145.0,0.7964505830004782,0.8183705000001282,4,,,sensitivity_run
Slow,0,43,12,98,20691008,1,5,OK,-145.0,0.8002211249995526,0.8222458330001245,4,,,sensitivity_run
Slow,0,43,12,98,20691008,2,3,OK,-180.0,0.6231522910002241,0.6457925839995369,1,,,sensitivity_run
Slow,0,43,12,98,20691008,3,3,OK,-230.0,0.18788991699966573,0.21001208300003782,0,,,sensitivity_run
Slow,0,43,12,99,20691009,1,3,OK,-105.0,0.34130699999877834,0.3662030000014056,2,,,baseline_checkpoint
Slow,0,43,12,99,20691009,1,4,OK,-105.0,0.3498275409992857,0.3866650829995706,2,,,sensitivity_run
Slow,0,43,12,99,20691009,1,5,OK,-105.0,0.34469145799994294,0.3663292499995805,2,,,sensitivity_run
Slow,0,43,12,99,20691009,2,3,OK,-195.0,0.5234241250000196,0.5461791249999806,2,,,sensitivity_run
Slow,0,43,12,99,20691009,3,3,OK,-195.0,0.5254985419996956,0.548214000000371,2,,,sensitivity_run
Slow,0,43,12,100,20691010,1,3,OK,-105.0,0.31220420799945714,0.33693270799994934,0,,,baseline_checkpoint
Slow,0,43,12,100,20691010,1,4,OK,-105.0,0.4916560420006135,0.5135148340004889,2,,,sensitivity_run
Slow,0,43,12,100,20691010,1,5,OK,-105.0,0.297691875000055,0.31934308400013833,0,,,sensitivity_run
Slow,0,43,12,100,20691010,2,3,OK,-195.0,0.2718955829996048,0.29421820900006423,0,,,sensitivity_run
Slow,0,43,12,100,20691010,3,3,OK,-230.0,0.9881257080005525,1.0356179579994205,3,,,sensitivity_run
