Family,Metric,Setting1,Setting2,N_pairs,Median1,Median2,Median_delta_2_minus_1,Mean_delta_2_minus_1,Wilcoxon_statistic,p_raw,p_Holm,Rank_biserial_2_minus_1,Significant_0.05
r sensitivity (s=3),Time,"r=1,s=3","r=2,s=3",100,1.1215332920000947,0.8777527289998943,-0.2101548749983522,-2.0899792729197952,1845.0,0.019384089495076966,0.03876817899015393,-0.2693069306930693,Yes
r sensitivity (s=3),Time,"r=1,s=3","r=3,s=3",100,1.1215332920000947,0.6551511665002181,-0.29513931199949184,-2.362653531249739,1614.0,0.0017343431991457034,0.00520302959743711,-0.3607920792079208,Yes
r sensitivity (s=3),Time,"r=2,s=3","r=3,s=3",100,0.8777527289998943,0.6551511665002181,-0.09157914549973611,-0.2726742583299438,2169.0,0.22093576367931422,0.22093576367931422,-0.14099009900990098,No
r sensitivity (s=3),Subtours,"r=1,s=3","r=2,s=3",100,1.0,2.0,0.0,-2.11,1501.0,0.843124585625939,1.0,-0.02564102564102564,No
r sensitivity (s=3),Subtours,"r=1,s=3","r=3,s=3",100,1.0,1.0,0.0,-2.45,1466.0,0.35613835778916736,1.0,-0.11713339355615779,No
r sensitivity (s=3),Subtours,"r=2,s=3","r=3,s=3",100,2.0,1.0,0.0,-0.34,1500.5,0.5641169873477941,1.0,-0.07376543209876543,No
r sensitivity (s=3),Quality,"r=1,s=3","r=2,s=3",100,-215.0,-265.0,-50.0,-52.45,0.0,7.398090403895772e-20,2.2194271211687313e-19,-1.0,Yes
r sensitivity (s=3),Quality,"r=1,s=3","r=3,s=3",100,-215.0,-300.0,-100.0,-98.3,0.0,6.725726901231185e-19,6.725726901231185e-19,-1.0,Yes
r sensitivity (s=3),Quality,"r=2,s=3","r=3,s=3",100,-265.0,-300.0,-50.0,-45.85,0.0,8.15490243327802e-20,2.2194271211687313e-19,-1.0,Yes
s sensitivity (r=1),Time,"r=1,s=3","r=1,s=4",100,1.1215332920000947,1.032861167000192,0.024379354500751987,-1.1037315879798053,2494.0,0.9151157833041156,1.0,-0.012277227722772278,No
s sensitivity (r=1),Time,"r=1,s=3","r=1,s=5",100,1.1215332920000947,0.9814590834998853,0.002105603999552841,-0.8755535671498,2458.0,0.817806007749672,1.0,-0.026534653465346534,No
s sensitivity (r=1),Time,"r=1,s=4","r=1,s=5",100,1.032861167000192,0.9814590834998853,-0.0006934579996596135,0.22817802083000527,2472.0,0.8554012757415651,1.0,0.02099009900990099,No
s sensitivity (r=1),Subtours,"r=1,s=3","r=1,s=4",100,1.0,1.5,0.0,-1.43,1213.0,0.5665630634553955,1.0,-0.07686453576864535,No
s sensitivity (r=1),Subtours,"r=1,s=3","r=1,s=5",100,1.0,1.0,0.0,-1.1,1270.0,0.9632929658674988,1.0,0.006259780907668232,No
s sensitivity (r=1),Subtours,"r=1,s=4","r=1,s=5",100,1.5,1.0,0.0,0.33,1091.0,0.4827914472541863,1.0,0.09648033126293996,No
s sensitivity (r=1),Quality,"r=1,s=3","r=1,s=4",100,-215.0,-215.0,0.0,-5.45,0.0,2.636160746797795e-08,5.27232149359559e-08,-1.0,Yes
s sensitivity (r=1),Quality,"r=1,s=3","r=1,s=5",100,-215.0,-215.0,0.0,-7.95,0.0,5.876834647718315e-09,1.7630503943154945e-08,-1.0,Yes
s sensitivity (r=1),Quality,"r=1,s=4","r=1,s=5",100,-215.0,-215.0,0.0,-2.5,0.0,0.00029018706942284146,0.00029018706942284146,-1.0,Yes
