Family,Metric,r,s,N,Mean,Median,SD
r sensitivity (s=3),Time,1,3,100,4.684196606659789,1.1215332920000947,16.671989070513856
r sensitivity (s=3),Time,2,3,100,2.5942173337399934,0.8777527289998943,6.244765495097528
r sensitivity (s=3),Time,3,3,100,2.32154307541005,0.6551511665002181,6.086376872878608
r sensitivity (s=3),Subtours,1,3,100,6.95,1.0,22.35859042195115
r sensitivity (s=3),Subtours,2,3,100,4.84,2.0,11.255274857648397
r sensitivity (s=3),Subtours,3,3,100,4.5,1.0,12.705284035559474
r sensitivity (s=3),Quality,1,3,100,-205.25,-215.0,19.89080037087345
r sensitivity (s=3),Quality,2,3,100,-257.7,-265.0,18.632815626786474
r sensitivity (s=3),Quality,3,3,100,-303.55,-300.0,23.314873650383213
s sensitivity (r=1),Time,1,3,100,4.684196606659789,1.1215332920000947,16.671989070513856
s sensitivity (r=1),Time,1,4,100,3.5804650186799836,1.032861167000192,11.328867694723916
s sensitivity (r=1),Time,1,5,100,3.8086430395099886,0.9814590834998853,12.210238193600837
s sensitivity (r=1),Subtours,1,3,100,6.95,1.0,22.35859042195115
s sensitivity (r=1),Subtours,1,4,100,5.52,1.5,15.902150289768478
s sensitivity (r=1),Subtours,1,5,100,5.85,1.0,17.720258907746686
s sensitivity (r=1),Quality,1,3,100,-205.25,-215.0,19.89080037087345
s sensitivity (r=1),Quality,1,4,100,-210.7,-215.0,21.614389146626795
s sensitivity (r=1),Quality,1,5,100,-213.2,-215.0,22.758281875822565
