Profile,SMF,L,b,Run,Seed,r,s,Status,Quality,Time_s,Wall_time_s,Subtours,Error_type,Error_message,Source,Solved,TimedOut,Errored,Quality_optimal,Time_optimal_s,Subtours_optimal,Termination_time_s
Moderate,1,62,12,1,30880911,1,3,OK,-160.0,5.870321499998681,5.920661457999813,8,,,baseline_checkpoint,True,False,False,-160.0,5.870321499998681,8,5.920661457999813
Moderate,1,62,12,1,30880911,1,4,OK,-160.0,1.842536375000236,1.885467874999904,2,,,sensitivity_run,True,False,False,-160.0,1.842536375000236,2,1.885467874999904
Moderate,1,62,12,1,30880911,1,5,OK,-160.0,1.654927458000202,1.6978579999999963,1,,,sensitivity_run,True,False,False,-160.0,1.654927458000202,1,1.6978579999999963
Moderate,1,62,12,1,30880911,2,3,OK,-235.0,8.269188542000393,8.314192958000149,16,,,sensitivity_run,True,False,False,-235.0,8.269188542000393,16,8.314192958000149
Moderate,1,62,12,1,30880911,3,3,OK,-285.0,12.659434583000348,12.702649750000091,25,,,sensitivity_run,True,False,False,-285.0,12.659434583000348,25,12.702649750000091
Moderate,1,62,12,2,30880912,1,3,OK,-200.0,1.8825507500005187,1.9446243749989665,5,,,baseline_checkpoint,True,False,False,-200.0,1.8825507500005187,5,1.9446243749989665
Moderate,1,62,12,2,30880912,1,4,OK,-200.0,1.2500497500000165,1.2928449580003871,5,,,sensitivity_run,True,False,False,-200.0,1.2500497500000165,5,1.2928449580003871
Moderate,1,62,12,2,30880912,1,5,OK,-200.0,0.396536875000038,0.4396131670000613,0,,,sensitivity_run,True,False,False,-200.0,0.396536875000038,0,0.4396131670000613
Moderate,1,62,12,2,30880912,2,3,OK,-250.0,0.6017429170001378,0.6582365409999511,1,,,sensitivity_run,True,False,False,-250.0,0.6017429170001378,1,0.6582365409999511
Moderate,1,62,12,2,30880912,3,3,OK,-300.0,0.3526225420000628,0.3951288339999337,1,,,sensitivity_run,True,False,False,-300.0,0.3526225420000628,1,0.3951288339999337
Moderate,1,62,12,3,30880913,1,3,OK,-200.0,0.3956149999976333,0.445300874998793,0,,,baseline_checkpoint,True,False,False,-200.0,0.3956149999976333,0,0.445300874998793
Moderate,1,62,12,3,30880913,1,4,OK,-200.0,0.5973613329997534,0.6394116670003314,0,,,sensitivity_run,True,False,False,-200.0,0.5973613329997534,0,0.6394116670003314
Moderate,1,62,12,3,30880913,1,5,OK,-215.0,0.3926214160001109,0.4353273749998152,0,,,sensitivity_run,True,False,False,-215.0,0.3926214160001109,0,0.4353273749998152
Moderate,1,62,12,3,30880913,2,3,OK,-250.0,0.1845663750000312,0.2278147920001174,0,,,sensitivity_run,True,False,False,-250.0,0.1845663750000312,0,0.2278147920001174
Moderate,1,62,12,3,30880913,3,3,OK,-300.0,0.1797887090001495,0.2222464589999617,0,,,sensitivity_run,True,False,False,-300.0,0.1797887090001495,0,0.2222464589999617
Moderate,1,62,12,4,30880914,1,3,OK,-185.0,0.3643315420013095,0.4148409160006849,0,,,baseline_checkpoint,True,False,False,-185.0,0.3643315420013095,0,0.4148409160006849
Moderate,1,62,12,4,30880914,1,4,OK,-185.0,0.3682822079999823,0.4114872089999153,0,,,sensitivity_run,True,False,False,-185.0,0.3682822079999823,0,0.4114872089999153
Moderate,1,62,12,4,30880914,1,5,OK,-185.0,0.3683631670000977,0.411655249999967,0,,,sensitivity_run,True,False,False,-185.0,0.3683631670000977,0,0.411655249999967
Moderate,1,62,12,4,30880914,2,3,OK,-235.0,0.7580692500000623,0.828546333000304,2,,,sensitivity_run,True,False,False,-235.0,0.7580692500000623,2,0.828546333000304
Moderate,1,62,12,4,30880914,3,3,OK,-270.0,3.7162342500000713,3.7590081670000473,7,,,sensitivity_run,True,False,False,-270.0,3.7162342500000713,7,3.7590081670000473
Moderate,1,62,12,5,30880915,1,3,OK,-215.0,0.5609729169991624,0.6109470000010333,0,,,baseline_checkpoint,True,False,False,-215.0,0.5609729169991624,0,0.6109470000010333
Moderate,1,62,12,5,30880915,1,4,OK,-215.0,0.2630465829997774,0.3058679999999185,0,,,sensitivity_run,True,False,False,-215.0,0.2630465829997774,0,0.3058679999999185
Moderate,1,62,12,5,30880915,1,5,OK,-215.0,0.4684520000000702,0.5114628749997792,0,,,sensitivity_run,True,False,False,-215.0,0.4684520000000702,0,0.5114628749997792
Moderate,1,62,12,5,30880915,2,3,OK,-265.0,0.2728238750000855,0.3162464580000232,0,,,sensitivity_run,True,False,False,-265.0,0.2728238750000855,0,0.3162464580000232
Moderate,1,62,12,5,30880915,3,3,OK,-300.0,1.0943882500000657,1.1372028750001846,4,,,sensitivity_run,True,False,False,-300.0,1.0943882500000657,4,1.1372028750001846
Moderate,1,62,12,6,30880916,1,3,OK,-200.0,1.2473366250014806,1.2968502920011815,3,,,baseline_checkpoint,True,False,False,-200.0,1.2473366250014806,3,1.2968502920011815
Moderate,1,62,12,6,30880916,1,4,OK,-200.0,1.4473115830001009,1.4903617090003536,3,,,sensitivity_run,True,False,False,-200.0,1.4473115830001009,3,1.4903617090003536
Moderate,1,62,12,6,30880916,1,5,OK,-200.0,2.236439000000246,2.2790659580000465,6,,,sensitivity_run,True,False,False,-200.0,2.236439000000246,6,2.2790659580000465
Moderate,1,62,12,6,30880916,2,3,OK,-250.0,0.2543952919995718,0.2972143339998183,0,,,sensitivity_run,True,False,False,-250.0,0.2543952919995718,0,0.2972143339998183
Moderate,1,62,12,6,30880916,3,3,OK,-300.0,0.7367064580002989,0.7802216670002053,3,,,sensitivity_run,True,False,False,-300.0,0.7367064580002989,3,0.7802216670002053
Moderate,1,62,12,7,30880917,1,3,OK,-230.0,28.277564750002057,28.32742616700125,43,,,baseline_checkpoint,True,False,False,-230.0,28.277564750002057,43,28.32742616700125
Moderate,1,62,12,7,30880917,1,4,OK,-230.0,17.829696499999955,17.872557541999868,27,,,sensitivity_run,True,False,False,-230.0,17.829696499999955,27,17.872557541999868
Moderate,1,62,12,7,30880917,1,5,OK,-245.0,17.20810320800001,17.26361091700028,30,,,sensitivity_run,True,False,False,-245.0,17.20810320800001,30,17.26361091700028
Moderate,1,62,12,7,30880917,2,3,OK,-280.0,6.816913666999881,6.860258958000031,18,,,sensitivity_run,True,False,False,-280.0,6.816913666999881,18,6.860258958000031
Moderate,1,62,12,7,30880917,3,3,OK,-330.0,0.428056999999626,0.470877417000338,0,,,sensitivity_run,True,False,False,-330.0,0.428056999999626,0,0.470877417000338
Moderate,1,62,12,8,30880918,1,3,OK,-245.0,0.8912126670002181,0.9421977909987618,1,,,baseline_checkpoint,True,False,False,-245.0,0.8912126670002181,1,0.9421977909987618
Moderate,1,62,12,8,30880918,1,4,OK,-260.0,1.0087878340000316,1.051933624999947,2,,,sensitivity_run,True,False,False,-260.0,1.0087878340000316,2,1.051933624999947
Moderate,1,62,12,8,30880918,1,5,OK,-275.0,0.5468782080001802,0.5914678330000243,0,,,sensitivity_run,True,False,False,-275.0,0.5468782080001802,0,0.5914678330000243
Moderate,1,62,12,8,30880918,2,3,OK,-295.0,0.6975236250000307,0.7415161250000892,2,,,sensitivity_run,True,False,False,-295.0,0.6975236250000307,2,0.7415161250000892
Moderate,1,62,12,8,30880918,3,3,OK,-345.0,1.3577891659997476,1.4429677080001966,3,,,sensitivity_run,True,False,False,-345.0,1.3577891659997476,3,1.4429677080001966
Moderate,1,62,12,9,30880919,1,3,OK,-175.0,0.8647244169987971,0.9150938329985364,0,,,baseline_checkpoint,True,False,False,-175.0,0.8647244169987971,0,0.9150938329985364
Moderate,1,62,12,9,30880919,1,4,OK,-190.0,0.936857333000262,0.9798083330001646,1,,,sensitivity_run,True,False,False,-190.0,0.936857333000262,1,0.9798083330001646
Moderate,1,62,12,9,30880919,1,5,OK,-205.0,0.2710186669996801,0.3142112909999923,0,,,sensitivity_run,True,False,False,-205.0,0.2710186669996801,0,0.3142112909999923
Moderate,1,62,12,9,30880919,2,3,OK,-210.0,0.8619187079998483,0.9055648329999711,1,,,sensitivity_run,True,False,False,-210.0,0.8619187079998483,1,0.9055648329999711
Moderate,1,62,12,9,30880919,3,3,OK,-260.0,0.1751792919999388,0.2191572080000696,0,,,sensitivity_run,True,False,False,-260.0,0.1751792919999388,0,0.2191572080000696
Moderate,1,62,12,10,30880920,1,3,OK,-215.0,0.9057195409986888,0.9566965420017368,0,,,baseline_checkpoint,True,False,False,-215.0,0.9057195409986888,0,0.9566965420017368
Moderate,1,62,12,10,30880920,1,4,OK,-245.0,0.4141019159997086,0.4808778329997949,0,,,sensitivity_run,True,False,False,-245.0,0.4141019159997086,0,0.4808778329997949
Moderate,1,62,12,10,30880920,1,5,OK,-245.0,0.4063551249996635,0.4496595000000525,0,,,sensitivity_run,True,False,False,-245.0,0.4063551249996635,0,0.4496595000000525
Moderate,1,62,12,10,30880920,2,3,OK,-265.0,6.175113583999973,6.2184708340000725,11,,,sensitivity_run,True,False,False,-265.0,6.175113583999973,11,6.2184708340000725
Moderate,1,62,12,10,30880920,3,3,OK,-315.0,0.5799937500000851,0.624511375000111,0,,,sensitivity_run,True,False,False,-315.0,0.5799937500000851,0,0.624511375000111
Moderate,1,62,12,11,30880921,1,3,OK,-230.0,2.071413333000237,2.1221951660008926,2,,,baseline_checkpoint,True,False,False,-230.0,2.071413333000237,2,2.1221951660008926
Moderate,1,62,12,11,30880921,1,4,OK,-245.0,0.2850879580000764,0.3635783329996229,0,,,sensitivity_run,True,False,False,-245.0,0.2850879580000764,0,0.3635783329996229
Moderate,1,62,12,11,30880921,1,5,OK,-245.0,1.1762301250000746,1.2200394169999529,1,,,sensitivity_run,True,False,False,-245.0,1.1762301250000746,1,1.2200394169999529
Moderate,1,62,12,11,30880921,2,3,OK,-280.0,0.4759366660000523,0.5205854999999247,0,,,sensitivity_run,True,False,False,-280.0,0.4759366660000523,0,0.5205854999999247
Moderate,1,62,12,11,30880921,3,3,OK,-330.0,0.974366708999696,1.0186316250001255,1,,,sensitivity_run,True,False,False,-330.0,0.974366708999696,1,1.0186316250001255
Moderate,1,62,12,12,30880922,1,3,OK,-190.0,0.5038067919995228,0.5544005409974488,0,,,baseline_checkpoint,True,False,False,-190.0,0.5038067919995228,0,0.5544005409974488
Moderate,1,62,12,12,30880922,1,4,OK,-190.0,1.1942471249999471,1.2371978330002094,2,,,sensitivity_run,True,False,False,-190.0,1.1942471249999471,2,1.2371978330002094
Moderate,1,62,12,12,30880922,1,5,OK,-190.0,0.2471904579997499,0.2902189999999791,0,,,sensitivity_run,True,False,False,-190.0,0.2471904579997499,0,0.2902189999999791
Moderate,1,62,12,12,30880922,2,3,OK,-240.0,0.2945456670004205,0.3394607919999544,0,,,sensitivity_run,True,False,False,-240.0,0.2945456670004205,0,0.3394607919999544
Moderate,1,62,12,12,30880922,3,3,OK,-290.0,0.5864328329998898,0.6316400420000718,1,,,sensitivity_run,True,False,False,-290.0,0.5864328329998898,1,0.6316400420000718
Moderate,1,62,12,13,30880923,1,3,OK,-200.0,0.1815449999994598,0.2319535419992462,0,,,baseline_checkpoint,True,False,False,-200.0,0.1815449999994598,0,0.2319535419992462
Moderate,1,62,12,13,30880923,1,4,OK,-200.0,0.5100043749998804,0.5532916250003836,1,,,sensitivity_run,True,False,False,-200.0,0.5100043749998804,1,0.5532916250003836
Moderate,1,62,12,13,30880923,1,5,OK,-200.0,0.8563235000001441,0.8996632090002095,2,,,sensitivity_run,True,False,False,-200.0,0.8563235000001441,2,0.8996632090002095
Moderate,1,62,12,13,30880923,2,3,OK,-250.0,4.128194291,4.173185834000378,12,,,sensitivity_run,True,False,False,-250.0,4.128194291,12,4.173185834000378
Moderate,1,62,12,13,30880923,3,3,OK,-285.0,0.6168673749998561,0.6611090419996799,0,,,sensitivity_run,True,False,False,-285.0,0.6168673749998561,0,0.6611090419996799
Moderate,1,62,12,14,30880924,1,3,OK,-185.0,0.8872659999979078,0.9380874579983356,0,,,baseline_checkpoint,True,False,False,-185.0,0.8872659999979078,0,0.9380874579983356
Moderate,1,62,12,14,30880924,1,4,OK,-215.0,0.4232808749998185,0.4969814169999154,0,,,sensitivity_run,True,False,False,-215.0,0.4232808749998185,0,0.4969814169999154
Moderate,1,62,12,14,30880924,1,5,OK,-215.0,0.910369707999962,0.9534724999998616,1,,,sensitivity_run,True,False,False,-215.0,0.910369707999962,1,0.9534724999998616
Moderate,1,62,12,14,30880924,2,3,OK,-250.0,7.157058958000107,7.202975500000321,10,,,sensitivity_run,True,False,False,-250.0,7.157058958000107,10,7.202975500000321
Moderate,1,62,12,14,30880924,3,3,OK,-300.0,9.860211832999994,9.90441141600013,16,,,sensitivity_run,True,False,False,-300.0,9.860211832999994,16,9.90441141600013
Moderate,1,62,12,15,30880925,1,3,OK,-215.0,0.2739441669982625,0.3234085000003688,0,,,baseline_checkpoint,True,False,False,-215.0,0.2739441669982625,0,0.3234085000003688
Moderate,1,62,12,15,30880925,1,4,OK,-215.0,0.277372208000088,0.3213312500001848,0,,,sensitivity_run,True,False,False,-215.0,0.277372208000088,0,0.3213312500001848
Moderate,1,62,12,15,30880925,1,5,OK,-215.0,0.2886842500001876,0.3321250409999265,0,,,sensitivity_run,True,False,False,-215.0,0.2886842500001876,0,0.3321250409999265
Moderate,1,62,12,15,30880925,2,3,OK,-250.0,0.4127474169999914,0.4565271659998871,0,,,sensitivity_run,True,False,False,-250.0,0.4127474169999914,0,0.4565271659998871
Moderate,1,62,12,15,30880925,3,3,OK,-300.0,0.5668053330000475,0.6102740000001177,1,,,sensitivity_run,True,False,False,-300.0,0.5668053330000475,1,0.6102740000001177
Moderate,1,62,12,16,30880926,1,3,OK,-215.0,1.332675958001346,1.3835214170030667,1,,,baseline_checkpoint,True,False,False,-215.0,1.332675958001346,1,1.3835214170030667
Moderate,1,62,12,16,30880926,1,4,OK,-215.0,0.6505723330001274,0.7082027080000444,0,,,sensitivity_run,True,False,False,-215.0,0.6505723330001274,0,0.7082027080000444
Moderate,1,62,12,16,30880926,1,5,OK,-215.0,1.9313413750001016,1.9755746249998083,3,,,sensitivity_run,True,False,False,-215.0,1.9313413750001016,3,1.9755746249998083
Moderate,1,62,12,16,30880926,2,3,OK,-265.0,0.6772342079998452,0.7211975410000377,1,,,sensitivity_run,True,False,False,-265.0,0.6772342079998452,1,0.7211975410000377
Moderate,1,62,12,16,30880926,3,3,OK,-315.0,0.9803700409997872,1.024340250000023,3,,,sensitivity_run,True,False,False,-315.0,0.9803700409997872,3,1.024340250000023
Moderate,1,62,12,17,30880927,1,3,OK,-230.0,5.316723708998325,5.36729162499978,15,,,baseline_checkpoint,True,False,False,-230.0,5.316723708998325,15,5.36729162499978
Moderate,1,62,12,17,30880927,1,4,OK,-230.0,3.2301016659998822,3.273709958000381,11,,,sensitivity_run,True,False,False,-230.0,3.2301016659998822,11,3.273709958000381
Moderate,1,62,12,17,30880927,1,5,OK,-230.0,2.0432302909998725,2.0860441249997166,5,,,sensitivity_run,True,False,False,-230.0,2.0432302909998725,5,2.0860441249997166
Moderate,1,62,12,17,30880927,2,3,OK,-280.0,4.952290166999774,4.996370207999917,11,,,sensitivity_run,True,False,False,-280.0,4.952290166999774,11,4.996370207999917
Moderate,1,62,12,17,30880927,3,3,OK,-315.0,0.963172165999822,1.0058860409999395,2,,,sensitivity_run,True,False,False,-315.0,0.963172165999822,2,1.0058860409999395
Moderate,1,62,12,18,30880928,1,3,OK,-215.0,0.2338092499994672,0.2846363749995362,0,,,baseline_checkpoint,True,False,False,-215.0,0.2338092499994672,0,0.2846363749995362
Moderate,1,62,12,18,30880928,1,4,OK,-215.0,0.7961840829998437,0.839547790999859,0,,,sensitivity_run,True,False,False,-215.0,0.7961840829998437,0,0.839547790999859
Moderate,1,62,12,18,30880928,1,5,OK,-215.0,0.5466270000001714,0.5907680000000255,0,,,sensitivity_run,True,False,False,-215.0,0.5466270000001714,0,0.5907680000000255
Moderate,1,62,12,18,30880928,2,3,OK,-265.0,0.229459291999774,0.2725530000002436,0,,,sensitivity_run,True,False,False,-265.0,0.229459291999774,0,0.2725530000002436
Moderate,1,62,12,18,30880928,3,3,OK,-300.0,0.4260674580000341,0.4694262500001969,1,,,sensitivity_run,True,False,False,-300.0,0.4260674580000341,1,0.4694262500001969
Moderate,1,62,12,19,30880929,1,3,OK,-145.0,2.270124124999711,2.320781792001071,5,,,baseline_checkpoint,True,False,False,-145.0,2.270124124999711,5,2.320781792001071
Moderate,1,62,12,19,30880929,1,4,OK,-160.0,0.2722965419998218,0.3262912909999613,0,,,sensitivity_run,True,False,False,-160.0,0.2722965419998218,0,0.3262912909999613
Moderate,1,62,12,19,30880929,1,5,OK,-160.0,0.2741339580002204,0.318115250000119,0,,,sensitivity_run,True,False,False,-160.0,0.2741339580002204,0,0.318115250000119
Moderate,1,62,12,19,30880929,2,3,OK,-220.0,0.2401200829999652,0.2835771669997484,0,,,sensitivity_run,True,False,False,-220.0,0.2401200829999652,0,0.2835771669997484
Moderate,1,62,12,19,30880929,3,3,OK,-270.0,1.570166834000247,1.613599417000387,2,,,sensitivity_run,True,False,False,-270.0,1.570166834000247,2,1.613599417000387
Moderate,1,62,12,20,30880930,1,3,OK,-175.0,0.9052195419972122,0.955571541999234,1,,,baseline_checkpoint,True,False,False,-175.0,0.9052195419972122,1,0.955571541999234
Moderate,1,62,12,20,30880930,1,4,OK,-175.0,2.227823624999928,2.271307292000074,3,,,sensitivity_run,True,False,False,-175.0,2.227823624999928,3,2.271307292000074
Moderate,1,62,12,20,30880930,1,5,OK,-175.0,3.219313125000099,3.2622977920000267,5,,,sensitivity_run,True,False,False,-175.0,3.219313125000099,5,3.2622977920000267
Moderate,1,62,12,20,30880930,2,3,OK,-250.0,2.31616750000012,2.3594428750002407,4,,,sensitivity_run,True,False,False,-250.0,2.31616750000012,4,2.3594428750002407
Moderate,1,62,12,20,30880930,3,3,OK,-300.0,0.2311647090000406,0.2744187499997679,0,,,sensitivity_run,True,False,False,-300.0,0.2311647090000406,0,0.2744187499997679
Moderate,1,62,12,21,30880931,1,3,OK,-215.0,0.6736335829991731,0.7237662500010629,2,,,baseline_checkpoint,True,False,False,-215.0,0.6736335829991731,2,0.7237662500010629
Moderate,1,62,12,21,30880931,1,4,OK,-215.0,2.1933844580003097,2.236644582999816,3,,,sensitivity_run,True,False,False,-215.0,2.1933844580003097,3,2.236644582999816
Moderate,1,62,12,21,30880931,1,5,OK,-215.0,5.397391999999854,5.440719250000257,10,,,sensitivity_run,True,False,False,-215.0,5.397391999999854,10,5.440719250000257
Moderate,1,62,12,21,30880931,2,3,OK,-265.0,3.29732150000018,3.3406440419998944,7,,,sensitivity_run,True,False,False,-265.0,3.29732150000018,7,3.3406440419998944
Moderate,1,62,12,21,30880931,3,3,OK,-315.0,0.921698916999958,0.9650740830002178,2,,,sensitivity_run,True,False,False,-315.0,0.921698916999958,2,0.9650740830002178
Moderate,1,62,12,22,30880932,1,3,OK,-200.0,1.26725445899865,1.3177484169973468,1,,,baseline_checkpoint,True,False,False,-200.0,1.26725445899865,1,1.3177484169973468
Moderate,1,62,12,22,30880932,1,4,OK,-215.0,0.8032035830001405,0.8464960000001156,0,,,sensitivity_run,True,False,False,-215.0,0.8032035830001405,0,0.8464960000001156
Moderate,1,62,12,22,30880932,1,5,OK,-215.0,0.4592554999999265,0.5033902920004039,0,,,sensitivity_run,True,False,False,-215.0,0.4592554999999265,0,0.5033902920004039
Moderate,1,62,12,22,30880932,2,3,OK,-265.0,0.1823374169998715,0.2259066249998795,0,,,sensitivity_run,True,False,False,-265.0,0.1823374169998715,0,0.2259066249998795
Moderate,1,62,12,22,30880932,3,3,OK,-300.0,0.5033011249997799,0.5473535000000993,0,,,sensitivity_run,True,False,False,-300.0,0.5033011249997799,0,0.5473535000000993
Moderate,1,62,12,23,30880933,1,3,OK,-230.0,1.3977006249988335,1.4480337080021854,4,,,baseline_checkpoint,True,False,False,-230.0,1.3977006249988335,4,1.4480337080021854
Moderate,1,62,12,23,30880933,1,4,OK,-230.0,0.2988949999999022,0.3430979170002501,0,,,sensitivity_run,True,False,False,-230.0,0.2988949999999022,0,0.3430979170002501
Moderate,1,62,12,23,30880933,1,5,OK,-230.0,0.2538250829998105,0.2971516669999801,0,,,sensitivity_run,True,False,False,-230.0,0.2538250829998105,0,0.2971516669999801
Moderate,1,62,12,23,30880933,2,3,OK,-280.0,0.642257540999708,0.6875017500001377,1,,,sensitivity_run,True,False,False,-280.0,0.642257540999708,1,0.6875017500001377
Moderate,1,62,12,23,30880933,3,3,OK,-330.0,0.3898766659999637,0.4357532079998236,1,,,sensitivity_run,True,False,False,-330.0,0.3898766659999637,1,0.4357532079998236
Moderate,1,62,12,24,30880934,1,3,OK,-230.0,0.5767646670028626,0.6392413749999832,0,,,baseline_checkpoint,True,False,False,-230.0,0.5767646670028626,0,0.6392413749999832
Moderate,1,62,12,24,30880934,1,4,OK,-230.0,0.9881807910001044,1.0344625000002452,0,,,sensitivity_run,True,False,False,-230.0,0.9881807910001044,0,1.0344625000002452
Moderate,1,62,12,24,30880934,1,5,OK,-230.0,1.6776169169997956,1.721678833000169,2,,,sensitivity_run,True,False,False,-230.0,1.6776169169997956,2,1.721678833000169
Moderate,1,62,12,24,30880934,2,3,OK,-280.0,1.1170005829999354,1.160533624999971,3,,,sensitivity_run,True,False,False,-280.0,1.1170005829999354,3,1.160533624999971
Moderate,1,62,12,24,30880934,3,3,OK,-330.0,0.524049209000168,0.5690137910000885,1,,,sensitivity_run,True,False,False,-330.0,0.524049209000168,1,0.5690137910000885
Moderate,1,62,12,25,30880935,1,3,OK,-215.0,1.0597814169996127,1.110619709001185,3,,,baseline_checkpoint,True,False,False,-215.0,1.0597814169996127,3,1.110619709001185
Moderate,1,62,12,25,30880935,1,4,OK,-215.0,2.2243384170001264,2.2684470829999555,5,,,sensitivity_run,True,False,False,-215.0,2.2243384170001264,5,2.2684470829999555
Moderate,1,62,12,25,30880935,1,5,OK,-215.0,1.0971955830000295,1.1602109170003132,3,,,sensitivity_run,True,False,False,-215.0,1.0971955830000295,3,1.1602109170003132
Moderate,1,62,12,25,30880935,2,3,OK,-265.0,0.7474274579999474,0.7922368340000503,2,,,sensitivity_run,True,False,False,-265.0,0.7474274579999474,2,0.7922368340000503
Moderate,1,62,12,25,30880935,3,3,OK,-315.0,0.8031291659999624,0.8488332500000979,1,,,sensitivity_run,True,False,False,-315.0,0.8031291659999624,1,0.8488332500000979
Moderate,1,62,12,26,30880936,1,3,OK,-215.0,2.3584832920023477,2.4095545419986597,4,,,baseline_checkpoint,True,False,False,-215.0,2.3584832920023477,4,2.4095545419986597
Moderate,1,62,12,26,30880936,1,4,OK,-215.0,1.3966063749999194,1.4414189590002024,2,,,sensitivity_run,True,False,False,-215.0,1.3966063749999194,2,1.4414189590002024
Moderate,1,62,12,26,30880936,1,5,OK,-215.0,1.3387548330001664,1.3838480839999647,2,,,sensitivity_run,True,False,False,-215.0,1.3387548330001664,2,1.3838480839999647
Moderate,1,62,12,26,30880936,2,3,OK,-265.0,2.251247749999948,2.295188916999905,6,,,sensitivity_run,True,False,False,-265.0,2.251247749999948,6,2.295188916999905
Moderate,1,62,12,26,30880936,3,3,OK,-315.0,1.4159175419999883,1.461355000000367,3,,,sensitivity_run,True,False,False,-315.0,1.4159175419999883,3,1.461355000000367
Moderate,1,62,12,27,30880937,1,3,OK,-230.0,0.8479018749967508,0.8991348339986871,1,,,baseline_checkpoint,True,False,False,-230.0,0.8479018749967508,1,0.8991348339986871
Moderate,1,62,12,27,30880937,1,4,OK,-230.0,0.4829904169996553,0.5270863330001703,0,,,sensitivity_run,True,False,False,-230.0,0.4829904169996553,0,0.5270863330001703
Moderate,1,62,12,27,30880937,1,5,OK,-230.0,0.5818962910002483,0.6258647499998915,0,,,sensitivity_run,True,False,False,-230.0,0.5818962910002483,0,0.6258647499998915
Moderate,1,62,12,27,30880937,2,3,OK,-280.0,0.3688810829999056,0.4125737499998649,0,,,sensitivity_run,True,False,False,-280.0,0.3688810829999056,0,0.4125737499998649
Moderate,1,62,12,27,30880937,3,3,OK,-330.0,0.2823090829997454,0.3278541670001687,0,,,sensitivity_run,True,False,False,-330.0,0.2823090829997454,0,0.3278541670001687
Moderate,1,62,12,28,30880938,1,3,OK,-160.0,7.458303250001336,7.50916904100086,11,,,baseline_checkpoint,True,False,False,-160.0,7.458303250001336,11,7.50916904100086
Moderate,1,62,12,28,30880938,1,4,OK,-160.0,12.999428999999964,13.043623042000036,17,,,sensitivity_run,True,False,False,-160.0,12.999428999999964,17,13.043623042000036
Moderate,1,62,12,28,30880938,1,5,OK,-160.0,10.586641291999968,10.631574624999756,15,,,sensitivity_run,True,False,False,-160.0,10.586641291999968,15,10.631574624999756
Moderate,1,62,12,28,30880938,2,3,OK,-235.0,1.1860969589997694,1.23262720799994,2,,,sensitivity_run,True,False,False,-235.0,1.1860969589997694,2,1.23262720799994
Moderate,1,62,12,28,30880938,3,3,OK,-285.0,2.8747259159999885,2.919417292000162,8,,,sensitivity_run,True,False,False,-285.0,2.8747259159999885,8,2.919417292000162
Moderate,1,62,12,29,30880939,1,3,OK,-215.0,1.1276987499986717,1.17854137500035,1,,,baseline_checkpoint,True,False,False,-215.0,1.1276987499986717,1,1.17854137500035
Moderate,1,62,12,29,30880939,1,4,OK,-215.0,2.3086305830001947,2.3538170420001734,2,,,sensitivity_run,True,False,False,-215.0,2.3086305830001947,2,2.3538170420001734
Moderate,1,62,12,29,30880939,1,5,OK,-245.0,1.0639090829999986,1.1079891660001522,1,,,sensitivity_run,True,False,False,-245.0,1.0639090829999986,1,1.1079891660001522
Moderate,1,62,12,29,30880939,2,3,OK,-265.0,1.2329570830002012,1.2772301250001874,1,,,sensitivity_run,True,False,False,-265.0,1.2329570830002012,1,1.2772301250001874
Moderate,1,62,12,29,30880939,3,3,OK,-315.0,1.1273186660000647,1.1733906670001488,1,,,sensitivity_run,True,False,False,-315.0,1.1273186660000647,1,1.1733906670001488
Moderate,1,62,12,30,30880940,1,3,OK,-215.0,0.7885015409992775,0.8392662080004811,1,,,baseline_checkpoint,True,False,False,-215.0,0.7885015409992775,1,0.8392662080004811
Moderate,1,62,12,30,30880940,1,4,OK,-215.0,2.372346207999726,2.4172679169996627,4,,,sensitivity_run,True,False,False,-215.0,2.372346207999726,4,2.4172679169996627
Moderate,1,62,12,30,30880940,1,5,OK,-215.0,2.78745866700001,2.83195595899997,6,,,sensitivity_run,True,False,False,-215.0,2.78745866700001,6,2.83195595899997
Moderate,1,62,12,30,30880940,2,3,OK,-265.0,0.3979431660000045,0.4424233339996135,1,,,sensitivity_run,True,False,False,-265.0,0.3979431660000045,1,0.4424233339996135
Moderate,1,62,12,30,30880940,3,3,OK,-315.0,0.5570690829999876,0.6016890830001103,2,,,sensitivity_run,True,False,False,-315.0,0.5570690829999876,2,0.6016890830001103
Moderate,1,62,12,31,30880941,1,3,OK,-175.0,1.882623124998645,1.9340904579985363,2,,,baseline_checkpoint,True,False,False,-175.0,1.882623124998645,2,1.9340904579985363
Moderate,1,62,12,31,30880941,1,4,OK,-190.0,5.583280916999684,5.627639999999701,9,,,sensitivity_run,True,False,False,-190.0,5.583280916999684,9,5.627639999999701
Moderate,1,62,12,31,30880941,1,5,OK,-205.0,4.875263583000105,4.9193073330002335,8,,,sensitivity_run,True,False,False,-205.0,4.875263583000105,8,4.9193073330002335
Moderate,1,62,12,31,30880941,2,3,OK,-175.0,2.01886712500027,2.063706832999742,2,,,sensitivity_run,True,False,False,-175.0,2.01886712500027,2,2.063706832999742
Moderate,1,62,12,31,30880941,3,3,OK,-175.0,1.9551613329999784,2.013981624999815,2,,,sensitivity_run,True,False,False,-175.0,1.9551613329999784,2,2.013981624999815
Moderate,1,62,12,32,30880942,1,3,OK,-200.0,7.826495833000081,7.877567875002569,14,,,baseline_checkpoint,True,False,False,-200.0,7.826495833000081,14,7.877567875002569
Moderate,1,62,12,32,30880942,1,4,OK,-200.0,9.830810957999802,9.875194374999865,17,,,sensitivity_run,True,False,False,-200.0,9.830810957999802,17,9.875194374999865
Moderate,1,62,12,32,30880942,1,5,OK,-200.0,14.72106258299982,14.765132500000163,23,,,sensitivity_run,True,False,False,-200.0,14.72106258299982,23,14.765132500000163
Moderate,1,62,12,32,30880942,2,3,OK,-250.0,4.001758833000167,4.04562795899983,9,,,sensitivity_run,True,False,False,-250.0,4.001758833000167,9,4.04562795899983
Moderate,1,62,12,32,30880942,3,3,OK,-300.0,3.283689500000037,3.328903542000262,10,,,sensitivity_run,True,False,False,-300.0,3.283689500000037,10,3.328903542000262
Moderate,1,62,12,33,30880943,1,3,OK,-200.0,4.263926208001067,4.31420079199961,4,,,baseline_checkpoint,True,False,False,-200.0,4.263926208001067,4,4.31420079199961
Moderate,1,62,12,33,30880943,1,4,OK,-200.0,2.2725643750000017,2.3166025000000445,3,,,sensitivity_run,True,False,False,-200.0,2.2725643750000017,3,2.3166025000000445
Moderate,1,62,12,33,30880943,1,5,OK,-215.0,0.7308503330000349,0.7755884160001187,1,,,sensitivity_run,True,False,False,-215.0,0.7308503330000349,1,0.7755884160001187
Moderate,1,62,12,33,30880943,2,3,OK,-250.0,0.4570147920003364,0.5318367089998901,0,,,sensitivity_run,True,False,False,-250.0,0.4570147920003364,0,0.5318367089998901
Moderate,1,62,12,33,30880943,3,3,OK,-300.0,0.8507437919997756,0.9067340410001634,2,,,sensitivity_run,True,False,False,-300.0,0.8507437919997756,2,0.9067340410001634
Moderate,1,62,12,34,30880944,1,3,OK,-200.0,0.2412323339995055,0.2920806250003807,0,,,baseline_checkpoint,True,False,False,-200.0,0.2412323339995055,0,0.2920806250003807
Moderate,1,62,12,34,30880944,1,4,OK,-200.0,0.386808917000053,0.4309502080000129,0,,,sensitivity_run,True,False,False,-200.0,0.386808917000053,0,0.4309502080000129
Moderate,1,62,12,34,30880944,1,5,OK,-200.0,0.4053680000001805,0.4500957919999564,0,,,sensitivity_run,True,False,False,-200.0,0.4053680000001805,0,0.4500957919999564
Moderate,1,62,12,34,30880944,2,3,OK,-250.0,0.2645572919996084,0.3082852079996883,0,,,sensitivity_run,True,False,False,-250.0,0.2645572919996084,0,0.3082852079996883
Moderate,1,62,12,34,30880944,3,3,OK,-300.0,0.1762461670000448,0.2195234590003565,0,,,sensitivity_run,True,False,False,-300.0,0.1762461670000448,0,0.2195234590003565
Moderate,1,62,12,35,30880945,1,3,OK,-230.0,0.862241750000976,0.9128022920012882,0,,,baseline_checkpoint,True,False,False,-230.0,0.862241750000976,0,0.9128022920012882
Moderate,1,62,12,35,30880945,1,4,OK,-245.0,0.6691048329998921,0.713717749999887,2,,,sensitivity_run,True,False,False,-245.0,0.6691048329998921,2,0.713717749999887
Moderate,1,62,12,35,30880945,1,5,OK,-245.0,2.098309290999623,2.1427572920001694,5,,,sensitivity_run,True,False,False,-245.0,2.098309290999623,5,2.1427572920001694
Moderate,1,62,12,35,30880945,2,3,OK,-265.0,2.177550541999608,2.222977166000419,5,,,sensitivity_run,True,False,False,-265.0,2.177550541999608,5,2.222977166000419
Moderate,1,62,12,35,30880945,3,3,OK,-315.0,0.2285923749996072,0.2739856670000336,0,,,sensitivity_run,True,False,False,-315.0,0.2285923749996072,0,0.2739856670000336
Moderate,1,62,12,36,30880946,1,3,OK,-185.0,0.6965506669985189,0.7472613749996526,0,,,baseline_checkpoint,True,False,False,-185.0,0.6965506669985189,0,0.7472613749996526
Moderate,1,62,12,36,30880946,1,4,OK,-185.0,1.330985832999886,1.4162245829998028,1,,,sensitivity_run,True,False,False,-185.0,1.330985832999886,1,1.4162245829998028
Moderate,1,62,12,36,30880946,1,5,OK,-185.0,0.6425830420002967,0.6874103330001162,0,,,sensitivity_run,True,False,False,-185.0,0.6425830420002967,0,0.6874103330001162
Moderate,1,62,12,36,30880946,2,3,OK,-235.0,0.6472118329998011,0.6912520000000768,0,,,sensitivity_run,True,False,False,-235.0,0.6472118329998011,0,0.6912520000000768
Moderate,1,62,12,36,30880946,3,3,OK,-285.0,0.5523646669998925,0.5968889169998874,1,,,sensitivity_run,True,False,False,-285.0,0.5523646669998925,1,0.5968889169998874
Moderate,1,62,12,37,30880947,1,3,OK,-215.0,0.8563811669991992,0.907400707998022,1,,,baseline_checkpoint,True,False,False,-215.0,0.8563811669991992,1,0.907400707998022
Moderate,1,62,12,37,30880947,1,4,OK,-230.0,1.2486312080000062,1.2929720409997572,2,,,sensitivity_run,True,False,False,-230.0,1.2486312080000062,2,1.2929720409997572
Moderate,1,62,12,37,30880947,1,5,OK,-230.0,0.469941290999941,0.5141234580000855,0,,,sensitivity_run,True,False,False,-230.0,0.469941290999941,0,0.5141234580000855
Moderate,1,62,12,37,30880947,2,3,OK,-265.0,2.054373166000005,2.098099166999873,5,,,sensitivity_run,True,False,False,-265.0,2.054373166000005,5,2.098099166999873
Moderate,1,62,12,37,30880947,3,3,OK,-315.0,0.7025342499996441,0.7472132910002074,2,,,sensitivity_run,True,False,False,-315.0,0.7025342499996441,2,0.7472132910002074
Moderate,1,62,12,38,30880948,1,3,OK,-215.0,0.759063707999303,0.80975854099961,1,,,baseline_checkpoint,True,False,False,-215.0,0.759063707999303,1,0.80975854099961
Moderate,1,62,12,38,30880948,1,4,OK,-215.0,0.4160046659999352,0.461037916999885,0,,,sensitivity_run,True,False,False,-215.0,0.4160046659999352,0,0.461037916999885
Moderate,1,62,12,38,30880948,1,5,OK,-215.0,0.7049659579997751,0.7491393750001407,0,,,sensitivity_run,True,False,False,-215.0,0.7049659579997751,0,0.7491393750001407
Moderate,1,62,12,38,30880948,2,3,OK,-265.0,0.9898629169997548,1.034222833000058,2,,,sensitivity_run,True,False,False,-265.0,0.9898629169997548,2,1.034222833000058
Moderate,1,62,12,38,30880948,3,3,OK,-300.0,0.5420336659999521,0.5862210420000338,2,,,sensitivity_run,True,False,False,-300.0,0.5420336659999521,2,0.5862210420000338
Moderate,1,62,12,39,30880949,1,3,OK,-230.0,1.954949333001423,2.0078288330005307,5,,,baseline_checkpoint,True,False,False,-230.0,1.954949333001423,5,2.0078288330005307
Moderate,1,62,12,39,30880949,1,4,OK,-230.0,2.061970040999768,2.105882208999901,6,,,sensitivity_run,True,False,False,-230.0,2.061970040999768,6,2.105882208999901
Moderate,1,62,12,39,30880949,1,5,OK,-230.0,0.7649907079999139,0.821821416000148,1,,,sensitivity_run,True,False,False,-230.0,0.7649907079999139,1,0.821821416000148
Moderate,1,62,12,39,30880949,2,3,OK,-280.0,0.4658323339999697,0.5096590419998392,0,,,sensitivity_run,True,False,False,-280.0,0.4658323339999697,0,0.5096590419998392
Moderate,1,62,12,39,30880949,3,3,OK,-330.0,0.4357007919998068,0.479195874999732,0,,,sensitivity_run,True,False,False,-330.0,0.4357007919998068,0,0.479195874999732
Moderate,1,62,12,40,30880950,1,3,OK,-215.0,2.886659374998999,2.936985167001694,6,,,baseline_checkpoint,True,False,False,-215.0,2.886659374998999,6,2.936985167001694
Moderate,1,62,12,40,30880950,1,4,OK,-215.0,1.1686367090001113,1.2128037500001485,1,,,sensitivity_run,True,False,False,-215.0,1.1686367090001113,1,1.2128037500001485
Moderate,1,62,12,40,30880950,1,5,OK,-215.0,0.6469757499999105,0.6922159160003503,0,,,sensitivity_run,True,False,False,-215.0,0.6469757499999105,0,0.6922159160003503
Moderate,1,62,12,40,30880950,2,3,OK,-265.0,1.9236354170002412,1.9679802089999607,3,,,sensitivity_run,True,False,False,-265.0,1.9236354170002412,3,1.9679802089999607
Moderate,1,62,12,40,30880950,3,3,OK,-315.0,1.88181749999967,1.9267317079998063,3,,,sensitivity_run,True,False,False,-315.0,1.88181749999967,3,1.9267317079998063
Moderate,1,62,12,41,30880951,1,3,OK,-215.0,1.435786417001509,1.4867277499979537,3,,,baseline_checkpoint,True,False,False,-215.0,1.435786417001509,3,1.4867277499979537
Moderate,1,62,12,41,30880951,1,4,OK,-215.0,0.3799154999996972,0.4242413330002819,0,,,sensitivity_run,True,False,False,-215.0,0.3799154999996972,0,0.4242413330002819
Moderate,1,62,12,41,30880951,1,5,OK,-215.0,0.7461258749999615,0.8159208330002912,1,,,sensitivity_run,True,False,False,-215.0,0.7461258749999615,1,0.8159208330002912
Moderate,1,62,12,41,30880951,2,3,OK,-265.0,0.1842000829997232,0.2279184999997596,0,,,sensitivity_run,True,False,False,-265.0,0.1842000829997232,0,0.2279184999997596
Moderate,1,62,12,41,30880951,3,3,OK,-315.0,0.5601653749999969,0.604440875000364,2,,,sensitivity_run,True,False,False,-315.0,0.5601653749999969,2,0.604440875000364
Moderate,1,62,12,42,30880952,1,3,OK,-215.0,1.147754208999686,1.1988582909980323,1,,,baseline_checkpoint,True,False,False,-215.0,1.147754208999686,1,1.1988582909980323
Moderate,1,62,12,42,30880952,1,4,OK,-230.0,0.9159995420000088,0.9596961669999472,0,,,sensitivity_run,True,False,False,-230.0,0.9159995420000088,0,0.9596961669999472
Moderate,1,62,12,42,30880952,1,5,OK,-245.0,1.173055290999855,1.2163769999997385,2,,,sensitivity_run,True,False,False,-245.0,1.173055290999855,2,1.2163769999997385
Moderate,1,62,12,42,30880952,2,3,OK,-280.0,0.1791002909999406,0.2233463329998812,0,,,sensitivity_run,True,False,False,-280.0,0.1791002909999406,0,0.2233463329998812
Moderate,1,62,12,42,30880952,3,3,OK,-315.0,3.5001885840001705,3.5433628750001844,5,,,sensitivity_run,True,False,False,-315.0,3.5001885840001705,5,3.5433628750001844
Moderate,1,62,12,43,30880953,1,3,OK,-160.0,5.333744125000521,5.384439542001928,7,,,baseline_checkpoint,True,False,False,-160.0,5.333744125000521,7,5.384439542001928
Moderate,1,62,12,43,30880953,1,4,OK,-160.0,4.389154250000047,4.434243582999898,5,,,sensitivity_run,True,False,False,-160.0,4.389154250000047,5,4.434243582999898
Moderate,1,62,12,43,30880953,1,5,OK,-160.0,4.385585125000034,4.43057408300001,5,,,sensitivity_run,True,False,False,-160.0,4.385585125000034,5,4.43057408300001
Moderate,1,62,12,43,30880953,2,3,OK,-220.0,1.6587362499999472,1.7144913330002964,3,,,sensitivity_run,True,False,False,-220.0,1.6587362499999472,3,1.7144913330002964
Moderate,1,62,12,43,30880953,3,3,OK,-255.0,3.26723633399979,3.312535416000173,4,,,sensitivity_run,True,False,False,-255.0,3.26723633399979,4,3.312535416000173
Moderate,1,62,12,44,30880954,1,3,OK,-190.0,0.3954156250001688,0.4476073330006329,0,,,baseline_checkpoint,True,False,False,-190.0,0.3954156250001688,0,0.4476073330006329
Moderate,1,62,12,44,30880954,1,4,OK,-190.0,0.5143850829999792,0.5586704580000514,0,,,sensitivity_run,True,False,False,-190.0,0.5143850829999792,0,0.5586704580000514
Moderate,1,62,12,44,30880954,1,5,OK,-205.0,0.4004524169999968,0.445123040999988,0,,,sensitivity_run,True,False,False,-205.0,0.4004524169999968,0,0.445123040999988
Moderate,1,62,12,44,30880954,2,3,OK,-240.0,0.2080578750001223,0.25219508400005,0,,,sensitivity_run,True,False,False,-240.0,0.2080578750001223,0,0.25219508400005
Moderate,1,62,12,44,30880954,3,3,OK,-275.0,0.590951749999931,0.6371368750001238,1,,,sensitivity_run,True,False,False,-275.0,0.590951749999931,1,0.6371368750001238
Moderate,1,62,12,45,30880955,1,3,OK,-200.0,0.6110620840008778,0.6618015830026707,0,,,baseline_checkpoint,True,False,False,-200.0,0.6110620840008778,0,0.6618015830026707
Moderate,1,62,12,45,30880955,1,4,OK,-215.0,0.8741220410001915,0.917903916999876,1,,,sensitivity_run,True,False,False,-215.0,0.8741220410001915,1,0.917903916999876
Moderate,1,62,12,45,30880955,1,5,OK,-215.0,0.736914749999869,0.7811382090003463,1,,,sensitivity_run,True,False,False,-215.0,0.736914749999869,1,0.7811382090003463
Moderate,1,62,12,45,30880955,2,3,OK,-250.0,0.9998987499998292,1.0439837919998354,1,,,sensitivity_run,True,False,False,-250.0,0.9998987499998292,1,1.0439837919998354
Moderate,1,62,12,45,30880955,3,3,OK,-300.0,2.158279583999956,2.202386832999764,4,,,sensitivity_run,True,False,False,-300.0,2.158279583999956,4,2.202386832999764
Moderate,1,62,12,46,30880956,1,3,OK,-215.0,16.05973562500003,16.111188499999116,30,,,baseline_checkpoint,True,False,False,-215.0,16.05973562500003,30,16.111188499999116
Moderate,1,62,12,46,30880956,1,4,OK,-230.0,17.604825875000188,17.65131849999989,47,,,sensitivity_run,True,False,False,-230.0,17.604825875000188,47,17.65131849999989
Moderate,1,62,12,46,30880956,1,5,OK,-230.0,22.38596416600012,22.430609125000046,50,,,sensitivity_run,True,False,False,-230.0,22.38596416600012,50,22.430609125000046
Moderate,1,62,12,46,30880956,2,3,OK,-265.0,4.583486167000046,4.642075833000035,10,,,sensitivity_run,True,False,False,-265.0,4.583486167000046,10,4.642075833000035
Moderate,1,62,12,46,30880956,3,3,OK,-300.0,0.502856999999949,0.547542458999942,0,,,sensitivity_run,True,False,False,-300.0,0.502856999999949,0,0.547542458999942
Moderate,1,62,12,47,30880957,1,3,OK,-215.0,1.3712265829999524,1.4223033339985705,2,,,baseline_checkpoint,True,False,False,-215.0,1.3712265829999524,2,1.4223033339985705
Moderate,1,62,12,47,30880957,1,4,OK,-230.0,0.3080356250002296,0.3527386669998122,0,,,sensitivity_run,True,False,False,-230.0,0.3080356250002296,0,0.3527386669998122
Moderate,1,62,12,47,30880957,1,5,OK,-245.0,0.4877665419999175,0.5313532920004036,0,,,sensitivity_run,True,False,False,-245.0,0.4877665419999175,0,0.5313532920004036
Moderate,1,62,12,47,30880957,2,3,OK,-265.0,0.7484653340002296,0.7926346250001188,1,,,sensitivity_run,True,False,False,-265.0,0.7484653340002296,1,0.7926346250001188
Moderate,1,62,12,47,30880957,3,3,OK,-315.0,0.5721056249999492,0.6355741249999483,0,,,sensitivity_run,True,False,False,-315.0,0.5721056249999492,0,0.6355741249999483
Moderate,1,62,12,48,30880958,1,3,OK,-200.0,1.1197220840003863,1.1700356250003097,2,,,baseline_checkpoint,True,False,False,-200.0,1.1197220840003863,2,1.1700356250003097
Moderate,1,62,12,48,30880958,1,4,OK,-200.0,1.06146091599976,1.1050332499999058,0,,,sensitivity_run,True,False,False,-200.0,1.06146091599976,0,1.1050332499999058
Moderate,1,62,12,48,30880958,1,5,OK,-230.0,2.120406957999876,2.1654750840002635,5,,,sensitivity_run,True,False,False,-230.0,2.120406957999876,5,2.1654750840002635
Moderate,1,62,12,48,30880958,2,3,OK,-250.0,12.128870333000124,12.17452541700004,20,,,sensitivity_run,True,False,False,-250.0,12.128870333000124,20,12.17452541700004
Moderate,1,62,12,48,30880958,3,3,OK,-300.0,2.072758750000048,2.1170698749997428,5,,,sensitivity_run,True,False,False,-300.0,2.072758750000048,5,2.1170698749997428
Moderate,1,62,12,49,30880959,1,3,OK,-200.0,1.482685709001089,1.5334780410012172,1,,,baseline_checkpoint,True,False,False,-200.0,1.482685709001089,1,1.5334780410012172
Moderate,1,62,12,49,30880959,1,4,OK,-200.0,1.762675957999818,1.808856083000137,1,,,sensitivity_run,True,False,False,-200.0,1.762675957999818,1,1.808856083000137
Moderate,1,62,12,49,30880959,1,5,OK,-200.0,1.8394982919999163,1.8842557499997383,2,,,sensitivity_run,True,False,False,-200.0,1.8394982919999163,2,1.8842557499997383
Moderate,1,62,12,49,30880959,2,3,OK,-265.0,0.4675545420000162,0.5120973749999393,0,,,sensitivity_run,True,False,False,-265.0,0.4675545420000162,0,0.5120973749999393
Moderate,1,62,12,49,30880959,3,3,OK,-315.0,0.4874987909997799,0.5323902919999455,0,,,sensitivity_run,True,False,False,-315.0,0.4874987909997799,0,0.5323902919999455
Moderate,1,62,12,50,30880960,1,3,OK,-230.0,2.567787165997288,2.6184349169998318,5,,,baseline_checkpoint,True,False,False,-230.0,2.567787165997288,5,2.6184349169998318
Moderate,1,62,12,50,30880960,1,4,OK,-245.0,0.6317101670001648,0.6762890419995529,1,,,sensitivity_run,True,False,False,-245.0,0.6317101670001648,1,0.6762890419995529
Moderate,1,62,12,50,30880960,1,5,OK,-245.0,0.6151062500002809,0.6587254999999459,1,,,sensitivity_run,True,False,False,-245.0,0.6151062500002809,1,0.6587254999999459
Moderate,1,62,12,50,30880960,2,3,OK,-280.0,1.0277100000002974,1.072132750000037,2,,,sensitivity_run,True,False,False,-280.0,1.0277100000002974,2,1.072132750000037
Moderate,1,62,12,50,30880960,3,3,OK,-330.0,0.5411864580000838,0.5982916250000017,2,,,sensitivity_run,True,False,False,-330.0,0.5411864580000838,2,0.5982916250000017
Moderate,1,62,12,51,30880961,1,3,OK,-215.0,1.2051261669985252,1.255989707999106,2,,,baseline_checkpoint,True,False,False,-215.0,1.2051261669985252,2,1.255989707999106
Moderate,1,62,12,51,30880961,1,4,OK,-215.0,1.3807021249999707,1.424574874999962,2,,,sensitivity_run,True,False,False,-215.0,1.3807021249999707,2,1.424574874999962
Moderate,1,62,12,51,30880961,1,5,OK,-215.0,3.5445376249999754,3.588890458000151,8,,,sensitivity_run,True,False,False,-215.0,3.5445376249999754,8,3.588890458000151
Moderate,1,62,12,51,30880961,2,3,OK,-265.0,0.8935867499999404,0.9376533750000816,2,,,sensitivity_run,True,False,False,-265.0,0.8935867499999404,2,0.9376533750000816
Moderate,1,62,12,51,30880961,3,3,OK,-315.0,0.780057166000006,0.8248953330003133,1,,,sensitivity_run,True,False,False,-315.0,0.780057166000006,1,0.8248953330003133
Moderate,1,62,12,52,30880962,1,3,OK,-230.0,21.75178091600173,21.802548250001564,29,,,baseline_checkpoint,True,False,False,-230.0,21.75178091600173,29,21.802548250001564
Moderate,1,62,12,52,30880962,1,4,OK,-245.0,1.412477458000012,1.458676749999995,3,,,sensitivity_run,True,False,False,-245.0,1.412477458000012,3,1.458676749999995
Moderate,1,62,12,52,30880962,1,5,OK,-245.0,0.6521209590000581,0.6998509159998321,1,,,sensitivity_run,True,False,False,-245.0,0.6521209590000581,1,0.6998509159998321
Moderate,1,62,12,52,30880962,2,3,OK,-280.0,27.51279791699972,27.556780875000182,53,,,sensitivity_run,True,False,False,-280.0,27.51279791699972,53,27.556780875000182
Moderate,1,62,12,52,30880962,3,3,OK,-330.0,9.210546166999848,9.275537833999806,20,,,sensitivity_run,True,False,False,-330.0,9.210546166999848,20,9.275537833999806
Moderate,1,62,12,53,30880963,1,3,OK,-215.0,45.817028999998,45.86823008400097,77,,,baseline_checkpoint,True,False,False,-215.0,45.817028999998,77,45.86823008400097
Moderate,1,62,12,53,30880963,1,4,OK,-230.0,22.15153908299999,22.19913341700021,55,,,sensitivity_run,True,False,False,-230.0,22.15153908299999,55,22.19913341700021
Moderate,1,62,12,53,30880963,1,5,OK,-230.0,2.613916082999822,2.6592025420000027,7,,,sensitivity_run,True,False,False,-230.0,2.613916082999822,7,2.6592025420000027
Moderate,1,62,12,53,30880963,2,3,OK,-265.0,33.37980445799985,33.42767045799974,62,,,sensitivity_run,True,False,False,-265.0,33.37980445799985,62,33.42767045799974
Moderate,1,62,12,53,30880963,3,3,OK,-315.0,8.166323375000047,8.210954708999907,21,,,sensitivity_run,True,False,False,-315.0,8.166323375000047,21,8.210954708999907
Moderate,1,62,12,54,30880964,1,3,OK,-215.0,0.3640885000022535,0.4149395000022196,0,,,baseline_checkpoint,True,False,False,-215.0,0.3640885000022535,0,0.4149395000022196
Moderate,1,62,12,54,30880964,1,4,OK,-215.0,0.8632558330000393,0.908256333999816,1,,,sensitivity_run,True,False,False,-215.0,0.8632558330000393,1,0.908256333999816
Moderate,1,62,12,54,30880964,1,5,OK,-215.0,0.3765581669999847,0.4203047920000244,0,,,sensitivity_run,True,False,False,-215.0,0.3765581669999847,0,0.4203047920000244
Moderate,1,62,12,54,30880964,2,3,OK,-265.0,0.6890860419998717,0.7332557499998984,1,,,sensitivity_run,True,False,False,-265.0,0.6890860419998717,1,0.7332557499998984
Moderate,1,62,12,54,30880964,3,3,OK,-315.0,1.5191683339999145,1.5643112500001737,3,,,sensitivity_run,True,False,False,-315.0,1.5191683339999145,3,1.5643112500001737
Moderate,1,62,12,55,30880965,1,3,OK,-200.0,1.1494792499979667,1.1990261249993637,2,,,baseline_checkpoint,True,False,False,-200.0,1.1494792499979667,2,1.1990261249993637
Moderate,1,62,12,55,30880965,1,4,OK,-200.0,0.9902963330000604,1.054012832999888,3,,,sensitivity_run,True,False,False,-200.0,0.9902963330000604,3,1.054012832999888
Moderate,1,62,12,55,30880965,1,5,OK,-200.0,0.6612932080001883,0.7057527079996362,2,,,sensitivity_run,True,False,False,-200.0,0.6612932080001883,2,0.7057527079996362
Moderate,1,62,12,55,30880965,2,3,OK,-250.0,2.738544583000021,2.7827258329998585,6,,,sensitivity_run,True,False,False,-250.0,2.738544583000021,6,2.7827258329998585
Moderate,1,62,12,55,30880965,3,3,OK,-300.0,4.010477583000011,4.054745625000123,9,,,sensitivity_run,True,False,False,-300.0,4.010477583000011,9,4.054745625000123
Moderate,1,62,12,56,30880966,1,3,OK,-215.0,0.3234839169999759,0.3733864160021767,0,,,baseline_checkpoint,True,False,False,-215.0,0.3234839169999759,0,0.3733864160021767
Moderate,1,62,12,56,30880966,1,4,OK,-215.0,0.3431765000000268,0.3863957089997711,0,,,sensitivity_run,True,False,False,-215.0,0.3431765000000268,0,0.3863957089997711
Moderate,1,62,12,56,30880966,1,5,OK,-215.0,0.337263874999735,0.3810143750001771,0,,,sensitivity_run,True,False,False,-215.0,0.337263874999735,0,0.3810143750001771
Moderate,1,62,12,56,30880966,2,3,OK,-265.0,0.8464012500003264,0.8911434999999983,2,,,sensitivity_run,True,False,False,-265.0,0.8464012500003264,2,0.8911434999999983
Moderate,1,62,12,56,30880966,3,3,OK,-315.0,0.3654565000001639,0.4099270000001525,1,,,sensitivity_run,True,False,False,-315.0,0.3654565000001639,1,0.4099270000001525
Moderate,1,62,12,57,30880967,1,3,OK,-200.0,9.843132959002103,9.892936917000045,11,,,baseline_checkpoint,True,False,False,-200.0,9.843132959002103,11,9.892936917000045
Moderate,1,62,12,57,30880967,1,4,OK,-200.0,10.284839709000153,10.328712375000125,12,,,sensitivity_run,True,False,False,-200.0,10.284839709000153,12,10.328712375000125
Moderate,1,62,12,57,30880967,1,5,OK,-200.0,18.50805479099972,18.552146957999867,19,,,sensitivity_run,True,False,False,-200.0,18.50805479099972,19,18.552146957999867
Moderate,1,62,12,57,30880967,2,3,OK,-250.0,5.73989179199998,5.784598375000314,16,,,sensitivity_run,True,False,False,-250.0,5.73989179199998,16,5.784598375000314
Moderate,1,62,12,57,30880967,3,3,OK,-300.0,4.667476416999762,4.712973749999946,11,,,sensitivity_run,True,False,False,-300.0,4.667476416999762,11,4.712973749999946
Moderate,1,62,12,58,30880968,1,3,OK,-215.0,0.8836443330001202,0.9342238329991231,0,,,baseline_checkpoint,True,False,False,-215.0,0.8836443330001202,0,0.9342238329991231
Moderate,1,62,12,58,30880968,1,4,OK,-230.0,0.5521038330002739,0.5960541249996822,0,,,sensitivity_run,True,False,False,-230.0,0.5521038330002739,0,0.5960541249996822
Moderate,1,62,12,58,30880968,1,5,OK,-230.0,1.30959383399977,1.3549074170000497,3,,,sensitivity_run,True,False,False,-230.0,1.30959383399977,3,1.3549074170000497
Moderate,1,62,12,58,30880968,2,3,OK,-265.0,0.6661518749997413,0.7113279590003003,0,,,sensitivity_run,True,False,False,-265.0,0.6661518749997413,0,0.7113279590003003
Moderate,1,62,12,58,30880968,3,3,OK,-300.0,5.189746749999813,5.235408499999721,8,,,sensitivity_run,True,False,False,-300.0,5.189746749999813,8,5.235408499999721
Moderate,1,62,12,59,30880969,1,3,OK,-230.0,1.008976207998785,1.0588542080004115,1,,,baseline_checkpoint,True,False,False,-230.0,1.008976207998785,1,1.0588542080004115
Moderate,1,62,12,59,30880969,1,4,OK,-230.0,1.9080831670003136,1.952049999999872,3,,,sensitivity_run,True,False,False,-230.0,1.9080831670003136,3,1.952049999999872
Moderate,1,62,12,59,30880969,1,5,OK,-230.0,2.431869707999794,2.4829937500003325,4,,,sensitivity_run,True,False,False,-230.0,2.431869707999794,4,2.4829937500003325
Moderate,1,62,12,59,30880969,2,3,OK,-280.0,1.7776921250001578,1.8226072909997129,5,,,sensitivity_run,True,False,False,-280.0,1.7776921250001578,5,1.8226072909997129
Moderate,1,62,12,59,30880969,3,3,OK,-330.0,0.3584318749999511,0.4033840409997538,0,,,sensitivity_run,True,False,False,-330.0,0.3584318749999511,0,0.4033840409997538
Moderate,1,62,12,60,30880970,1,3,OK,-215.0,0.3915780829993309,0.4416354579989274,0,,,baseline_checkpoint,True,False,False,-215.0,0.3915780829993309,0,0.4416354579989274
Moderate,1,62,12,60,30880970,1,4,OK,-230.0,0.8547201249998579,0.898400292000133,1,,,sensitivity_run,True,False,False,-230.0,0.8547201249998579,1,0.898400292000133
Moderate,1,62,12,60,30880970,1,5,OK,-230.0,2.775283500000114,2.834294624999984,7,,,sensitivity_run,True,False,False,-230.0,2.775283500000114,7,2.834294624999984
Moderate,1,62,12,60,30880970,2,3,OK,-265.0,0.8230299159999959,0.8678864169996814,1,,,sensitivity_run,True,False,False,-265.0,0.8230299159999959,1,0.8678864169996814
Moderate,1,62,12,60,30880970,3,3,OK,-330.0,0.1855936669999209,0.2300851250001869,0,,,sensitivity_run,True,False,False,-330.0,0.1855936669999209,0,0.2300851250001869
Moderate,1,62,12,61,30880971,1,3,OK,-215.0,1.566579250000359,1.6345945419998316,3,,,baseline_checkpoint,True,False,False,-215.0,1.566579250000359,3,1.6345945419998316
Moderate,1,62,12,61,30880971,1,4,OK,-215.0,0.5949461660002271,0.6384895000001052,1,,,sensitivity_run,True,False,False,-215.0,0.5949461660002271,1,0.6384895000001052
Moderate,1,62,12,61,30880971,1,5,OK,-215.0,0.6536447910002607,0.6969855420002204,1,,,sensitivity_run,True,False,False,-215.0,0.6536447910002607,1,0.6969855420002204
Moderate,1,62,12,61,30880971,2,3,OK,-265.0,1.2760860839998711,1.3201862079999955,4,,,sensitivity_run,True,False,False,-265.0,1.2760860839998711,4,1.3201862079999955
Moderate,1,62,12,61,30880971,3,3,OK,-315.0,0.6094468340002095,0.653382708999743,2,,,sensitivity_run,True,False,False,-315.0,0.6094468340002095,2,0.653382708999743
Moderate,1,62,12,62,30880972,1,3,OK,-200.0,156.45657754199783,156.50714462500036,197,,,baseline_checkpoint,True,False,False,-200.0,156.45657754199783,197,156.50714462500036
Moderate,1,62,12,62,30880972,1,4,OK,-215.0,107.50613525000016,107.55010062500014,135,,,sensitivity_run,True,False,False,-215.0,107.50613525000016,135,107.55010062500014
Moderate,1,62,12,62,30880972,1,5,OK,-215.0,114.09103049999976,114.13600537499951,158,,,sensitivity_run,True,False,False,-215.0,114.09103049999976,158,114.13600537499951
Moderate,1,62,12,62,30880972,2,3,OK,-250.0,1.9408423329996367,1.98513283300008,3,,,sensitivity_run,True,False,False,-250.0,1.9408423329996367,3,1.98513283300008
Moderate,1,62,12,62,30880972,3,3,OK,-260.0,2.699384167000062,2.7431097909998243,7,,,sensitivity_run,True,False,False,-260.0,2.699384167000062,7,2.7431097909998243
Moderate,1,62,12,63,30880973,1,3,OK,-230.0,0.7332056660015951,0.7853582090028794,1,,,baseline_checkpoint,True,False,False,-230.0,0.7332056660015951,1,0.7853582090028794
Moderate,1,62,12,63,30880973,1,4,OK,-230.0,0.5204576670003007,0.5644856250000885,0,,,sensitivity_run,True,False,False,-230.0,0.5204576670003007,0,0.5644856250000885
Moderate,1,62,12,63,30880973,1,5,OK,-230.0,1.7273287080006412,1.772141874999761,3,,,sensitivity_run,True,False,False,-230.0,1.7273287080006412,3,1.772141874999761
Moderate,1,62,12,63,30880973,2,3,OK,-280.0,0.711419833999571,0.7590120419999948,3,,,sensitivity_run,True,False,False,-280.0,0.711419833999571,3,0.7590120419999948
Moderate,1,62,12,63,30880973,3,3,OK,-330.0,2.84140487500008,2.903833833000135,7,,,sensitivity_run,True,False,False,-330.0,2.84140487500008,7,2.903833833000135
Moderate,1,62,12,64,30880974,1,3,OK,-190.0,0.6766129159987031,0.7270791250011825,1,,,baseline_checkpoint,True,False,False,-190.0,0.6766129159987031,1,0.7270791250011825
Moderate,1,62,12,64,30880974,1,4,OK,-190.0,1.886854000000312,1.963702500000181,2,,,sensitivity_run,True,False,False,-190.0,1.886854000000312,2,1.963702500000181
Moderate,1,62,12,64,30880974,1,5,OK,-190.0,26.454537083000105,26.498194417000377,45,,,sensitivity_run,True,False,False,-190.0,26.454537083000105,45,26.498194417000377
Moderate,1,62,12,64,30880974,2,3,OK,-250.0,1.5583374170000752,1.6054025410003303,3,,,sensitivity_run,True,False,False,-250.0,1.5583374170000752,3,1.6054025410003303
Moderate,1,62,12,64,30880974,3,3,OK,-300.0,0.9287698750003984,0.9729332500000965,2,,,sensitivity_run,True,False,False,-300.0,0.9287698750003984,2,0.9729332500000965
Moderate,1,62,12,65,30880975,1,3,OK,-200.0,0.2999818749995029,0.368535666999378,0,,,baseline_checkpoint,True,False,False,-200.0,0.2999818749995029,0,0.368535666999378
Moderate,1,62,12,65,30880975,1,4,OK,-200.0,0.3083737500001007,0.3520451249996768,0,,,sensitivity_run,True,False,False,-200.0,0.3083737500001007,0,0.3520451249996768
Moderate,1,62,12,65,30880975,1,5,OK,-200.0,0.3001614579998204,0.3433612079998056,0,,,sensitivity_run,True,False,False,-200.0,0.3001614579998204,0,0.3433612079998056
Moderate,1,62,12,65,30880975,2,3,OK,-250.0,0.4527290420001009,0.4978303340003549,0,,,sensitivity_run,True,False,False,-250.0,0.4527290420001009,0,0.4978303340003549
Moderate,1,62,12,65,30880975,3,3,OK,-300.0,0.1964898750002248,0.240293500000007,0,,,sensitivity_run,True,False,False,-300.0,0.1964898750002248,0,0.240293500000007
Moderate,1,62,12,66,30880976,1,3,OK,-200.0,4.614220082999964,4.690905000003113,9,,,baseline_checkpoint,True,False,False,-200.0,4.614220082999964,9,4.690905000003113
Moderate,1,62,12,66,30880976,1,4,OK,-200.0,4.056198375000349,4.0998340830001325,6,,,sensitivity_run,True,False,False,-200.0,4.056198375000349,6,4.0998340830001325
Moderate,1,62,12,66,30880976,1,5,OK,-200.0,2.2266549999994822,2.2704007080001247,5,,,sensitivity_run,True,False,False,-200.0,2.2266549999994822,5,2.2704007080001247
Moderate,1,62,12,66,30880976,2,3,OK,-250.0,4.6327191250002215,4.676741999999649,10,,,sensitivity_run,True,False,False,-250.0,4.6327191250002215,10,4.676741999999649
Moderate,1,62,12,66,30880976,3,3,OK,-300.0,0.1776644999999916,0.2215370419999089,0,,,sensitivity_run,True,False,False,-300.0,0.1776644999999916,0,0.2215370419999089
Moderate,1,62,12,67,30880977,1,3,OK,-230.0,0.2734469999995781,0.3240910830027133,0,,,baseline_checkpoint,True,False,False,-230.0,0.2734469999995781,0,0.3240910830027133
Moderate,1,62,12,67,30880977,1,4,OK,-230.0,0.5742588339999202,0.6184885840002607,0,,,sensitivity_run,True,False,False,-230.0,0.5742588339999202,0,0.6184885840002607
Moderate,1,62,12,67,30880977,1,5,OK,-230.0,1.3193341249998412,1.3642199999994773,2,,,sensitivity_run,True,False,False,-230.0,1.3193341249998412,2,1.3642199999994773
Moderate,1,62,12,67,30880977,2,3,OK,-280.0,0.6614915830004975,0.7068967089999205,1,,,sensitivity_run,True,False,False,-280.0,0.6614915830004975,1,0.7068967089999205
Moderate,1,62,12,67,30880977,3,3,OK,-330.0,0.4474267499999769,0.4913934999995035,0,,,sensitivity_run,True,False,False,-330.0,0.4474267499999769,0,0.4913934999995035
Moderate,1,62,12,68,30880978,1,3,OK,-215.0,0.8234583340017707,0.8749942499998724,1,,,baseline_checkpoint,True,False,False,-215.0,0.8234583340017707,1,0.8749942499998724
Moderate,1,62,12,68,30880978,1,4,OK,-215.0,1.4044748329997674,1.44856529199933,2,,,sensitivity_run,True,False,False,-215.0,1.4044748329997674,2,1.44856529199933
Moderate,1,62,12,68,30880978,1,5,OK,-215.0,0.8376942920003785,0.8813793330000408,1,,,sensitivity_run,True,False,False,-215.0,0.8376942920003785,1,0.8813793330000408
Moderate,1,62,12,68,30880978,2,3,OK,-265.0,0.2763624590006657,0.3211191249993135,0,,,sensitivity_run,True,False,False,-265.0,0.2763624590006657,0,0.3211191249993135
Moderate,1,62,12,68,30880978,3,3,OK,-315.0,0.6763438330008285,0.720148958000209,2,,,sensitivity_run,True,False,False,-315.0,0.6763438330008285,2,0.720148958000209
Moderate,1,62,12,69,30880979,1,3,OK,-215.0,1.1158163330001116,1.1673572500003502,1,,,baseline_checkpoint,True,False,False,-215.0,1.1158163330001116,1,1.1673572500003502
Moderate,1,62,12,69,30880979,1,4,OK,-215.0,5.943443000000116,5.987731500000336,10,,,sensitivity_run,True,False,False,-215.0,5.943443000000116,10,5.987731500000336
Moderate,1,62,12,69,30880979,1,5,OK,-215.0,0.93894575000013,0.9835106669997912,0,,,sensitivity_run,True,False,False,-215.0,0.93894575000013,0,0.9835106669997912
Moderate,1,62,12,69,30880979,2,3,OK,-265.0,0.4793934159997661,0.5234095000005254,2,,,sensitivity_run,True,False,False,-265.0,0.4793934159997661,2,0.5234095000005254
Moderate,1,62,12,69,30880979,3,3,OK,-300.0,0.5043602499999906,0.5490137920005509,1,,,sensitivity_run,True,False,False,-300.0,0.5043602499999906,1,0.5490137920005509
Moderate,1,62,12,70,30880980,1,3,OK,-215.0,25.91388820800057,25.96409841700006,43,,,baseline_checkpoint,True,False,False,-215.0,25.91388820800057,43,25.96409841700006
Moderate,1,62,12,70,30880980,1,4,OK,-215.0,22.527385749999667,22.57286308300081,43,,,sensitivity_run,True,False,False,-215.0,22.527385749999667,43,22.57286308300081
Moderate,1,62,12,70,30880980,1,5,OK,-215.0,24.165457167000568,24.2120492920003,41,,,sensitivity_run,True,False,False,-215.0,24.165457167000568,41,24.2120492920003
Moderate,1,62,12,70,30880980,2,3,OK,-265.0,45.26023416699991,45.30489041700002,75,,,sensitivity_run,True,False,False,-265.0,45.26023416699991,75,45.30489041700002
Moderate,1,62,12,70,30880980,3,3,OK,-315.0,31.14198966599997,31.187077874999886,53,,,sensitivity_run,True,False,False,-315.0,31.14198966599997,53,31.187077874999886
Moderate,1,62,12,71,30880981,1,3,OK,-215.0,0.2767449999992095,0.3283875000015541,0,,,baseline_checkpoint,True,False,False,-215.0,0.2767449999992095,0,0.3283875000015541
Moderate,1,62,12,71,30880981,1,4,OK,-215.0,0.2813349170000947,0.3556474580000213,0,,,sensitivity_run,True,False,False,-215.0,0.2813349170000947,0,0.3556474580000213
Moderate,1,62,12,71,30880981,1,5,OK,-215.0,0.5918592079997325,0.6355391249999229,1,,,sensitivity_run,True,False,False,-215.0,0.5918592079997325,1,0.6355391249999229
Moderate,1,62,12,71,30880981,2,3,OK,-265.0,0.2452424579996659,0.2896262919994115,0,,,sensitivity_run,True,False,False,-265.0,0.2452424579996659,0,0.2896262919994115
Moderate,1,62,12,71,30880981,3,3,OK,-300.0,4.562423041999864,4.605628166000315,7,,,sensitivity_run,True,False,False,-300.0,4.562423041999864,7,4.605628166000315
Moderate,1,62,12,72,30880982,1,3,OK,-160.0,2.985034417000861,3.0357909580015985,4,,,baseline_checkpoint,True,False,False,-160.0,2.985034417000861,4,3.0357909580015985
Moderate,1,62,12,72,30880982,1,4,OK,-175.0,6.76347183300004,6.808471416999964,8,,,sensitivity_run,True,False,False,-175.0,6.76347183300004,8,6.808471416999964
Moderate,1,62,12,72,30880982,1,5,OK,-175.0,3.404817790999914,3.4494839589997355,4,,,sensitivity_run,True,False,False,-175.0,3.404817790999914,4,3.4494839589997355
Moderate,1,62,12,72,30880982,2,3,OK,-250.0,1.9285217910000936,1.9729017079998807,3,,,sensitivity_run,True,False,False,-250.0,1.9285217910000936,3,1.9729017079998807
Moderate,1,62,12,72,30880982,3,3,OK,-300.0,0.6103289580005367,0.6548652500005119,0,,,sensitivity_run,True,False,False,-300.0,0.6103289580005367,0,0.6548652500005119
Moderate,1,62,12,73,30880983,1,3,OK,-200.0,1.2184310410011676,1.2688035840001248,1,,,baseline_checkpoint,True,False,False,-200.0,1.2184310410011676,1,1.2688035840001248
Moderate,1,62,12,73,30880983,1,4,OK,-200.0,1.9058210419998431,1.950177290999818,1,,,sensitivity_run,True,False,False,-200.0,1.9058210419998431,1,1.950177290999818
Moderate,1,62,12,73,30880983,1,5,OK,-200.0,2.45770283299953,2.502705292000428,3,,,sensitivity_run,True,False,False,-200.0,2.45770283299953,3,2.502705292000428
Moderate,1,62,12,73,30880983,2,3,OK,-250.0,2.193332750000081,2.2377376670001468,3,,,sensitivity_run,True,False,False,-250.0,2.193332750000081,3,2.2377376670001468
Moderate,1,62,12,73,30880983,3,3,OK,-300.0,0.6339584999996077,0.678150208000261,0,,,sensitivity_run,True,False,False,-300.0,0.6339584999996077,0,0.678150208000261
Moderate,1,62,12,74,30880984,1,3,OK,-160.0,0.7977848750015255,0.8483134589987458,1,,,baseline_checkpoint,True,False,False,-160.0,0.7977848750015255,1,0.8483134589987458
Moderate,1,62,12,74,30880984,1,4,OK,-160.0,0.8387675419999141,0.8824754170000233,1,,,sensitivity_run,True,False,False,-160.0,0.8387675419999141,1,0.8824754170000233
Moderate,1,62,12,74,30880984,1,5,OK,-160.0,0.834029499999815,0.87780229100008,1,,,sensitivity_run,True,False,False,-160.0,0.834029499999815,1,0.87780229100008
Moderate,1,62,12,74,30880984,2,3,OK,-220.0,0.7240385410004819,0.7738817500003279,0,,,sensitivity_run,True,False,False,-220.0,0.7240385410004819,0,0.7738817500003279
Moderate,1,62,12,74,30880984,3,3,OK,-285.0,0.2476294170000983,0.291138375000628,0,,,sensitivity_run,True,False,False,-285.0,0.2476294170000983,0,0.291138375000628
Moderate,1,62,12,75,30880985,1,3,OK,-215.0,0.2804373339968151,0.3307014579986571,0,,,baseline_checkpoint,True,False,False,-215.0,0.2804373339968151,0,0.3307014579986571
Moderate,1,62,12,75,30880985,1,4,OK,-215.0,0.5781337909993454,0.6217880840004,1,,,sensitivity_run,True,False,False,-215.0,0.5781337909993454,1,0.6217880840004
Moderate,1,62,12,75,30880985,1,5,OK,-215.0,0.8560037500001272,0.9282213750002484,2,,,sensitivity_run,True,False,False,-215.0,0.8560037500001272,2,0.9282213750002484
Moderate,1,62,12,75,30880985,2,3,OK,-250.0,1.1328877919995648,1.1762899590003144,5,,,sensitivity_run,True,False,False,-250.0,1.1328877919995648,5,1.1762899590003144
Moderate,1,62,12,75,30880985,3,3,OK,-285.0,0.9449857079998764,0.9890629169995008,4,,,sensitivity_run,True,False,False,-285.0,0.9449857079998764,4,0.9890629169995008
Moderate,1,62,12,76,30880986,1,3,OK,-185.0,1.6069130420000874,1.6581938749986875,2,,,baseline_checkpoint,True,False,False,-185.0,1.6069130420000874,2,1.6581938749986875
Moderate,1,62,12,76,30880986,1,4,OK,-185.0,1.3412133339998036,1.3848543340000106,2,,,sensitivity_run,True,False,False,-185.0,1.3412133339998036,2,1.3848543340000106
Moderate,1,62,12,76,30880986,1,5,OK,-185.0,1.3004428749991348,1.3440930409997236,2,,,sensitivity_run,True,False,False,-185.0,1.3004428749991348,2,1.3440930409997236
Moderate,1,62,12,76,30880986,2,3,OK,-235.0,0.9076212500003747,0.9653362910003124,0,,,sensitivity_run,True,False,False,-235.0,0.9076212500003747,0,0.9653362910003124
Moderate,1,62,12,76,30880986,3,3,OK,-285.0,0.372087375000774,0.4161558750001859,1,,,sensitivity_run,True,False,False,-285.0,0.372087375000774,1,0.4161558750001859
Moderate,1,62,12,77,30880987,1,3,OK,-200.0,2.661888833001285,2.713053084000421,6,,,baseline_checkpoint,True,False,False,-200.0,2.661888833001285,6,2.713053084000421
Moderate,1,62,12,77,30880987,1,4,OK,-205.0,3.726700207999784,3.774460874999932,6,,,sensitivity_run,True,False,False,-205.0,3.726700207999784,6,3.774460874999932
Moderate,1,62,12,77,30880987,1,5,OK,-205.0,3.1572698750005657,3.2302686670000185,5,,,sensitivity_run,True,False,False,-205.0,3.1572698750005657,5,3.2302686670000185
Moderate,1,62,12,77,30880987,2,3,OK,-250.0,1.7652032920004783,1.8096221249998048,1,,,sensitivity_run,True,False,False,-250.0,1.7652032920004783,1,1.8096221249998048
Moderate,1,62,12,77,30880987,3,3,OK,-290.0,3.595035583999561,3.639891457999511,5,,,sensitivity_run,True,False,False,-290.0,3.595035583999561,5,3.639891457999511
Moderate,1,62,12,78,30880988,1,3,OK,-215.0,1.351422083000216,1.4023387089982862,3,,,baseline_checkpoint,True,False,False,-215.0,1.351422083000216,3,1.4023387089982862
Moderate,1,62,12,78,30880988,1,4,OK,-215.0,0.808256624999558,0.8517347080005493,2,,,sensitivity_run,True,False,False,-215.0,0.808256624999558,2,0.8517347080005493
Moderate,1,62,12,78,30880988,1,5,OK,-215.0,1.1041618750005,1.1482664579998527,2,,,sensitivity_run,True,False,False,-215.0,1.1041618750005,2,1.1482664579998527
Moderate,1,62,12,78,30880988,2,3,OK,-265.0,0.3745007919997078,0.4188978749998568,1,,,sensitivity_run,True,False,False,-265.0,0.3745007919997078,1,0.4188978749998568
Moderate,1,62,12,78,30880988,3,3,OK,-315.0,0.1807410420005908,0.2248310830000264,0,,,sensitivity_run,True,False,False,-315.0,0.1807410420005908,0,0.2248310830000264
Moderate,1,62,12,79,30880989,1,3,OK,-200.0,0.8741128330002539,0.9248831250006332,0,,,baseline_checkpoint,True,False,False,-200.0,0.8741128330002539,0,0.9248831250006332
Moderate,1,62,12,79,30880989,1,4,OK,-215.0,2.9186994159999813,2.9623225000004823,6,,,sensitivity_run,True,False,False,-215.0,2.9186994159999813,6,2.9623225000004823
Moderate,1,62,12,79,30880989,1,5,OK,-215.0,1.4155494999995426,1.4593238329998712,3,,,sensitivity_run,True,False,False,-215.0,1.4155494999995426,3,1.4593238329998712
Moderate,1,62,12,79,30880989,2,3,OK,-265.0,0.5084334580005816,0.5521102500006236,0,,,sensitivity_run,True,False,False,-265.0,0.5084334580005816,0,0.5521102500006236
Moderate,1,62,12,79,30880989,3,3,OK,-315.0,0.8683999590002713,0.9249449589997312,1,,,sensitivity_run,True,False,False,-315.0,0.8683999590002713,1,0.9249449589997312
Moderate,1,62,12,80,30880990,1,3,OK,-215.0,1.707178542001202,1.7578867499978514,2,,,baseline_checkpoint,True,False,False,-215.0,1.707178542001202,2,1.7578867499978514
Moderate,1,62,12,80,30880990,1,4,OK,-230.0,0.3345317499997691,0.3785780409998551,0,,,sensitivity_run,True,False,False,-230.0,0.3345317499997691,0,0.3785780409998551
Moderate,1,62,12,80,30880990,1,5,OK,-230.0,1.124546332999671,1.1677603750003982,2,,,sensitivity_run,True,False,False,-230.0,1.124546332999671,2,1.1677603750003982
Moderate,1,62,12,80,30880990,2,3,OK,-280.0,0.3671529579996786,0.41115125000033,1,,,sensitivity_run,True,False,False,-280.0,0.3671529579996786,1,0.41115125000033
Moderate,1,62,12,80,30880990,3,3,OK,-330.0,0.1844332079999731,0.2282017079996876,0,,,sensitivity_run,True,False,False,-330.0,0.1844332079999731,0,0.2282017079996876
Moderate,1,62,12,81,30880991,1,3,OK,-215.0,0.5889152909985569,0.6388274579985591,1,,,baseline_checkpoint,True,False,False,-215.0,0.5889152909985569,1,0.6388274579985591
Moderate,1,62,12,81,30880991,1,4,OK,-230.0,2.127156542000193,2.1710004579999804,5,,,sensitivity_run,True,False,False,-230.0,2.127156542000193,5,2.1710004579999804
Moderate,1,62,12,81,30880991,1,5,OK,-245.0,0.2376697500003501,0.2815405410001403,0,,,sensitivity_run,True,False,False,-245.0,0.2376697500003501,0,0.2815405410001403
Moderate,1,62,12,81,30880991,2,3,OK,-265.0,1.4309730830000262,1.474706416000117,1,,,sensitivity_run,True,False,False,-265.0,1.4309730830000262,1,1.474706416000117
Moderate,1,62,12,81,30880991,3,3,OK,-315.0,0.3779775000002701,0.4514233330000934,0,,,sensitivity_run,True,False,False,-315.0,0.3779775000002701,0,0.4514233330000934
Moderate,1,62,12,82,30880992,1,3,OK,-175.0,3.8519202089992177,3.9022270000023127,7,,,baseline_checkpoint,True,False,False,-175.0,3.8519202089992177,7,3.9022270000023127
Moderate,1,62,12,82,30880992,1,4,OK,-175.0,0.9860941669994644,1.029287041000316,2,,,sensitivity_run,True,False,False,-175.0,0.9860941669994644,2,1.029287041000316
Moderate,1,62,12,82,30880992,1,5,OK,-175.0,9.738312916999348,9.782744791000368,15,,,sensitivity_run,True,False,False,-175.0,9.738312916999348,15,9.782744791000368
Moderate,1,62,12,82,30880992,2,3,OK,-235.0,0.182807541999864,0.2273212500003865,0,,,sensitivity_run,True,False,False,-235.0,0.182807541999864,0,0.2273212500003865
Moderate,1,62,12,82,30880992,3,3,OK,-270.0,0.1951669999998557,0.2385432499995659,0,,,sensitivity_run,True,False,False,-270.0,0.1951669999998557,0,0.2385432499995659
Moderate,1,62,12,83,30880993,1,3,OK,-215.0,5.012974291999853,5.063360166997882,12,,,baseline_checkpoint,True,False,False,-215.0,5.012974291999853,12,5.063360166997882
Moderate,1,62,12,83,30880993,1,4,OK,-215.0,5.191439833000004,5.236478125000758,11,,,sensitivity_run,True,False,False,-215.0,5.191439833000004,11,5.236478125000758
Moderate,1,62,12,83,30880993,1,5,OK,-215.0,0.7149184999998397,0.7592029170000387,2,,,sensitivity_run,True,False,False,-215.0,0.7149184999998397,2,0.7592029170000387
Moderate,1,62,12,83,30880993,2,3,OK,-250.0,2.35913249999976,2.403584624999894,8,,,sensitivity_run,True,False,False,-250.0,2.35913249999976,8,2.403584624999894
Moderate,1,62,12,83,30880993,3,3,OK,-285.0,50.43983958300032,50.48410991600031,111,,,sensitivity_run,True,False,False,-285.0,50.43983958300032,111,50.48410991600031
Moderate,1,62,12,84,30880994,1,3,OK,-175.0,1.280604833002144,1.3309754170004453,2,,,baseline_checkpoint,True,False,False,-175.0,1.280604833002144,2,1.3309754170004453
Moderate,1,62,12,84,30880994,1,4,OK,-205.0,3.182814457999484,3.225807874999191,3,,,sensitivity_run,True,False,False,-205.0,3.182814457999484,3,3.225807874999191
Moderate,1,62,12,84,30880994,1,5,OK,-215.0,0.3787386250005511,0.422699666999506,0,,,sensitivity_run,True,False,False,-215.0,0.3787386250005511,0,0.422699666999506
Moderate,1,62,12,84,30880994,2,3,OK,-265.0,0.8205833339998208,0.8656307920000472,3,,,sensitivity_run,True,False,False,-265.0,0.8205833339998208,3,0.8656307920000472
Moderate,1,62,12,84,30880994,3,3,OK,-315.0,0.3453980419999425,0.3893090000001393,1,,,sensitivity_run,True,False,False,-315.0,0.3453980419999425,1,0.3893090000001393
Moderate,1,62,12,85,30880995,1,3,OK,-215.0,1.6036850000018603,1.6669282500006375,1,,,baseline_checkpoint,True,False,False,-215.0,1.6036850000018603,1,1.6669282500006375
Moderate,1,62,12,85,30880995,1,4,OK,-230.0,2.065973708000456,2.1096402919993125,2,,,sensitivity_run,True,False,False,-230.0,2.065973708000456,2,2.1096402919993125
Moderate,1,62,12,85,30880995,1,5,OK,-230.0,2.8922011670001666,2.9491065830006846,2,,,sensitivity_run,True,False,False,-230.0,2.8922011670001666,2,2.9491065830006846
Moderate,1,62,12,85,30880995,2,3,OK,-265.0,1.1583777919995557,1.2020722089991978,2,,,sensitivity_run,True,False,False,-265.0,1.1583777919995557,2,1.2020722089991978
Moderate,1,62,12,85,30880995,3,3,OK,-315.0,0.7025654580002083,0.746238457999425,1,,,sensitivity_run,True,False,False,-315.0,0.7025654580002083,1,0.746238457999425
Moderate,1,62,12,86,30880996,1,3,OK,-200.0,0.5301076249998005,0.5818124580000585,0,,,baseline_checkpoint,True,False,False,-200.0,0.5301076249998005,0,0.5818124580000585
Moderate,1,62,12,86,30880996,1,4,OK,-215.0,0.8638993329996083,0.9371123330001864,2,,,sensitivity_run,True,False,False,-215.0,0.8638993329996083,2,0.9371123330001864
Moderate,1,62,12,86,30880996,1,5,OK,-215.0,0.249986415999956,0.2933528749999823,0,,,sensitivity_run,True,False,False,-215.0,0.249986415999956,0,0.2933528749999823
Moderate,1,62,12,86,30880996,2,3,OK,-265.0,0.3649417920005362,0.409257332999914,1,,,sensitivity_run,True,False,False,-265.0,0.3649417920005362,1,0.409257332999914
Moderate,1,62,12,86,30880996,3,3,OK,-300.0,1.850091375000375,1.893651833000149,4,,,sensitivity_run,True,False,False,-300.0,1.850091375000375,4,1.893651833000149
Moderate,1,62,12,87,30880997,1,3,OK,-215.0,0.8670610829976795,0.917177332998108,0,,,baseline_checkpoint,True,False,False,-215.0,0.8670610829976795,0,0.917177332998108
Moderate,1,62,12,87,30880997,1,4,OK,-215.0,2.1579001660002177,2.2015263749999576,1,,,sensitivity_run,True,False,False,-215.0,2.1579001660002177,1,2.2015263749999576
Moderate,1,62,12,87,30880997,1,5,OK,-230.0,0.6672507079993011,0.7114385840004616,0,,,sensitivity_run,True,False,False,-230.0,0.6672507079993011,0,0.7114385840004616
Moderate,1,62,12,87,30880997,2,3,OK,-280.0,0.2459072499996182,0.2899330000000191,0,,,sensitivity_run,True,False,False,-280.0,0.2459072499996182,0,0.2899330000000191
Moderate,1,62,12,87,30880997,3,3,OK,-330.0,1.281220583000504,1.3256352500002322,2,,,sensitivity_run,True,False,False,-330.0,1.281220583000504,2,1.3256352500002322
Moderate,1,62,12,88,30880998,1,3,OK,-230.0,1.1233444999998028,1.1739645410016235,1,,,baseline_checkpoint,True,False,False,-230.0,1.1233444999998028,1,1.1739645410016235
Moderate,1,62,12,88,30880998,1,4,OK,-230.0,0.4675739590002195,0.5109803329996794,0,,,sensitivity_run,True,False,False,-230.0,0.4675739590002195,0,0.5109803329996794
Moderate,1,62,12,88,30880998,1,5,OK,-230.0,0.6352459999998246,0.679272833000141,1,,,sensitivity_run,True,False,False,-230.0,0.6352459999998246,1,0.679272833000141
Moderate,1,62,12,88,30880998,2,3,OK,-280.0,1.0418909580002946,1.0864833340001496,1,,,sensitivity_run,True,False,False,-280.0,1.0418909580002946,1,1.0864833340001496
Moderate,1,62,12,88,30880998,3,3,OK,-330.0,0.9621287910003956,1.0061209160003273,3,,,sensitivity_run,True,False,False,-330.0,0.9621287910003956,3,1.0061209160003273
Moderate,1,62,12,89,30880999,1,3,OK,-215.0,1.105121999997209,1.1555248340009712,1,,,baseline_checkpoint,True,False,False,-215.0,1.105121999997209,1,1.1555248340009712
Moderate,1,62,12,89,30880999,1,4,OK,-230.0,1.660387124999943,1.7032817090002936,2,,,sensitivity_run,True,False,False,-230.0,1.660387124999943,2,1.7032817090002936
Moderate,1,62,12,89,30880999,1,5,OK,-230.0,1.534210875000099,1.5779105000001437,3,,,sensitivity_run,True,False,False,-230.0,1.534210875000099,3,1.5779105000001437
Moderate,1,62,12,89,30880999,2,3,OK,-265.0,0.1791004159995282,0.2374561659999017,0,,,sensitivity_run,True,False,False,-265.0,0.1791004159995282,0,0.2374561659999017
Moderate,1,62,12,89,30880999,3,3,OK,-315.0,0.1801544160007324,0.2230291249998117,0,,,sensitivity_run,True,False,False,-315.0,0.1801544160007324,0,0.2230291249998117
Moderate,1,62,12,90,30881000,1,3,OK,-215.0,18.535777249999228,18.586785415998747,49,,,baseline_checkpoint,True,False,False,-215.0,18.535777249999228,49,18.586785415998747
Moderate,1,62,12,90,30881000,1,4,OK,-230.0,0.8690747919999922,0.913236667000092,2,,,sensitivity_run,True,False,False,-230.0,0.8690747919999922,2,0.913236667000092
Moderate,1,62,12,90,30881000,1,5,OK,-230.0,0.7377797919998557,0.7814258749995133,1,,,sensitivity_run,True,False,False,-230.0,0.7377797919998557,1,0.7814258749995133
Moderate,1,62,12,90,30881000,2,3,OK,-265.0,1.711109249999936,1.755413791999672,8,,,sensitivity_run,True,False,False,-265.0,1.711109249999936,8,1.755413791999672
Moderate,1,62,12,90,30881000,3,3,OK,-285.0,3.442574708999928,3.48559883300004,6,,,sensitivity_run,True,False,False,-285.0,3.442574708999928,6,3.48559883300004
Moderate,1,62,12,91,30881001,1,3,OK,-200.0,0.5777627079987724,0.628903500000888,2,,,baseline_checkpoint,True,False,False,-200.0,0.5777627079987724,2,0.628903500000888
Moderate,1,62,12,91,30881001,1,4,OK,-200.0,0.4091420409995407,0.453220667000096,0,,,sensitivity_run,True,False,False,-200.0,0.4091420409995407,0,0.453220667000096
Moderate,1,62,12,91,30881001,1,5,OK,-200.0,0.424270333000095,0.46782712500044,0,,,sensitivity_run,True,False,False,-200.0,0.424270333000095,0,0.46782712500044
Moderate,1,62,12,91,30881001,2,3,OK,-250.0,0.9963096250003218,1.040861208000024,3,,,sensitivity_run,True,False,False,-250.0,0.9963096250003218,3,1.040861208000024
Moderate,1,62,12,91,30881001,3,3,OK,-300.0,1.2030760410007133,1.2470209579996665,1,,,sensitivity_run,True,False,False,-300.0,1.2030760410007133,1,1.2470209579996665
Moderate,1,62,12,92,30881002,1,3,OK,-230.0,0.5394985829989309,0.5904385410030955,0,,,baseline_checkpoint,True,False,False,-230.0,0.5394985829989309,0,0.5904385410030955
Moderate,1,62,12,92,30881002,1,4,OK,-245.0,1.6810693340003129,1.7245370419996109,5,,,sensitivity_run,True,False,False,-245.0,1.6810693340003129,5,1.7245370419996109
Moderate,1,62,12,92,30881002,1,5,OK,-245.0,2.476255417000175,2.52039191699987,7,,,sensitivity_run,True,False,False,-245.0,2.476255417000175,7,2.52039191699987
Moderate,1,62,12,92,30881002,2,3,OK,-280.0,2.04980866599999,2.092910917000154,3,,,sensitivity_run,True,False,False,-280.0,2.04980866599999,3,2.092910917000154
Moderate,1,62,12,92,30881002,3,3,OK,-330.0,0.5532942500003628,0.5971313340005509,0,,,sensitivity_run,True,False,False,-330.0,0.5532942500003628,0,0.5971313340005509
Moderate,1,62,12,93,30881003,1,3,OK,-215.0,1.2932321250009409,1.3444107499999518,2,,,baseline_checkpoint,True,False,False,-215.0,1.2932321250009409,2,1.3444107499999518
Moderate,1,62,12,93,30881003,1,4,OK,-230.0,0.3620281249995969,0.4061897920000774,0,,,sensitivity_run,True,False,False,-230.0,0.3620281249995969,0,0.4061897920000774
Moderate,1,62,12,93,30881003,1,5,OK,-230.0,1.711430833999657,1.7551707499997065,3,,,sensitivity_run,True,False,False,-230.0,1.711430833999657,3,1.7551707499997065
Moderate,1,62,12,93,30881003,2,3,OK,-265.0,1.5549585000007935,1.59880854200037,4,,,sensitivity_run,True,False,False,-265.0,1.5549585000007935,4,1.59880854200037
Moderate,1,62,12,93,30881003,3,3,OK,-315.0,0.4052231250007025,0.449190374999489,0,,,sensitivity_run,True,False,False,-315.0,0.4052231250007025,0,0.449190374999489
Moderate,1,62,12,94,30881004,1,3,OK,-200.0,0.6158027079982276,0.6664861670033133,0,,,baseline_checkpoint,True,False,False,-200.0,0.6158027079982276,0,0.6664861670033133
Moderate,1,62,12,94,30881004,1,4,OK,-200.0,0.6280376670001715,0.6722470419999809,0,,,sensitivity_run,True,False,False,-200.0,0.6280376670001715,0,0.6722470419999809
Moderate,1,62,12,94,30881004,1,5,OK,-200.0,1.0239724169996407,1.0711633329992765,0,,,sensitivity_run,True,False,False,-200.0,1.0239724169996407,0,1.0711633329992765
Moderate,1,62,12,94,30881004,2,3,OK,-265.0,0.6576778329999797,0.7012638330006666,1,,,sensitivity_run,True,False,False,-265.0,0.6576778329999797,1,0.7012638330006666
Moderate,1,62,12,94,30881004,3,3,OK,-315.0,0.4809869170003367,0.5247391249995417,0,,,sensitivity_run,True,False,False,-315.0,0.4809869170003367,0,0.5247391249995417
Moderate,1,62,12,95,30881005,1,3,OK,-185.0,8.421132958003,8.47150029200202,18,,,baseline_checkpoint,True,False,False,-185.0,8.421132958003,18,8.47150029200202
Moderate,1,62,12,95,30881005,1,4,OK,-185.0,9.908913499999471,9.953081167000164,19,,,sensitivity_run,True,False,False,-185.0,9.908913499999471,19,9.953081167000164
Moderate,1,62,12,95,30881005,1,5,OK,-185.0,10.007610292000209,10.052103457999692,17,,,sensitivity_run,True,False,False,-185.0,10.007610292000209,17,10.052103457999692
Moderate,1,62,12,95,30881005,2,3,OK,-235.0,2.880949458000032,2.925726583000141,4,,,sensitivity_run,True,False,False,-235.0,2.880949458000032,4,2.925726583000141
Moderate,1,62,12,95,30881005,3,3,OK,-270.0,6.553560749999633,6.597685875000025,13,,,sensitivity_run,True,False,False,-270.0,6.553560749999633,13,6.597685875000025
Moderate,1,62,12,96,30881006,1,3,OK,-215.0,2.458457082997484,2.5090916660010407,3,,,baseline_checkpoint,True,False,False,-215.0,2.458457082997484,3,2.5090916660010407
Moderate,1,62,12,96,30881006,1,4,OK,-230.0,2.033540041999913,2.0795493340001485,6,,,sensitivity_run,True,False,False,-230.0,2.033540041999913,6,2.0795493340001485
Moderate,1,62,12,96,30881006,1,5,OK,-230.0,1.2578501670004698,1.3023102079996534,4,,,sensitivity_run,True,False,False,-230.0,1.2578501670004698,4,1.3023102079996534
Moderate,1,62,12,96,30881006,2,3,OK,-265.0,1.3217384169993238,1.3672352920002595,2,,,sensitivity_run,True,False,False,-265.0,1.3217384169993238,2,1.3672352920002595
Moderate,1,62,12,96,30881006,3,3,OK,-315.0,1.1499887500003751,1.194666999999754,1,,,sensitivity_run,True,False,False,-315.0,1.1499887500003751,1,1.194666999999754
Moderate,1,62,12,97,30881007,1,3,OK,-185.0,0.6874948330005282,0.738541416998487,0,,,baseline_checkpoint,True,False,False,-185.0,0.6874948330005282,0,0.738541416998487
Moderate,1,62,12,97,30881007,1,4,OK,-185.0,0.7383594170005381,0.7959217500001614,0,,,sensitivity_run,True,False,False,-185.0,0.7383594170005381,0,0.7959217500001614
Moderate,1,62,12,97,30881007,1,5,OK,-185.0,1.1680225420004715,1.211678749999919,0,,,sensitivity_run,True,False,False,-185.0,1.1680225420004715,0,1.211678749999919
Moderate,1,62,12,97,30881007,2,3,OK,-235.0,0.4840638329997091,0.52890354200008,0,,,sensitivity_run,True,False,False,-235.0,0.4840638329997091,0,0.52890354200008
Moderate,1,62,12,97,30881007,3,3,OK,-270.0,0.4229420000001482,0.4668699159992684,2,,,sensitivity_run,True,False,False,-270.0,0.4229420000001482,2,0.4668699159992684
Moderate,1,62,12,98,30881008,1,3,OK,-160.0,0.4865200829990499,0.5371833749995858,0,,,baseline_checkpoint,True,False,False,-160.0,0.4865200829990499,0,0.5371833749995858
Moderate,1,62,12,98,30881008,1,4,OK,-160.0,0.515586209000503,0.5595890840004358,0,,,sensitivity_run,True,False,False,-160.0,0.515586209000503,0,0.5595890840004358
Moderate,1,62,12,98,30881008,1,5,OK,-160.0,0.5476872079998429,0.591523000000052,0,,,sensitivity_run,True,False,False,-160.0,0.5476872079998429,0,0.591523000000052
Moderate,1,62,12,98,30881008,2,3,OK,-210.0,2.144330999999511,2.188886750000165,5,,,sensitivity_run,True,False,False,-210.0,2.144330999999511,5,2.188886750000165
Moderate,1,62,12,98,30881008,3,3,OK,-245.0,1.7671349580004971,1.810867958000017,5,,,sensitivity_run,True,False,False,-245.0,1.7671349580004971,5,1.810867958000017
Moderate,1,62,12,99,30881009,1,3,OK,-200.0,3.0450997079969966,3.09629275000043,3,,,baseline_checkpoint,True,False,False,-200.0,3.0450997079969966,3,3.09629275000043
Moderate,1,62,12,99,30881009,1,4,OK,-215.0,1.0569345000003525,1.1000964580007349,0,,,sensitivity_run,True,False,False,-215.0,1.0569345000003525,0,1.1000964580007349
Moderate,1,62,12,99,30881009,1,5,OK,-230.0,0.3765890839995336,0.4208422499996231,0,,,sensitivity_run,True,False,False,-230.0,0.3765890839995336,0,0.4208422499996231
Moderate,1,62,12,99,30881009,2,3,OK,-265.0,0.4225127079998856,0.4670482920000722,0,,,sensitivity_run,True,False,False,-265.0,0.4225127079998856,0,0.4670482920000722
Moderate,1,62,12,99,30881009,3,3,OK,-315.0,0.355043208999632,0.3983488329995452,0,,,sensitivity_run,True,False,False,-315.0,0.355043208999632,0,0.3983488329995452
Moderate,1,62,12,100,30881010,1,3,OK,-185.0,0.2751490830014518,0.3259707920005894,0,,,baseline_checkpoint,True,False,False,-185.0,0.2751490830014518,0,0.3259707920005894
Moderate,1,62,12,100,30881010,1,4,OK,-185.0,0.2758342500001163,0.3184402500000942,0,,,sensitivity_run,True,False,False,-185.0,0.2758342500001163,0,0.3184402500000942
Moderate,1,62,12,100,30881010,1,5,OK,-185.0,0.2743663750006817,0.3179002500000933,0,,,sensitivity_run,True,False,False,-185.0,0.2743663750006817,0,0.3179002500000933
Moderate,1,62,12,100,30881010,2,3,OK,-235.0,0.5647976670006756,0.6088101249997635,0,,,sensitivity_run,True,False,False,-235.0,0.5647976670006756,0,0.6088101249997635
Moderate,1,62,12,100,30881010,3,3,OK,-285.0,0.2920318750002479,0.3355018339998423,0,,,sensitivity_run,True,False,False,-285.0,0.2920318750002479,0,0.3355018339998423
