Perfil,SMF,L,Run,Seed,Status,Stage,Tempo (s),Wall time (s),Número de subciclos,Qualidade,Error type,Error message
Slow,0,32,1,20580911,OK,completed,0.6521213750020252,0.6896082499988552,0.0,-105.0,,
Slow,0,32,2,20580912,OK,completed,0.07889274999979534,0.09314416599954711,0.0,-65.0,,
Slow,0,32,3,20580913,OK,completed,0.07811237499845447,0.09309049999865238,0.0,190.0,,
Slow,0,32,4,20580914,OK,completed,0.12946220799858565,0.14402854099898832,1.0,-105.0,,
Slow,0,32,5,20580915,OK,completed,0.07699150000189547,0.09293058299954282,0.0,-120.0,,
Slow,0,32,6,20580916,OK,completed,0.13171216699993238,0.14610354199976427,1.0,-5.0,,
Slow,0,32,7,20580917,OK,completed,0.14325908300088486,0.15862491699954262,2.0,-145.0,,
Slow,0,32,8,20580918,OK,completed,0.0653687500016531,0.0794688749992929,0.0,-80.0,,
Slow,0,32,9,20580919,OK,completed,0.13116874999832362,0.14523491699947044,1.0,240.0,,
Slow,0,32,10,20580920,OK,completed,0.14974466700004996,0.1646322090018657,2.0,165.0,,
Slow,0,32,11,20580921,OK,completed,0.07798670799820684,0.0927181670012942,0.0,-65.0,,
Slow,0,32,12,20580922,OK,completed,0.10964608299764222,0.1238294169997971,0.0,-65.0,,
Slow,0,32,13,20580923,OK,completed,0.2067117500009772,0.22104954200040083,2.0,35.0,,
Slow,0,32,14,20580924,OK,completed,0.2985262910005986,0.3128249170003983,2.0,-105.0,,
Slow,0,32,15,20580925,OK,completed,0.12714174999928218,0.1411893330005114,0.0,-80.0,,
Slow,0,32,16,20580926,OK,completed,0.6566642920006416,0.6708589580011903,5.0,-65.0,,
Slow,0,32,17,20580927,OK,completed,0.08978195799863897,0.104563999997481,0.0,-145.0,,
Slow,0,32,18,20580928,OK,completed,0.23188287500306615,0.24612604199865018,1.0,-80.0,,
Slow,0,32,19,20580929,OK,completed,0.0729098330011766,0.08701645800101687,0.0,10.0,,
Slow,0,32,20,20580930,OK,completed,0.16359333299988066,0.177570249998098,1.0,90.0,,
Slow,0,32,21,20580931,OK,completed,0.12088425000183634,0.13512149999951362,2.0,-25.0,,
Slow,0,32,22,20580932,OK,completed,0.14285766700049862,0.1572074169998814,1.0,125.0,,
Slow,0,32,23,20580933,OK,completed,0.13778800000000047,0.15193949999957113,2.0,-80.0,,
Slow,0,32,24,20580934,OK,completed,0.2020050409992109,0.21613149999757297,2.0,50.0,,
Slow,0,32,25,20580935,OK,completed,0.11409570799878566,0.1287346669996623,1.0,-65.0,,
Slow,0,32,26,20580936,OK,completed,0.12188633299956564,0.13622833300178172,1.0,-65.0,,
Slow,0,32,27,20580937,OK,completed,0.3029654580022907,0.3171112500021991,4.0,90.0,,
Slow,0,32,28,20580938,OK,completed,0.11717829100234667,0.13134720800007926,2.0,15.0,,
Slow,0,32,29,20580939,OK,completed,0.3284285839981749,0.34260016700136475,3.0,165.0,,
Slow,0,32,30,20580940,OK,completed,0.05949329099894385,0.0740791669995815,0.0,-120.0,,
Slow,0,32,31,20580941,OK,completed,0.05946329099970171,0.07351920799919753,0.0,50.0,,
Slow,0,32,32,20580942,OK,completed,0.24800041699927533,0.2624146669986658,3.0,-40.0,,
Slow,0,32,33,20580943,OK,completed,0.06516520800141734,0.07928962499863701,0.0,-105.0,,
Slow,0,32,34,20580944,OK,completed,0.5044114170013927,0.5185440000022936,5.0,-40.0,,
Slow,0,32,35,20580945,OK,completed,0.1895343750002212,0.20382312500078115,2.0,-105.0,,
Slow,0,32,36,20580946,OK,completed,0.06442087499817717,0.0788670829970215,0.0,-145.0,,
Slow,0,32,37,20580947,OK,completed,0.29085979199953726,0.3051190830010455,1.0,-120.0,,
Slow,0,32,38,20580948,OK,completed,0.13072845799979405,0.1448469999995723,1.0,-105.0,,
Slow,0,32,39,20580949,OK,completed,0.13249899999937043,0.14729520800028695,1.0,-80.0,,
Slow,0,32,40,20580950,OK,completed,0.4403050000000803,0.45451300000058836,6.0,90.0,,
Slow,0,32,41,20580951,OK,completed,0.05768733299919404,0.07207199999902514,0.0,165.0,,
Slow,0,32,42,20580952,OK,completed,0.11841837500105612,0.13270016699971166,0.0,110.0,,
Slow,0,32,43,20580953,OK,completed,0.14205425000182004,0.15645437499915715,1.0,-80.0,,
Slow,0,32,44,20580954,OK,completed,0.16159129199877498,0.1757130000005418,1.0,-65.0,,
Slow,0,32,45,20580955,OK,completed,0.2625709170024493,0.27667283300252166,3.0,-65.0,,
Slow,0,32,46,20580956,OK,completed,0.2925554590001411,0.3068818329993519,2.0,-80.0,,
Slow,0,32,47,20580957,OK,completed,0.22558762500193552,0.23974974999873666,2.0,150.0,,
Slow,0,32,48,20580958,OK,completed,0.14235691599969869,0.1694967089970305,0.0,165.0,,
Slow,0,32,49,20580959,OK,completed,0.07584804200087092,0.09065475000170409,0.0,-65.0,,
Slow,0,32,50,20580960,OK,completed,0.48725950000152807,0.5016366249983548,4.0,-65.0,,
Slow,0,32,51,20580961,OK,completed,0.07573108399810735,0.09005104199968628,0.0,15.0,,
Slow,0,32,52,20580962,OK,completed,0.22100824999870383,0.23543216699908953,4.0,-65.0,,
Slow,0,32,53,20580963,OK,completed,0.15772450000076788,0.1718869590004033,1.0,-65.0,,
Slow,0,32,54,20580964,OK,completed,0.28028583300329046,0.29454208300012397,5.0,15.0,,
Slow,0,32,55,20580965,OK,completed,0.08088108399897465,0.09541758300110814,0.0,-105.0,,
Slow,0,32,56,20580966,OK,completed,0.1591019170009531,0.17367224999907194,2.0,50.0,,
Slow,0,32,57,20580967,OK,completed,0.22880420799992862,0.2435989170007815,3.0,50.0,,
Slow,0,32,58,20580968,OK,completed,0.4532658329990227,0.4677878750007949,7.0,50.0,,
Slow,0,32,59,20580969,OK,completed,0.06456462499772897,0.07867908399930457,0.0,50.0,,
Slow,0,32,60,20580970,OK,completed,0.1391938749984547,0.1539860420016339,1.0,50.0,,
Slow,0,32,61,20580971,OK,completed,0.13920974999928148,0.15367949999927077,2.0,-80.0,,
Slow,0,32,62,20580972,OK,completed,0.07212483300099848,0.08665825000207406,0.0,50.0,,
Slow,0,32,63,20580973,OK,completed,0.06392008300099405,0.07817162499850383,0.0,-105.0,,
Slow,0,32,64,20580974,OK,completed,0.29394808399956673,0.33259683399955975,4.0,-40.0,,
Slow,0,32,65,20580975,OK,completed,0.11258887499934644,0.12704433299950324,2.0,0.0,,
Slow,0,32,66,20580976,OK,completed,0.4264878750000207,0.4409262499975739,4.0,-105.0,,
Slow,0,32,67,20580977,OK,completed,0.05556583400175441,0.07020791600007215,0.0,-105.0,,
Slow,0,32,68,20580978,OK,completed,0.2296705410008144,0.24419145899810246,1.0,-65.0,,
Slow,0,32,69,20580979,OK,completed,0.1453118329991412,0.15965920900271158,1.0,-105.0,,
Slow,0,32,70,20580980,OK,completed,0.13775920799889718,0.15217370800019125,1.0,50.0,,
Slow,0,32,71,20580981,OK,completed,0.12138933300229837,0.13586462500097696,0.0,-105.0,,
Slow,0,32,72,20580982,OK,completed,0.18354700000054436,0.19778924999991432,1.0,125.0,,
Slow,0,32,73,20580983,OK,completed,0.4027466670013382,0.4171734159972402,4.0,-25.0,,
Slow,0,32,74,20580984,OK,completed,0.2611832919974404,0.275090667000768,3.0,-145.0,,
Slow,0,32,75,20580985,OK,completed,0.123858625000139,0.13834262499949546,0.0,-105.0,,
Slow,0,32,76,20580986,OK,completed,0.07701970799826086,0.09119633400041494,0.0,305.0,,
Slow,0,32,77,20580987,OK,completed,0.30009104200144066,0.3141639169989503,1.0,-145.0,,
Slow,0,32,78,20580988,OK,completed,0.19164974999875994,0.2057033750024857,3.0,240.0,,
Slow,0,32,79,20580989,OK,completed,0.21816204200149514,0.23247204200015403,3.0,-105.0,,
Slow,0,32,80,20580990,OK,completed,0.05850499999723979,0.072844709000492,0.0,-105.0,,
Slow,0,32,81,20580991,OK,completed,0.11164266699779546,0.12568074999944656,0.0,-145.0,,
Slow,0,32,82,20580992,OK,completed,0.24122120899846777,0.25565108400041936,4.0,90.0,,
Slow,0,32,83,20580993,OK,completed,0.058663834002800286,0.0728274169996439,0.0,125.0,,
Slow,0,32,84,20580994,OK,completed,0.24945012500029407,0.26350633300171467,3.0,50.0,,
Slow,0,32,85,20580995,OK,completed,0.13791399999900023,0.15210583400039468,1.0,-120.0,,
Slow,0,32,86,20580996,OK,completed,0.07058012500056066,0.08473645800040686,0.0,-145.0,,
Slow,0,32,87,20580997,OK,completed,0.05952470800184528,0.073842624999088,0.0,-105.0,,
Slow,0,32,88,20580998,OK,completed,0.1401516250007262,0.15430545900017023,2.0,0.0,,
Slow,0,32,89,20580999,OK,completed,0.18681666699922062,0.20103720800034353,1.0,-25.0,,
Slow,0,32,90,20581000,OK,completed,0.15092379199995776,0.16520566699909978,1.0,15.0,,
Slow,0,32,91,20581001,OK,completed,0.0776366659993073,0.09161733400105732,0.0,90.0,,
Slow,0,32,92,20581002,OK,completed,0.05780120900089969,0.07210187500095344,0.0,-145.0,,
Slow,0,32,93,20581003,OK,completed,0.16098975000204518,0.1753169160001562,0.0,-80.0,,
Slow,0,32,94,20581004,OK,completed,0.13988570799847366,0.1539843330028816,1.0,-80.0,,
Slow,0,32,95,20581005,OK,completed,0.07564787500086823,0.08976337499916553,0.0,-65.0,,
Slow,0,32,96,20581006,OK,completed,0.41395695800019894,0.42851291699844296,8.0,245.0,,
Slow,0,32,97,20581007,OK,completed,0.370456666998507,0.38470574999882956,8.0,-65.0,,
Slow,0,32,98,20581008,OK,completed,0.08117270799994003,0.09588991599957808,0.0,-25.0,,
Slow,0,32,99,20581009,OK,completed,0.058228334000887116,0.07268050000129733,0.0,-145.0,,
Slow,0,32,100,20581010,OK,completed,0.05748795800172957,0.07152183300058823,0.0,-105.0,,
Slow,0,43,1,20690911,OK,completed,0.1460864170003333,0.17117112499909126,0.0,-145.0,,
Slow,0,43,2,20690912,OK,completed,0.8106982910030638,0.834577416000684,3.0,-105.0,,
Slow,0,43,3,20690913,OK,completed,0.6979678749994491,0.7222966670015012,1.0,-105.0,,
Slow,0,43,4,20690914,OK,completed,0.8037887919999775,0.8282805409980938,2.0,-105.0,,
Slow,0,43,5,20690915,OK,completed,0.2645033330009028,0.3163332919975801,0.0,-65.0,,
Slow,0,43,6,20690916,OK,completed,0.4673925830029475,0.4916648329999589,2.0,-105.0,,
Slow,0,43,7,20690917,OK,completed,0.23888991700005135,0.2631665829976555,0.0,-145.0,,
Slow,0,43,8,20690918,OK,completed,0.6914299590025621,0.7161276250008086,3.0,-145.0,,
Slow,0,43,9,20690919,OK,completed,0.46855491699898266,0.492764000002353,2.0,-105.0,,
Slow,0,43,10,20690920,OK,completed,0.48735095800293493,0.5117369170002348,1.0,-105.0,,
Slow,0,43,11,20690921,OK,completed,0.30866470800174284,0.3331254170007014,0.0,-145.0,,
Slow,0,43,12,20690922,OK,completed,0.2615066670005035,0.285642042003019,1.0,-105.0,,
Slow,0,43,13,20690923,OK,completed,0.3401472500008822,0.3761519159997988,1.0,-160.0,,
Slow,0,43,14,20690924,OK,completed,0.15853970899843262,0.1827335000016319,0.0,-120.0,,
Slow,0,43,15,20690925,OK,completed,0.29014633399856393,0.3143866669997806,1.0,-65.0,,
Slow,0,43,16,20690926,OK,completed,0.5759717910004838,0.6007591249981488,2.0,150.0,,
Slow,0,43,17,20690927,OK,completed,1.223863250001159,1.248606084001949,4.0,-145.0,,
Slow,0,43,18,20690928,OK,completed,0.9088466670000344,0.933162249999441,4.0,-65.0,,
Slow,0,43,19,20690929,OK,completed,0.3329335410016938,0.35796654099976877,2.0,-145.0,,
Slow,0,43,20,20690930,OK,completed,0.3942785420003929,0.41826470800151583,2.0,-145.0,,
Slow,0,43,21,20690931,OK,completed,0.5897177499973623,0.6138678749994142,1.0,-120.0,,
Slow,0,43,22,20690932,OK,completed,0.5463514160001068,0.5710458329995163,2.0,-145.0,,
Slow,0,43,23,20690933,OK,completed,0.14684708299682825,0.171111125000607,0.0,-160.0,,
Slow,0,43,24,20690934,OK,completed,0.7978197919983359,0.8225117920010234,2.0,-145.0,,
Slow,0,43,25,20690935,OK,completed,1.4391105409995362,1.4631574999984878,8.0,-105.0,,
Slow,0,43,26,20690936,OK,completed,0.17152262500167126,0.195710791998863,0.0,-80.0,,
Slow,0,43,27,20690937,OK,completed,0.3378323750002892,0.3623662920035713,1.0,-160.0,,
Slow,0,43,28,20690938,OK,completed,0.18512291599836317,0.2097414590025437,0.0,165.0,,
Slow,0,43,29,20690939,OK,completed,0.34806554099850473,0.37209620800058474,1.0,-105.0,,
Slow,0,43,30,20690940,OK,completed,0.3170464590002666,0.3413014160032617,1.0,-120.0,,
Slow,0,43,31,20690941,OK,completed,0.5384269170026528,0.5625116660012281,2.0,-25.0,,
Slow,0,43,32,20690942,OK,completed,0.3391035419990658,0.363904249999905,1.0,150.0,,
Slow,0,43,33,20690943,OK,completed,0.2568775840009039,0.28159279100145795,0.0,-145.0,,
Slow,0,43,34,20690944,OK,completed,0.2679874999994354,0.2925245830010681,1.0,-145.0,,
Slow,0,43,35,20690945,OK,completed,1.382336458998907,1.406511707999016,7.0,-80.0,,
Slow,0,43,36,20690946,OK,completed,1.247170874998119,1.2714325839988305,3.0,-80.0,,
Slow,0,43,37,20690947,OK,completed,0.47282916699987254,0.4974373330005619,2.0,-145.0,,
Slow,0,43,38,20690948,OK,completed,0.15492187500058208,0.17920020900055533,0.0,-145.0,,
Slow,0,43,39,20690949,OK,completed,0.3378497499979858,0.36223625000275206,1.0,-105.0,,
Slow,0,43,40,20690950,OK,completed,0.28202787500049453,0.30653225000060047,1.0,-120.0,,
Slow,0,43,41,20690951,OK,completed,0.4720764589983446,0.4965216250020603,4.0,-105.0,,
Slow,0,43,42,20690952,OK,completed,0.479898958998092,0.5040453340006934,2.0,-145.0,,
Slow,0,43,43,20690953,OK,completed,1.626825708000979,1.6514676249971671,4.0,-105.0,,
Slow,0,43,44,20690954,OK,completed,0.1574657080018369,0.18176650000168593,0.0,125.0,,
Slow,0,43,45,20690955,OK,completed,0.5041045830002986,0.528553499996633,2.0,-145.0,,
Slow,0,43,46,20690956,OK,completed,0.24200349999955506,0.30455304099814384,0.0,-145.0,,
Slow,0,43,47,20690957,OK,completed,0.3067406249974738,0.3311590420016728,0.0,-80.0,,
Slow,0,43,48,20690958,OK,completed,1.1034658749995288,1.1274345409983653,7.0,150.0,,
Slow,0,43,49,20690959,OK,completed,0.1444707919981738,0.16937212500124588,0.0,-145.0,,
Slow,0,43,50,20690960,OK,completed,0.6765265419999196,0.7008162919992174,4.0,-105.0,,
Slow,0,43,51,20690961,OK,completed,0.11960083399753785,0.1442847090002033,0.0,-145.0,,
Slow,0,43,52,20690962,OK,completed,0.7853902919996472,0.8100414589971479,3.0,-105.0,,
Slow,0,43,53,20690963,OK,completed,0.17176683300203877,0.19603066600029706,0.0,35.0,,
Slow,0,43,54,20690964,OK,completed,0.3182790409991867,0.3424544160006917,1.0,-80.0,,
Slow,0,43,55,20690965,OK,completed,0.38806174999990617,0.4127543340000557,0.0,-65.0,,
Slow,0,43,56,20690966,OK,completed,0.29024720799861825,0.3142158750015369,0.0,-80.0,,
Slow,0,43,57,20690967,OK,completed,0.18003862499972456,0.20411979199707275,0.0,50.0,,
Slow,0,43,58,20690968,OK,completed,0.43580095899960725,0.4605060419999063,1.0,-105.0,,
Slow,0,43,59,20690969,OK,completed,0.3176648340013344,0.3416995000006864,1.0,-80.0,,
Slow,0,43,60,20690970,OK,completed,0.6119567499990808,0.6370087499999499,2.0,-105.0,,
Slow,0,43,61,20690971,OK,completed,0.36794083299901104,0.39274362499782,1.0,-80.0,,
Slow,0,43,62,20690972,OK,completed,0.6401191249969997,0.6645663750023232,3.0,-145.0,,
Slow,0,43,63,20690973,OK,completed,1.1898370410017378,1.2139650839999376,4.0,-120.0,,
Slow,0,43,64,20690974,OK,completed,0.26226266699814005,0.28684495800189325,1.0,-25.0,,
Slow,0,43,65,20690975,OK,completed,0.3881459590011218,0.41271308299837983,1.0,-160.0,,
Slow,0,43,66,20690976,OK,completed,0.3714684579972527,0.39592862499921466,1.0,-145.0,,
Slow,0,43,67,20690977,OK,completed,0.2530772500031162,0.27744870799870114,0.0,-120.0,,
Slow,0,43,68,20690978,OK,completed,0.1324569580028765,0.15691629200227908,0.0,50.0,,
Slow,0,43,69,20690979,OK,completed,0.13752779200149234,0.1619686250014638,0.0,-120.0,,
Slow,0,43,70,20690980,OK,completed,0.1459238749994256,0.17058387499855598,0.0,-145.0,,
Slow,0,43,71,20690981,OK,completed,0.17287912500250968,0.19722383299813373,0.0,-80.0,,
Slow,0,43,72,20690982,OK,completed,0.9632035419999738,0.9873808329975873,5.0,-145.0,,
Slow,0,43,73,20690983,OK,completed,0.6306751249976514,0.6552148329974443,3.0,-145.0,,
Slow,0,43,74,20690984,OK,completed,0.8825644579992513,0.9070079999983136,1.0,-120.0,,
Slow,0,43,75,20690985,OK,completed,0.5522064159995352,0.5765081669997016,2.0,-145.0,,
Slow,0,43,76,20690986,OK,completed,1.2782407920021797,1.3030826249996608,5.0,50.0,,
Slow,0,43,77,20690987,OK,completed,0.3681304170022486,0.3925264999998035,1.0,-105.0,,
Slow,0,43,78,20690988,OK,completed,0.5472657500031346,0.5717952500017418,2.0,-65.0,,
Slow,0,43,79,20690989,OK,completed,0.1606200840033125,0.1857112089965085,0.0,35.0,,
Slow,0,43,80,20690990,OK,completed,0.1833589169982588,0.20764141700055916,0.0,-105.0,,
Slow,0,43,81,20690991,OK,completed,4.961659500000678,4.986299166997924,20.0,-65.0,,
Slow,0,43,82,20690992,OK,completed,0.5443945419974625,0.5691798750012822,2.0,-105.0,,
Slow,0,43,83,20690993,OK,completed,0.31382412500170176,0.33825687500211643,1.0,-120.0,,
Slow,0,43,84,20690994,OK,completed,0.40824941599930753,0.43263670799933607,1.0,-145.0,,
Slow,0,43,85,20690995,OK,completed,0.34341995799695724,0.368307000000641,1.0,-105.0,,
Slow,0,43,86,20690996,OK,completed,0.3500829580007121,0.3748632089991588,0.0,-160.0,,
Slow,0,43,87,20690997,OK,completed,0.38195508400167455,0.40597574999992503,1.0,-65.0,,
Slow,0,43,88,20690998,OK,completed,0.47440274999826215,0.49896966699816403,2.0,-145.0,,
Slow,0,43,89,20690999,OK,completed,0.18533875000139233,0.2098649170002318,0.0,-65.0,,
Slow,0,43,90,20691000,OK,completed,0.4379821670008823,0.46255862500038347,2.0,-160.0,,
Slow,0,43,91,20691001,OK,completed,0.9829831250026473,1.0079990410013124,3.0,-145.0,,
Slow,0,43,92,20691002,OK,completed,0.37517270800162805,0.3996278339982382,1.0,-105.0,,
Slow,0,43,93,20691003,OK,completed,0.15829225000197766,0.18236174999765353,0.0,-5.0,,
Slow,0,43,94,20691004,OK,completed,0.37452500000290456,0.39946929100187845,0.0,-80.0,,
Slow,0,43,95,20691005,OK,completed,1.8453823339987139,1.8696098750006058,6.0,-65.0,,
Slow,0,43,96,20691006,OK,completed,0.3633793330009212,0.3877599999977974,1.0,-160.0,,
Slow,0,43,97,20691007,OK,completed,0.30053324999971665,0.3253314999965369,0.0,-105.0,,
Slow,0,43,98,20691008,OK,completed,0.7840591249987483,0.8084950410011515,4.0,-145.0,,
Slow,0,43,99,20691009,OK,completed,0.34130699999877834,0.3662030000014056,2.0,-105.0,,
Slow,0,43,100,20691010,OK,completed,0.31220420799945714,0.33693270799994934,0.0,-105.0,,
Moderate,1,32,1,30580911,OK,completed,0.804895375000342,0.8768565419995866,8.0,-145.0,,
Moderate,1,32,2,30580912,OK,completed,0.45753379099915037,0.47486899999785237,2.0,-175.0,,
Moderate,1,32,3,30580913,OK,completed,0.14420816699930583,0.16048362500077928,1.0,35.0,,
Moderate,1,32,4,30580914,OK,completed,0.6025202920027368,0.6190852079998876,6.0,-60.0,,
Moderate,1,32,5,30580915,OK,completed,0.2028794170000765,0.2190614999999525,0.0,-120.0,,
Moderate,1,32,6,30580916,OK,completed,0.47919295799874817,0.5187126249984431,3.0,-145.0,,
Moderate,1,32,7,30580917,OK,completed,0.3371072920017468,0.3533747920009773,1.0,-65.0,,
Moderate,1,32,8,30580918,OK,completed,0.18281895800100756,0.1990873750000901,2.0,10.0,,
Moderate,1,32,9,30580919,OK,completed,0.1883791670006758,0.20470574999853852,3.0,-200.0,,
Moderate,1,32,10,30580920,OK,completed,0.054819000000861706,0.0710782919995836,0.0,-105.0,,
Moderate,1,32,11,30580921,OK,completed,0.13515437499881955,0.15174062499863794,2.0,-105.0,,
Moderate,1,32,12,30580922,OK,completed,0.38846750000084285,0.40515070800029207,3.0,10.0,,
Moderate,1,32,13,30580923,OK,completed,0.6461361249967013,0.6626181249994261,3.0,-105.0,,
Moderate,1,32,14,30580924,OK,completed,8.543420209000033,8.559468457999174,46.0,-135.0,,
Moderate,1,32,15,30580925,OK,completed,0.07734420800261432,0.09379745799742523,0.0,-120.0,,
Moderate,1,32,16,30580926,OK,completed,0.30649937500129454,0.32323804200132145,2.0,-120.0,,
Moderate,1,32,17,30580927,OK,completed,0.1830763329999172,0.19955470900094952,1.0,-160.0,,
Moderate,1,32,18,30580928,OK,completed,0.05615183400004753,0.0723563749997993,0.0,-105.0,,
Moderate,1,32,19,30580929,OK,completed,0.06187649999992573,0.07820995899965055,0.0,10.0,,
Moderate,1,32,20,30580930,OK,completed,0.3834012920015084,0.3995972500015341,1.0,-45.0,,
Moderate,1,32,21,30580931,OK,completed,0.06323454200173728,0.07944204099840135,0.0,10.0,,
Moderate,1,32,22,30580932,OK,completed,0.38692162500228733,0.40327275000163354,2.0,-145.0,,
Moderate,1,32,23,30580933,OK,completed,0.13527787499697297,0.15155599999707192,1.0,-175.0,,
Moderate,1,32,24,30580934,OK,completed,0.15420529199764132,0.17056062499977998,0.0,-5.0,,
Moderate,1,32,25,30580935,OK,completed,0.108554209000431,0.12488304200087441,1.0,-105.0,,
Moderate,1,32,26,30580936,OK,completed,0.1700183749999269,0.1863534999974945,0.0,-80.0,,
Moderate,1,32,27,30580937,OK,completed,0.7453683329986234,0.7617797079983575,3.0,-120.0,,
Moderate,1,32,28,30580938,OK,completed,0.18123908399866195,0.19735045899869874,2.0,125.0,,
Moderate,1,32,29,30580939,OK,completed,0.061781250002240995,0.07845391699811444,0.0,470.0,,
Moderate,1,32,30,30580940,OK,completed,0.8687662499978615,0.8849578329973156,4.0,-105.0,,
Moderate,1,32,31,30580941,OK,completed,0.2518093750004482,0.2686877080013801,1.0,-65.0,,
Moderate,1,32,32,30580942,OK,completed,1.0579704170013429,1.074100499998167,6.0,-105.0,,
Moderate,1,32,33,30580943,OK,completed,0.08312300000034156,0.09926658299809787,0.0,10.0,,
Moderate,1,32,34,30580944,OK,completed,0.4254030000010971,0.4417046250018757,2.0,-80.0,,
Moderate,1,32,35,30580945,OK,completed,0.05538141699798871,0.07159858299928601,0.0,-120.0,,
Moderate,1,32,36,30580946,OK,completed,0.48745025000243913,0.5035172919997422,2.0,20.0,,
Moderate,1,32,37,30580947,OK,completed,2.896487875001185,2.9128430000018852,12.0,-160.0,,
Moderate,1,32,38,30580948,OK,completed,0.07667116700031329,0.09332341700064717,0.0,-160.0,,
Moderate,1,32,39,30580949,OK,completed,0.07638633299939102,0.09277754099821323,0.0,125.0,,
Moderate,1,32,40,30580950,OK,completed,0.7752724999991187,0.7917094160002307,4.0,-200.0,,
Moderate,1,32,41,30580951,OK,completed,0.4455837090026762,0.4620853750020615,2.0,-105.0,,
Moderate,1,32,42,30580952,OK,completed,0.055817415999626974,0.07204670799910673,0.0,-160.0,,
Moderate,1,32,43,30580953,OK,completed,0.5041467499977443,0.5201835829975607,2.0,-160.0,,
Moderate,1,32,44,30580954,OK,completed,0.2461142079991987,0.2622217499992985,1.0,225.0,,
Moderate,1,32,45,30580955,OK,completed,0.17643658300221432,0.1927536670009431,2.0,-200.0,,
Moderate,1,32,46,30580956,OK,completed,0.058698458000435494,0.07492112500040093,0.0,-200.0,,
Moderate,1,32,47,30580957,OK,completed,0.18785237500196672,0.20401020800272818,0.0,-65.0,,
Moderate,1,32,48,30580958,OK,completed,0.6201405829997384,0.6369750830017438,2.0,-145.0,,
Moderate,1,32,49,30580959,OK,completed,1.1702724170027068,1.186802333999367,20.0,10.0,,
Moderate,1,32,50,30580960,OK,completed,0.06640525000329944,0.08292237499699695,0.0,-160.0,,
Moderate,1,32,51,30580961,OK,completed,0.05577591700057383,0.07215999999971245,0.0,90.0,,
Moderate,1,32,52,30580962,OK,completed,0.1875183330012078,0.2037774590025947,0.0,-105.0,,
Moderate,1,32,53,30580963,OK,completed,0.4129085409986146,0.429078875000414,6.0,50.0,,
Moderate,1,32,54,30580964,OK,completed,0.30427787500229897,0.32143708399962634,1.0,-160.0,,
Moderate,1,32,55,30580965,OK,completed,0.19998254199890653,0.21616995799922734,3.0,10.0,,
Moderate,1,32,56,30580966,OK,completed,0.1296382079999603,0.1463340420013992,1.0,-200.0,,
Moderate,1,32,57,30580967,OK,completed,0.06837375000031898,0.08477258299899404,0.0,-120.0,,
Moderate,1,32,58,30580968,OK,completed,0.4481123329969705,0.4642787500015402,6.0,110.0,,
Moderate,1,32,59,30580969,OK,completed,0.07256320799933746,0.08898979199875612,0.0,-105.0,,
Moderate,1,32,60,30580970,OK,completed,0.15718875000311527,0.1737702079990413,2.0,10.0,,
Moderate,1,32,61,30580971,OK,completed,0.14267595799901756,0.15924641600213363,2.0,35.0,,
Moderate,1,32,62,30580972,OK,completed,0.4145500410013483,0.4309670830007235,3.0,-215.0,,
Moderate,1,32,63,30580973,OK,completed,0.12557074999858742,0.1419720000012603,0.0,50.0,,
Moderate,1,32,64,30580974,OK,completed,0.15410654100196552,0.17053083399878233,1.0,85.0,,
Moderate,1,32,65,30580975,OK,completed,0.2048804170008225,0.22121337499993388,2.0,-145.0,,
Moderate,1,32,66,30580976,OK,completed,0.13535404200229095,0.15181337499961955,1.0,35.0,,
Moderate,1,32,67,30580977,OK,completed,0.056410707999020815,0.07281758300086949,0.0,-145.0,,
Moderate,1,32,68,30580978,OK,completed,0.39043333300287486,0.4064770419972774,5.0,265.0,,
Moderate,1,32,69,30580979,OK,completed,0.1583552910014987,0.17490033400099492,2.0,225.0,,
Moderate,1,32,70,30580980,OK,completed,0.6391712500007998,0.6558255829986592,2.0,-105.0,,
Moderate,1,32,71,30580981,OK,completed,0.06725954200010165,0.08366754199960269,0.0,-160.0,,
Moderate,1,32,72,30580982,OK,completed,0.5971209169983922,0.6134670420033217,2.0,-105.0,,
Moderate,1,32,73,30580983,OK,completed,0.2106422079996264,0.2269772079998802,0.0,-105.0,,
Moderate,1,32,74,30580984,OK,completed,0.16778645799786318,0.18415045900110272,2.0,-65.0,,
Moderate,1,32,75,30580985,OK,completed,0.19032804200105602,0.20674616700125625,2.0,-145.0,,
Moderate,1,32,76,30580986,OK,completed,0.13604008400216117,0.1528468750002503,1.0,-5.0,,
Moderate,1,32,77,30580987,OK,completed,0.06599337499937974,0.08234112500213087,0.0,-65.0,,
Moderate,1,32,78,30580988,OK,completed,0.7029062919973512,0.7195274580008117,3.0,35.0,,
Moderate,1,32,79,30580989,OK,completed,0.12290454200046952,0.13901987500139512,1.0,-215.0,,
Moderate,1,32,80,30580990,OK,completed,0.1230167089997849,0.13953216699883342,2.0,10.0,,
Moderate,1,32,81,30580991,OK,completed,0.35557083299863734,0.37208970799838426,2.0,-175.0,,
Moderate,1,32,82,30580992,OK,completed,0.13571704100104398,0.15206224999928963,0.0,-80.0,,
Moderate,1,32,83,30580993,OK,completed,0.23746879200189142,0.2542412910006533,1.0,-200.0,,
Moderate,1,32,84,30580994,OK,completed,0.11709749999863561,0.13451691699810908,1.0,-145.0,,
Moderate,1,32,85,30580995,OK,completed,1.0760887920005189,1.0925890830003482,8.0,-80.0,,
Moderate,1,32,86,30580996,OK,completed,0.6998306669993326,0.7162018329981947,12.0,-65.0,,
Moderate,1,32,87,30580997,OK,completed,0.074138584001048,0.09040258300228743,0.0,-175.0,,
Moderate,1,32,88,30580998,OK,completed,0.28668841699982295,0.30299858299986226,1.0,-30.0,,
Moderate,1,32,89,30580999,OK,completed,0.10532895800133701,0.12156158400102868,0.0,-85.0,,
Moderate,1,32,90,30581000,OK,completed,0.05599883299873909,0.07253033300003153,0.0,-145.0,,
Moderate,1,32,91,30581001,OK,completed,0.23901920799835352,0.2558454160025576,2.0,-105.0,,
Moderate,1,32,92,30581002,OK,completed,0.12589829199714586,0.14234866699916893,0.0,-105.0,,
Moderate,1,32,93,30581003,OK,completed,0.06593712500034599,0.08248066599844606,0.0,-200.0,,
Moderate,1,32,94,30581004,OK,completed,0.1418959590009763,0.15823129099953803,2.0,-105.0,,
Moderate,1,32,95,30581005,OK,completed,0.1978032080005505,0.2142325000022538,0.0,-120.0,,
Moderate,1,32,96,30581006,OK,completed,0.07546429200010607,0.09184566600015387,0.0,165.0,,
Moderate,1,32,97,30581007,OK,completed,0.0714441669988446,0.08780483400187222,0.0,-65.0,,
Moderate,1,32,98,30581008,OK,completed,0.15925854200031608,0.17569395899772644,1.0,-175.0,,
Moderate,1,32,99,30581009,OK,completed,1.058427791998838,1.0749242910023895,7.0,-5.0,,
Moderate,1,32,100,30581010,OK,completed,0.08055249999961234,0.09693454100124654,0.0,10.0,,
Moderate,1,62,1,30880911,OK,completed,5.870321499998681,5.920661457999813,8.0,-160.0,,
Moderate,1,62,2,30880912,OK,completed,1.8825507500005187,1.9446243749989662,5.0,-200.0,,
Moderate,1,62,3,30880913,OK,completed,0.3956149999976333,0.445300874998793,0.0,-200.0,,
Moderate,1,62,4,30880914,OK,completed,0.36433154200130957,0.41484091600068496,0.0,-185.0,,
Moderate,1,62,5,30880915,OK,completed,0.5609729169991624,0.6109470000010333,0.0,-215.0,,
Moderate,1,62,6,30880916,OK,completed,1.2473366250014806,1.2968502920011815,3.0,-200.0,,
Moderate,1,62,7,30880917,OK,completed,28.277564750002057,28.32742616700125,43.0,-230.0,,
Moderate,1,62,8,30880918,OK,completed,0.8912126670002181,0.9421977909987618,1.0,-245.0,,
Moderate,1,62,9,30880919,OK,completed,0.8647244169987971,0.9150938329985365,0.0,-175.0,,
Moderate,1,62,10,30880920,OK,completed,0.9057195409986889,0.9566965420017368,0.0,-215.0,,
Moderate,1,62,11,30880921,OK,completed,2.071413333000237,2.1221951660008926,2.0,-230.0,,
Moderate,1,62,12,30880922,OK,completed,0.5038067919995228,0.5544005409974488,0.0,-190.0,,
Moderate,1,62,13,30880923,OK,completed,0.18154499999945983,0.23195354199924623,0.0,-200.0,,
Moderate,1,62,14,30880924,OK,completed,0.8872659999979078,0.9380874579983356,0.0,-185.0,,
Moderate,1,62,15,30880925,OK,completed,0.2739441669982625,0.3234085000003688,0.0,-215.0,,
Moderate,1,62,16,30880926,OK,completed,1.3326759580013459,1.3835214170030667,1.0,-215.0,,
Moderate,1,62,17,30880927,OK,completed,5.316723708998325,5.36729162499978,15.0,-230.0,,
Moderate,1,62,18,30880928,OK,completed,0.23380924999946728,0.2846363749995362,0.0,-215.0,,
Moderate,1,62,19,30880929,OK,completed,2.270124124999711,2.320781792001071,5.0,-145.0,,
Moderate,1,62,20,30880930,OK,completed,0.9052195419972122,0.9555715419992339,1.0,-175.0,,
Moderate,1,62,21,30880931,OK,completed,0.6736335829991731,0.7237662500010629,2.0,-215.0,,
Moderate,1,62,22,30880932,OK,completed,1.26725445899865,1.3177484169973468,1.0,-200.0,,
Moderate,1,62,23,30880933,OK,completed,1.3977006249988335,1.4480337080021854,4.0,-230.0,,
Moderate,1,62,24,30880934,OK,completed,0.5767646670028626,0.6392413749999832,0.0,-230.0,,
Moderate,1,62,25,30880935,OK,completed,1.0597814169996127,1.1106197090011847,3.0,-215.0,,
Moderate,1,62,26,30880936,OK,completed,2.3584832920023473,2.4095545419986593,4.0,-215.0,,
Moderate,1,62,27,30880937,OK,completed,0.8479018749967508,0.8991348339986871,1.0,-230.0,,
Moderate,1,62,28,30880938,OK,completed,7.458303250001336,7.50916904100086,11.0,-160.0,,
Moderate,1,62,29,30880939,OK,completed,1.1276987499986717,1.17854137500035,1.0,-215.0,,
Moderate,1,62,30,30880940,OK,completed,0.7885015409992775,0.8392662080004811,1.0,-215.0,,
Moderate,1,62,31,30880941,OK,completed,1.882623124998645,1.9340904579985363,2.0,-175.0,,
Moderate,1,62,32,30880942,OK,completed,7.826495833000081,7.877567875002569,14.0,-200.0,,
Moderate,1,62,33,30880943,OK,completed,4.263926208001067,4.31420079199961,4.0,-200.0,,
Moderate,1,62,34,30880944,OK,completed,0.2412323339995055,0.2920806250003807,0.0,-200.0,,
Moderate,1,62,35,30880945,OK,completed,0.862241750000976,0.9128022920012882,0.0,-230.0,,
Moderate,1,62,36,30880946,OK,completed,0.6965506669985189,0.7472613749996526,0.0,-185.0,,
Moderate,1,62,37,30880947,OK,completed,0.8563811669991992,0.907400707998022,1.0,-215.0,,
Moderate,1,62,38,30880948,OK,completed,0.759063707999303,0.80975854099961,1.0,-215.0,,
Moderate,1,62,39,30880949,OK,completed,1.954949333001423,2.0078288330005307,5.0,-230.0,,
Moderate,1,62,40,30880950,OK,completed,2.886659374998999,2.936985167001694,6.0,-215.0,,
Moderate,1,62,41,30880951,OK,completed,1.435786417001509,1.4867277499979537,3.0,-215.0,,
Moderate,1,62,42,30880952,OK,completed,1.147754208999686,1.1988582909980323,1.0,-215.0,,
Moderate,1,62,43,30880953,OK,completed,5.333744125000521,5.384439542001928,7.0,-160.0,,
Moderate,1,62,44,30880954,OK,completed,0.3954156250001688,0.44760733300063293,0.0,-190.0,,
Moderate,1,62,45,30880955,OK,completed,0.6110620840008778,0.6618015830026707,0.0,-200.0,,
Moderate,1,62,46,30880956,OK,completed,16.05973562500003,16.111188499999116,30.0,-215.0,,
Moderate,1,62,47,30880957,OK,completed,1.3712265829999524,1.4223033339985705,2.0,-215.0,,
Moderate,1,62,48,30880958,OK,completed,1.1197220840003865,1.1700356250003097,2.0,-200.0,,
Moderate,1,62,49,30880959,OK,completed,1.482685709001089,1.5334780410012172,1.0,-200.0,,
Moderate,1,62,50,30880960,OK,completed,2.567787165997288,2.6184349169998313,5.0,-230.0,,
Moderate,1,62,51,30880961,OK,completed,1.2051261669985252,1.255989707999106,2.0,-215.0,,
Moderate,1,62,52,30880962,OK,completed,21.751780916001735,21.802548250001564,29.0,-230.0,,
Moderate,1,62,53,30880963,OK,completed,45.817028999998,45.86823008400097,77.0,-215.0,,
Moderate,1,62,54,30880964,OK,completed,0.36408850000225357,0.4149395000022196,0.0,-215.0,,
Moderate,1,62,55,30880965,OK,completed,1.1494792499979667,1.1990261249993637,2.0,-200.0,,
Moderate,1,62,56,30880966,OK,completed,0.3234839169999759,0.3733864160021767,0.0,-215.0,,
Moderate,1,62,57,30880967,OK,completed,9.843132959002105,9.892936917000043,11.0,-200.0,,
Moderate,1,62,58,30880968,OK,completed,0.8836443330001202,0.9342238329991233,0.0,-215.0,,
Moderate,1,62,59,30880969,OK,completed,1.008976207998785,1.0588542080004117,1.0,-230.0,,
Moderate,1,62,60,30880970,OK,completed,0.39157808299933095,0.44163545799892745,0.0,-215.0,,
Moderate,1,62,61,30880971,OK,completed,1.566579250000359,1.6345945419998316,3.0,-215.0,,
Moderate,1,62,62,30880972,OK,completed,156.45657754199783,156.50714462500036,197.0,-200.0,,
Moderate,1,62,63,30880973,OK,completed,0.7332056660015951,0.7853582090028794,1.0,-230.0,,
Moderate,1,62,64,30880974,OK,completed,0.6766129159987031,0.7270791250011825,1.0,-190.0,,
Moderate,1,62,65,30880975,OK,completed,0.2999818749995029,0.368535666999378,0.0,-200.0,,
Moderate,1,62,66,30880976,OK,completed,4.614220082999964,4.690905000003113,9.0,-200.0,,
Moderate,1,62,67,30880977,OK,completed,0.2734469999995781,0.3240910830027133,0.0,-230.0,,
Moderate,1,62,68,30880978,OK,completed,0.8234583340017707,0.8749942499998724,1.0,-215.0,,
Moderate,1,62,69,30880979,OK,completed,1.1158163330001116,1.1673572500003502,1.0,-215.0,,
Moderate,1,62,70,30880980,OK,completed,25.91388820800057,25.96409841700006,43.0,-215.0,,
Moderate,1,62,71,30880981,OK,completed,0.27674499999920954,0.32838750000155414,0.0,-215.0,,
Moderate,1,62,72,30880982,OK,completed,2.985034417000861,3.0357909580015985,4.0,-160.0,,
Moderate,1,62,73,30880983,OK,completed,1.2184310410011676,1.2688035840001248,1.0,-200.0,,
Moderate,1,62,74,30880984,OK,completed,0.7977848750015255,0.8483134589987458,1.0,-160.0,,
Moderate,1,62,75,30880985,OK,completed,0.28043733399681514,0.33070145799865713,0.0,-215.0,,
Moderate,1,62,76,30880986,OK,completed,1.6069130420000874,1.6581938749986875,2.0,-185.0,,
Moderate,1,62,77,30880987,OK,completed,2.661888833001285,2.7130530840004212,6.0,-200.0,,
Moderate,1,62,78,30880988,OK,completed,1.351422083000216,1.4023387089982862,3.0,-215.0,,
Moderate,1,62,79,30880989,OK,completed,0.8741128330002539,0.9248831250006333,0.0,-200.0,,
Moderate,1,62,80,30880990,OK,completed,1.707178542001202,1.7578867499978514,2.0,-215.0,,
Moderate,1,62,81,30880991,OK,completed,0.5889152909985569,0.6388274579985591,1.0,-215.0,,
Moderate,1,62,82,30880992,OK,completed,3.8519202089992177,3.9022270000023127,7.0,-175.0,,
Moderate,1,62,83,30880993,OK,completed,5.0129742919998534,5.063360166997882,12.0,-215.0,,
Moderate,1,62,84,30880994,OK,completed,1.280604833002144,1.3309754170004453,2.0,-175.0,,
Moderate,1,62,85,30880995,OK,completed,1.6036850000018603,1.6669282500006375,1.0,-215.0,,
Moderate,1,62,86,30880996,OK,completed,0.5301076249998005,0.5818124580000585,0.0,-200.0,,
Moderate,1,62,87,30880997,OK,completed,0.8670610829976795,0.9171773329981079,0.0,-215.0,,
Moderate,1,62,88,30880998,OK,completed,1.1233444999998028,1.1739645410016237,1.0,-230.0,,
Moderate,1,62,89,30880999,OK,completed,1.105121999997209,1.1555248340009712,1.0,-215.0,,
Moderate,1,62,90,30881000,OK,completed,18.535777249999228,18.586785415998747,49.0,-215.0,,
Moderate,1,62,91,30881001,OK,completed,0.5777627079987724,0.628903500000888,2.0,-200.0,,
Moderate,1,62,92,30881002,OK,completed,0.5394985829989309,0.5904385410030955,0.0,-230.0,,
Moderate,1,62,93,30881003,OK,completed,1.2932321250009409,1.3444107499999518,2.0,-215.0,,
Moderate,1,62,94,30881004,OK,completed,0.6158027079982276,0.6664861670033133,0.0,-200.0,,
Moderate,1,62,95,30881005,OK,completed,8.421132958003,8.47150029200202,18.0,-185.0,,
Moderate,1,62,96,30881006,OK,completed,2.4584570829974837,2.5090916660010407,3.0,-215.0,,
Moderate,1,62,97,30881007,OK,completed,0.6874948330005282,0.738541416998487,0.0,-185.0,,
Moderate,1,62,98,30881008,OK,completed,0.4865200829990499,0.5371833749995858,0.0,-160.0,,
Moderate,1,62,99,30881009,OK,completed,3.0450997079969966,3.09629275000043,3.0,-200.0,,
Moderate,1,62,100,30881010,OK,completed,0.2751490830014518,0.3259707920005894,0.0,-185.0,,
Moderate,1,160,1,31860911,OK,completed,1.1040170839987695,1.4374369580000348,2.0,-245.0,,
Moderate,1,160,2,31860912,OK,completed,40.96465745900059,41.27730466700086,20.0,-230.0,,
Moderate,1,160,3,31860913,OK,completed,2.661385915998835,2.990452624999307,0.0,-215.0,,
Moderate,1,160,4,31860914,OK,completed,9.280334292001498,9.593129333999968,3.0,-245.0,,
Moderate,1,160,5,31860915,OK,completed,17.63002279200009,17.9561056249986,5.0,-230.0,,
Moderate,1,160,6,31860916,OK,completed,3.1964989170010085,3.5235473749999073,0.0,-230.0,,
Moderate,1,160,7,31860917,OK,completed,5.95976837499984,6.272570416000235,2.0,-245.0,,
Moderate,1,160,8,31860918,OK,completed,1748.3801359999998,1748.7656283329998,408.0,-230.0,,
Moderate,1,160,9,31860919,OK,completed,10.08604641599959,10.458473458998924,2.0,-245.0,,
Moderate,1,160,10,31860920,OK,completed,3.3588274590001674,3.6749063749994093,5.0,-245.0,,
Moderate,1,160,11,31860921,OK,completed,10.980140125000617,11.2947950830021,3.0,-230.0,,
Moderate,1,160,12,31860922,OK,completed,31.804134958998475,32.12130812500254,11.0,-230.0,,
Moderate,1,160,13,31860923,OK,completed,17.638538457998948,17.955119082998863,5.0,-245.0,,
Moderate,1,160,14,31860924,OK,completed,4.661688916999992,4.9795422080023855,0.0,-230.0,,
Moderate,1,160,15,31860925,OK,completed,27.840341582999827,28.18066570800147,9.0,-230.0,,
Moderate,1,160,16,31860926,OK,completed,10.265532375000475,10.604356874999212,3.0,-245.0,,
Moderate,1,160,17,31860927,OK,completed,5.688222374999896,6.03044645800037,2.0,-230.0,,
Moderate,1,160,18,31860928,OK,completed,13.722718624998379,14.042798417001904,3.0,-245.0,,
Moderate,1,160,19,31860929,OK,completed,9.662217500001134,9.980681124998227,3.0,-230.0,,
Moderate,1,160,20,31860930,OK,completed,5.323182457999792,5.663375958996767,3.0,-245.0,,
Moderate,1,160,21,31860931,OK,completed,16.056172332999267,16.39998737499991,4.0,-245.0,,
Moderate,1,160,22,31860932,OK,completed,7.934472208999068,8.273049583000102,2.0,-245.0,,
Moderate,1,160,23,31860933,OK,completed,16.21714512499966,16.536534374998155,11.0,-245.0,,
Moderate,1,160,24,31860934,OK,completed,0.5604108330007875,0.8796968750029919,0.0,-245.0,,
Moderate,1,160,25,31860935,OK,completed,8.958308375000342,9.297165166000923,2.0,-230.0,,
Moderate,1,160,26,31860936,OK,completed,4.653243707998627,4.997252500001196,0.0,-230.0,,
Moderate,1,160,27,31860937,OK,completed,1.307808917001239,1.6263533330020437,0.0,-230.0,,
Moderate,1,160,28,31860938,OK,completed,0.5624882910015003,0.9066932919995452,0.0,-245.0,,
Moderate,1,160,29,31860939,OK,completed,8.721818458001508,9.037754459001007,1.0,-245.0,,
Moderate,1,160,30,31860940,OK,completed,2.596487791000982,2.93761854100012,2.0,-230.0,,
Moderate,1,160,31,31860941,OK,completed,6.06094375000248,6.379964249998011,1.0,-230.0,,
Moderate,1,160,32,31860942,OK,completed,13.774908584000514,14.096690665999631,5.0,-245.0,,
Moderate,1,160,33,31860943,OK,completed,4.876679208999121,5.214167875001294,0.0,-230.0,,
Moderate,1,160,35,31860945,OK,completed,16.303817332998733,16.681546375002654,3.0,-230.0,,
Moderate,1,160,36,31860946,OK,completed,8.775470667002082,9.088566333004565,2.0,-230.0,,
Moderate,1,160,37,31860947,OK,completed,31.385684000000765,31.698216500000854,9.0,-245.0,,
Moderate,1,160,38,31860948,OK,completed,23.637378999999783,23.950209417002043,7.0,-245.0,,
Moderate,1,160,39,31860949,OK,completed,19.686122874998546,19.998529042000882,4.0,-230.0,,
Moderate,1,160,40,31860950,OK,completed,0.5464180420021876,0.8605172089955886,0.0,-245.0,,
Moderate,1,160,41,31860951,OK,completed,9.369034916999226,9.700575167000352,2.0,-245.0,,
Moderate,1,160,42,31860952,OK,completed,5.548625458002789,5.865136000000348,2.0,-245.0,,
Moderate,1,160,43,31860953,OK,completed,1.5460619160003262,1.8586805000013555,0.0,-245.0,,
Moderate,1,160,44,31860954,OK,completed,0.5500234580031247,0.8887000830000034,0.0,-245.0,,
Moderate,1,160,45,31860955,OK,completed,24.61291804099892,24.926367416002904,11.0,-245.0,,
Moderate,1,160,46,31860956,OK,completed,25.850663165998412,26.16849462499522,6.0,-230.0,,
Moderate,1,160,48,31860958,OK,completed,1.170549000002211,1.546862292001606,0.0,-245.0,,
Moderate,1,160,50,31860960,OK,completed,7.210042584003531,7.563670916999399,1.0,-245.0,,
Moderate,1,160,52,31860962,OK,completed,1.152402957995946,1.5381476670008851,2.0,-230.0,,
Moderate,1,160,53,31860963,OK,completed,14.55914091700106,14.865442458998587,4.0,-245.0,,
Moderate,1,160,54,31860964,OK,completed,3.555065792003006,3.8573266250023153,0.0,-230.0,,
Moderate,1,160,55,31860965,OK,completed,11.226891750004143,11.532622167003865,4.0,-230.0,,
Moderate,1,160,56,31860966,OK,completed,12.64710158300295,12.957819875002315,3.0,-245.0,,
Moderate,1,160,58,31860968,OK,completed,3.962571541000216,4.295222917004139,2.0,-245.0,,
Moderate,1,160,59,31860969,OK,completed,5.028590166999493,5.349199584001326,2.0,-230.0,,
Moderate,1,160,60,31860970,OK,completed,1.2443981670003268,1.5927177919948008,0.0,-245.0,,
Moderate,1,160,61,31860971,OK,completed,5.972429041998112,6.295406584002194,4.0,-230.0,,
Moderate,1,160,62,31860972,OK,completed,5.565648957999656,5.894353707997652,0.0,-230.0,,
Moderate,1,160,63,31860973,OK,completed,0.5795386659956421,0.932973041999503,0.0,-245.0,,
Moderate,1,160,64,31860974,OK,completed,2.214306084002601,2.539766125002643,0.0,-230.0,,
Moderate,1,160,65,31860975,OK,completed,5.491700917002163,5.8378983340007835,0.0,-230.0,,
Moderate,1,160,66,31860976,OK,completed,11.359716458995536,11.676083666003251,3.0,-245.0,,
Moderate,1,160,68,31860978,OK,completed,2.4034246250012075,2.725506750000932,0.0,-230.0,,
Moderate,1,160,69,31860979,OK,completed,4.359868207997351,4.707147749999422,3.0,-230.0,,
Moderate,1,160,70,31860980,OK,completed,0.5668355420057196,0.8684899590007262,0.0,-245.0,,
Moderate,1,160,71,31860981,OK,completed,7.864220625000598,8.17534762500145,6.0,-245.0,,
Moderate,1,160,72,31860982,OK,completed,2.817526208003983,3.125402915997256,0.0,-230.0,,
Moderate,1,160,73,31860983,OK,completed,9.63863970800594,9.975960374998976,6.0,-230.0,,
Moderate,1,160,74,31860984,OK,completed,5.087791875004768,5.422255541998311,0.0,-230.0,,
Moderate,1,160,75,31860985,OK,completed,3.516923791998124,3.8249570409971057,2.0,-230.0,,
Moderate,1,160,76,31860986,OK,completed,1.9660208339992096,2.3004422500016517,0.0,-245.0,,
Moderate,1,160,77,31860987,OK,completed,10.413594249999733,10.72443412499706,3.0,-245.0,,
Moderate,1,160,78,31860988,OK,completed,1.0362464589998126,1.3731725420002476,0.0,-245.0,,
Moderate,1,160,79,31860989,OK,completed,1.114639667001029,1.4292572090053,1.0,-245.0,,
Moderate,1,160,80,31860990,OK,completed,6.990422540999134,7.29697762500291,1.0,-230.0,,
Moderate,1,160,81,31860991,OK,completed,11.71321379100118,12.050178124998638,3.0,-245.0,,
Moderate,1,160,82,31860992,OK,completed,6.3217589580017375,6.66718616700382,2.0,-230.0,,
Moderate,1,160,83,31860993,OK,completed,4.808819375000894,5.120218125004612,0.0,-245.0,,
Moderate,1,160,84,31860994,OK,completed,6.428152833002969,6.766757707999204,3.0,-230.0,,
Moderate,1,160,85,31860995,OK,completed,5.8277270830003545,6.138699916002224,2.0,-245.0,,
Moderate,1,160,86,31860996,OK,completed,5.385587167002086,5.702235707998625,4.0,-215.0,,
Moderate,1,160,87,31860997,OK,completed,14.097627625000314,14.434718875003455,5.0,-245.0,,
Moderate,1,160,88,31860998,OK,completed,88.62032287500188,88.98546408300172,32.0,-230.0,,
Moderate,1,160,89,31860999,OK,completed,0.5583092090018908,0.9004504580007051,0.0,-230.0,,
Moderate,1,160,91,31861001,OK,completed,3.98400941699947,4.354298292004387,3.0,-245.0,,
Moderate,1,160,92,31861002,OK,completed,0.5479747920035152,0.8557899169973098,0.0,-245.0,,
Moderate,1,160,93,31861003,OK,completed,0.549529750001966,0.8819602910007234,0.0,-230.0,,
Moderate,1,160,94,31861004,OK,completed,0.5423680410021916,0.8470758339972235,0.0,-245.0,,
Moderate,1,160,95,31861005,OK,completed,17.77810175000195,18.112254125000618,3.0,-230.0,,
Moderate,1,160,96,31861006,OK,completed,6.9401630829961505,7.2855182089988375,1.0,-230.0,,
Moderate,1,160,97,31861007,OK,completed,6.053676707997511,6.366727625005296,0.0,-230.0,,
Moderate,1,160,98,31861008,OK,completed,35.94523562500399,36.27929820900317,12.0,-245.0,,
Moderate,1,160,99,31861009,OK,completed,2.8381013339967467,3.1537792090020957,0.0,-245.0,,
Moderate,1,160,100,31861010,OK,completed,11.434946207999019,11.802181999999448,4.0,-245.0,,
Fast,2,32,1,40580911,OK,completed,0.3888184169991291,0.4284275840036571,1.0,-145.0,,
Fast,2,32,2,40580912,OK,completed,0.8841125830003875,0.8986844999963068,3.0,-70.0,,
Fast,2,32,3,40580913,OK,completed,0.05945129099563928,0.07446687499759719,0.0,-135.0,,
Fast,2,32,4,40580914,OK,completed,0.14379691599606303,0.15864212500309804,0.0,-160.0,,
Fast,2,32,5,40580915,OK,completed,0.06535979199543362,0.08006149999710033,0.0,-120.0,,
Fast,2,32,6,40580916,OK,completed,0.35516904100222746,0.3695753749998403,1.0,-120.0,,
Fast,2,32,7,40580917,OK,completed,0.059706041000026744,0.07405779200053075,0.0,-105.0,,
Fast,2,32,8,40580918,OK,completed,0.3946869159990456,0.40899062500102445,6.0,-105.0,,
Fast,2,32,9,40580919,OK,completed,0.5120969170020544,0.5275219999966794,2.0,-105.0,,
Fast,2,32,10,40580920,OK,completed,0.1445646249994752,0.17383241599600296,1.0,-160.0,,
Fast,2,32,11,40580921,OK,completed,0.2655382499942789,0.2799031249960535,0.0,-145.0,,
Fast,2,32,12,40580922,OK,completed,0.184577291001915,0.1988229170019622,2.0,-145.0,,
Fast,2,32,13,40580923,OK,completed,0.05913275000057183,0.07361745899834204,0.0,-65.0,,
Fast,2,32,14,40580924,OK,completed,0.35256899999512825,0.36710616699565435,1.0,-190.0,,
Fast,2,32,15,40580925,OK,completed,0.6334610000048997,0.6481986250000773,4.0,-120.0,,
Fast,2,32,16,40580926,OK,completed,0.12051974999485537,0.13580837499466725,1.0,-160.0,,
Fast,2,32,17,40580927,OK,completed,0.27178920900041703,0.28607391599507537,2.0,-120.0,,
Fast,2,32,18,40580928,OK,completed,0.16023220799979754,0.17473525000241352,0.0,-175.0,,
Fast,2,32,19,40580929,OK,completed,0.11672333399474155,0.13104749999911292,1.0,-135.0,,
Fast,2,32,20,40580930,OK,completed,0.3665928749978775,0.3808459159990889,1.0,-160.0,,
Fast,2,32,21,40580931,OK,completed,0.060387416000594385,0.07478333300241502,0.0,-185.0,,
Fast,2,32,22,40580932,OK,completed,0.17842750000272645,0.19318937500065658,0.0,-200.0,,
Fast,2,32,23,40580933,OK,completed,11.20970849999867,11.223972167004831,50.0,-70.0,,
Fast,2,32,24,40580934,OK,completed,0.06116850000398699,0.07565325000177836,0.0,-105.0,,
Fast,2,32,25,40580935,OK,completed,0.07334620799520053,0.08830070900148712,0.0,-175.0,,
Fast,2,32,26,40580936,OK,completed,1.3368760000012117,1.3511995830049273,6.0,-120.0,,
Fast,2,32,27,40580937,OK,completed,2.077915000001667,2.0923212909983704,7.0,-125.0,,
Fast,2,32,28,40580938,OK,completed,0.059258500004943926,0.07381875000282889,0.0,-145.0,,
Fast,2,32,29,40580939,OK,completed,0.20944820799923036,0.22390795800311025,2.0,-120.0,,
Fast,2,32,30,40580940,OK,completed,0.16771349999908125,0.18228133299999172,0.0,-135.0,,
Fast,2,32,31,40580941,OK,completed,0.6067762090024189,0.6212177910056198,2.0,-85.0,,
Fast,2,32,32,40580942,OK,completed,0.14206729100260418,0.15663316699647112,2.0,-105.0,,
Fast,2,32,33,40580943,OK,completed,1.5721891249995679,1.586592291998386,8.0,-85.0,,
Fast,2,32,34,40580944,OK,completed,0.13178925000102026,0.14634187500632834,0.0,-200.0,,
Fast,2,32,35,40580945,OK,completed,0.0587850830052048,0.07327041600365192,0.0,-105.0,,
Fast,2,32,36,40580946,OK,completed,0.2869085409984109,0.30106537499523256,1.0,-120.0,,
Fast,2,32,37,40580947,OK,completed,0.42894054199859966,0.44327345799683826,2.0,30.0,,
Fast,2,32,38,40580948,OK,completed,1.2022431250006775,1.2168053330024122,8.0,-160.0,,
Fast,2,32,39,40580949,OK,completed,0.22487208300299244,0.23981175000517396,1.0,-145.0,,
Fast,2,32,40,40580950,OK,completed,0.11748108299798332,0.13212887499685166,1.0,-145.0,,
Fast,2,32,41,40580951,OK,completed,0.08935212500364287,0.1043733339975006,0.0,-105.0,,
Fast,2,32,42,40580952,OK,completed,0.058613000001059845,0.07286179099901346,0.0,-215.0,,
Fast,2,32,43,40580953,OK,completed,0.07189554200158454,0.0861448340001516,0.0,-60.0,,
Fast,2,32,44,40580954,OK,completed,0.5722409580048406,0.5866506250022212,3.0,-105.0,,
Fast,2,32,45,40580955,OK,completed,2.119788707997941,2.1342007919956814,10.0,-30.0,,
Fast,2,32,46,40580956,OK,completed,0.117995417000202,0.13253524999890942,0.0,-175.0,,
Fast,2,32,47,40580957,OK,completed,0.07210329199733678,0.08640495799772907,0.0,-185.0,,
Fast,2,32,48,40580958,OK,completed,1.7926397080009338,1.8071457500045653,14.0,-80.0,,
Fast,2,32,49,40580959,OK,completed,0.09399408400349785,0.1083944589991006,0.0,-160.0,,
Fast,2,32,50,40580960,OK,completed,0.3557016249978915,0.3705944170069415,1.0,-175.0,,
Fast,2,32,51,40580961,OK,completed,0.05890541699773166,0.07332737499382347,0.0,200.0,,
Fast,2,32,52,40580962,OK,completed,0.2996610409973073,0.31413000000611646,1.0,-70.0,,
Fast,2,32,53,40580963,OK,completed,0.059572250000201166,0.07379241700255079,0.0,125.0,,
Fast,2,32,54,40580964,OK,completed,0.16361304200108862,0.17810562499653315,0.0,-160.0,,
Fast,2,32,55,40580965,OK,completed,1.0474694169970462,1.0620708329952322,7.0,-30.0,,
Fast,2,32,56,40580966,OK,completed,0.5642868330032798,0.5787100419984199,3.0,-160.0,,
Fast,2,32,57,40580967,OK,completed,0.071632083003351,0.08624158400198212,0.0,-105.0,,
Fast,2,32,58,40580968,OK,completed,0.2589942909980891,0.273659750004299,0.0,-120.0,,
Fast,2,32,59,40580969,OK,completed,0.2828346669994062,0.2972820419963682,0.0,-145.0,,
Fast,2,32,60,40580970,OK,completed,0.07200212499446934,0.08636541699524969,0.0,-135.0,,
Fast,2,32,61,40580971,OK,completed,0.06521470900042914,0.08001229200453963,0.0,-175.0,,
Fast,2,32,62,40580972,OK,completed,0.2581290000016452,0.27239154199924087,0.0,-85.0,,
Fast,2,32,63,40580973,OK,completed,0.23874866699770791,0.2534034159980365,1.0,-145.0,,
Fast,2,32,64,40580974,OK,completed,0.9477288339985535,0.962283666995063,6.0,-65.0,,
Fast,2,32,65,40580975,OK,completed,0.8826804170021205,0.8977825420006411,8.0,-105.0,,
Fast,2,32,66,40580976,OK,completed,0.3072397500000079,0.3221683329975349,2.0,-145.0,,
Fast,2,32,67,40580977,OK,completed,0.059572124999249354,0.07436883299669717,0.0,-145.0,,
Fast,2,32,68,40580978,OK,completed,0.13055620799423195,0.14500987500650808,1.0,-200.0,,
Fast,2,32,69,40580979,OK,completed,0.11739333300647559,0.13201658299658448,1.0,-230.0,,
Fast,2,32,70,40580980,OK,completed,0.06678112500230782,0.08138041700294707,0.0,200.0,,
Fast,2,32,71,40580981,OK,completed,0.07216350000089733,0.08843370799877448,0.0,-160.0,,
Fast,2,32,72,40580982,OK,completed,0.12200733400095487,0.13636174999555806,1.0,-70.0,,
Fast,2,32,73,40580983,OK,completed,0.13827124999806983,0.1530755420026253,1.0,-120.0,,
Fast,2,32,74,40580984,OK,completed,0.13830054099526023,0.15302629199868534,0.0,-145.0,,
Fast,2,32,75,40580985,OK,completed,0.14587991699954728,0.1605281250012922,0.0,-200.0,,
Fast,2,32,76,40580986,OK,completed,0.1484059580034227,0.1630466249989695,0.0,-120.0,,
Fast,2,32,77,40580987,OK,completed,0.0595732500005397,0.0742053339999984,0.0,-135.0,,
Fast,2,32,78,40580988,OK,completed,0.46792179199837847,0.4822320410021348,3.0,-5.0,,
Fast,2,32,79,40580989,OK,completed,0.4913131249995786,0.5058111250036745,1.0,-105.0,,
Fast,2,32,80,40580990,OK,completed,0.12814733300183434,0.1427479999983916,0.0,-160.0,,
Fast,2,32,81,40580991,OK,completed,0.144470375002129,0.15897400000540074,2.0,-105.0,,
Fast,2,32,82,40580992,OK,completed,0.19399908299965318,0.20854270899872063,0.0,-120.0,,
Fast,2,32,83,40580993,OK,completed,0.23014570899977116,0.24503275000461144,1.0,-185.0,,
Fast,2,32,84,40580994,OK,completed,0.291032291999727,0.30577099999936763,4.0,-160.0,,
Fast,2,32,85,40580995,OK,completed,0.3562420000016573,0.3708365829952527,5.0,-160.0,,
Fast,2,32,86,40580996,OK,completed,0.05896562500129221,0.0734089590041549,0.0,-105.0,,
Fast,2,32,87,40580997,OK,completed,0.05804829099361086,0.07250824999937322,0.0,-145.0,,
Fast,2,32,88,40580998,OK,completed,0.5866559169953689,0.6010219170057098,7.0,90.0,,
Fast,2,32,89,40580999,OK,completed,0.05883475000155158,0.07313358300598338,0.0,-200.0,,
Fast,2,32,90,40581000,OK,completed,0.11998512499849312,0.13462183299998287,1.0,-175.0,,
Fast,2,32,91,40581001,OK,completed,0.21114270800171653,0.22574562499357853,3.0,10.0,,
Fast,2,32,92,40581002,OK,completed,0.13806212499912363,0.1526724169962108,0.0,-105.0,,
Fast,2,32,93,40581003,OK,completed,0.07059837500128197,0.08541804100241279,0.0,-200.0,,
Fast,2,32,94,40581004,OK,completed,1.110708042004262,1.1252677909942577,5.0,-160.0,,
Fast,2,32,95,40581005,OK,completed,0.07483591699565295,0.08924691699940013,0.0,125.0,,
Fast,2,32,96,40581006,OK,completed,0.32538912500604056,0.3398999580022064,1.0,-140.0,,
Fast,2,32,97,40581007,OK,completed,0.8166244160020142,0.8311291670033825,5.0,-105.0,,
Fast,2,32,98,40581008,OK,completed,1.4023158339987276,1.4168553329946008,5.0,-70.0,,
Fast,2,32,99,40581009,OK,completed,0.1797893339971779,0.1942996249999851,1.0,-65.0,,
Fast,2,32,100,40581010,OK,completed,0.1723582089980482,0.18670041600125842,0.0,-140.0,,
Fast,2,62,1,40880911,OK,completed,0.7315852910032845,0.7797612920039683,0.0,-245.0,,
Fast,2,62,2,40880912,OK,completed,0.8992880000005243,0.9473762499983422,0.0,-215.0,,
Fast,2,62,3,40880913,OK,completed,0.30835716699948534,0.3581357500006561,0.0,-245.0,,
Fast,2,62,4,40880914,OK,completed,0.7103866250035935,0.7583942920027766,1.0,-230.0,,
Fast,2,62,5,40880915,OK,completed,1.609334166998451,1.658153125004901,2.0,-230.0,,
Fast,2,62,6,40880916,OK,completed,0.728838832998008,0.790919582999777,1.0,-245.0,,
Fast,2,62,7,40880917,OK,completed,0.5442535830006818,0.593306582995865,0.0,-230.0,,
Fast,2,62,8,40880918,OK,completed,0.7087968749983702,0.7581030840010499,0.0,-230.0,,
Fast,2,62,9,40880919,OK,completed,0.4596945829980541,0.5080234999986715,0.0,-200.0,,
Fast,2,62,10,40880920,OK,completed,0.6308797080055228,0.6796620829991298,0.0,-200.0,,
Fast,2,62,11,40880921,OK,completed,2.404556582994701,2.453552833001595,3.0,-215.0,,
Fast,2,62,12,40880922,OK,completed,0.6901723330011009,0.739243833006185,0.0,-230.0,,
Fast,2,62,13,40880923,OK,completed,0.7452938750066096,0.7940085840018583,0.0,-215.0,,
Fast,2,62,14,40880924,OK,completed,1.0636292080016574,1.1126733749988489,1.0,-215.0,,
Fast,2,62,15,40880925,OK,completed,1.323969124998257,1.3732367909979075,1.0,-215.0,,
Fast,2,62,16,40880926,OK,completed,0.40081266700144624,0.449877999999444,0.0,-245.0,,
Fast,2,62,17,40880927,OK,completed,0.8977944579964969,0.9470462499957648,0.0,-215.0,,
Fast,2,62,18,40880928,OK,completed,1.4277632500015898,1.4770066670025699,1.0,-230.0,,
Fast,2,62,19,40880929,OK,completed,0.6557465000005323,0.7042143330036197,0.0,-245.0,,
Fast,2,62,20,40880930,OK,completed,1.0312570000023698,1.093436915994971,1.0,-215.0,,
Fast,2,62,21,40880931,OK,completed,1.333012624992989,1.381961291997868,2.0,-245.0,,
Fast,2,62,22,40880932,OK,completed,0.7301921670004958,0.7786830830009421,0.0,-215.0,,
Fast,2,62,23,40880933,OK,completed,0.8224118750003981,0.8708489160053432,0.0,-230.0,,
Fast,2,62,24,40880934,OK,completed,0.7767572079974343,0.8250148749939399,0.0,-200.0,,
Fast,2,62,25,40880935,OK,completed,1.018645000003744,1.067602832998091,1.0,-230.0,,
Fast,2,62,26,40880936,OK,completed,1.0731446249992587,1.1224541250048787,1.0,-230.0,,
Fast,2,62,27,40880937,OK,completed,1.0244085829981486,1.076009290998627,1.0,-230.0,,
Fast,2,62,28,40880938,OK,completed,1.2423781249963213,1.2909823340014555,2.0,-230.0,,
Fast,2,62,29,40880939,OK,completed,1.5179159170002094,1.5665717079973547,1.0,-215.0,,
Fast,2,62,30,40880940,OK,completed,1.9807324169960339,2.029601874994114,2.0,-245.0,,
Fast,2,62,31,40880941,OK,completed,1.0164294580026763,1.0651894580005319,1.0,-230.0,,
Fast,2,62,32,40880942,OK,completed,0.4858705829974497,0.5348512079945067,0.0,-230.0,,
Fast,2,62,33,40880943,OK,completed,0.40766316700319294,0.4726489579988993,0.0,-200.0,,
Fast,2,62,34,40880944,OK,completed,0.34025349999865284,0.3891726669971831,0.0,-230.0,,
Fast,2,62,35,40880945,OK,completed,1.0235671250047744,1.0721179579995805,2.0,-215.0,,
Fast,2,62,36,40880946,OK,completed,5.089437457994791,5.137621333000425,10.0,-200.0,,
Fast,2,62,37,40880947,OK,completed,0.905244000001403,0.9537987920048181,1.0,-245.0,,
Fast,2,62,38,40880948,OK,completed,0.5381314999976894,0.5864489579980727,0.0,-215.0,,
Fast,2,62,39,40880949,OK,completed,1.0759795000049053,1.1241007080025156,1.0,-205.0,,
Fast,2,62,40,40880950,OK,completed,0.6511209579985007,0.7001044999997248,0.0,-200.0,,
Fast,2,62,41,40880951,OK,completed,1.517413082998246,1.5660538750016713,1.0,-245.0,,
Fast,2,62,42,40880952,OK,completed,0.3723421250033425,0.42155691699736053,0.0,-215.0,,
Fast,2,62,43,40880953,OK,completed,1.1289532910013804,1.1772198750040843,1.0,-215.0,,
Fast,2,62,44,40880954,OK,completed,1.4115337080002064,1.4604093750022002,2.0,-245.0,,
Fast,2,62,45,40880955,OK,completed,1.1344624999983353,1.1829032500027097,0.0,-200.0,,
Fast,2,62,46,40880956,OK,completed,0.9477136659988901,0.9970463340068818,1.0,-215.0,,
Fast,2,62,47,40880957,OK,completed,0.5580218339964631,0.606413125002291,0.0,-215.0,,
Fast,2,62,48,40880958,OK,completed,0.9013297080018674,0.9500247079995461,0.0,-175.0,,
Fast,2,62,49,40880959,OK,completed,0.7106844170048134,0.7600542080035666,0.0,-245.0,,
Fast,2,62,50,40880960,OK,completed,4.236170458003471,4.2852000830025645,5.0,-190.0,,
Fast,2,62,51,40880961,OK,completed,0.6098911670051166,0.659237291001773,0.0,-230.0,,
Fast,2,62,52,40880962,OK,completed,0.4786262919951696,0.5495564169978024,0.0,-230.0,,
Fast,2,62,53,40880963,OK,completed,0.848726500000339,0.897178499995789,0.0,-230.0,,
Fast,2,62,54,40880964,OK,completed,0.7511142500006827,0.799761166999815,0.0,-215.0,,
Fast,2,62,55,40880965,OK,completed,0.40045562500017695,0.44940937500359723,0.0,-215.0,,
Fast,2,62,56,40880966,OK,completed,0.8145044999982929,0.8633561250026105,1.0,-245.0,,
Fast,2,62,57,40880967,OK,completed,1.226047166994249,1.2742701660026796,2.0,-215.0,,
Fast,2,62,58,40880968,OK,completed,0.6948655409942148,0.7434912079988862,0.0,-215.0,,
Fast,2,62,59,40880969,OK,completed,0.8678255420018104,0.9168952079999144,0.0,-200.0,,
Fast,2,62,60,40880970,OK,completed,0.5782137499991222,0.6416012080007931,0.0,-215.0,,
Fast,2,62,61,40880971,OK,completed,0.40338366699870676,0.4511996250002994,0.0,-215.0,,
Fast,2,62,62,40880972,OK,completed,0.677389292002772,0.7253270000001066,0.0,-245.0,,
Fast,2,62,63,40880973,OK,completed,1.1681170829979237,1.2164328750004643,1.0,-185.0,,
Fast,2,62,64,40880974,OK,completed,0.3710077080031624,0.4191977919981582,0.0,-215.0,,
Fast,2,62,65,40880975,OK,completed,0.33761637499992503,0.38633179199678125,0.0,-230.0,,
Fast,2,62,66,40880976,OK,completed,0.6007169590011472,0.6492135419975966,0.0,-245.0,,
Fast,2,62,67,40880977,OK,completed,0.4122935420018621,0.4609237909971853,0.0,-245.0,,
Fast,2,62,68,40880978,OK,completed,1.1658948749973206,1.2144669589979458,1.0,-230.0,,
Fast,2,62,69,40880979,OK,completed,1.2382979160029208,1.3124543749945587,1.0,-230.0,,
Fast,2,62,70,40880980,OK,completed,0.5299280830004136,0.5786636249977164,0.0,-230.0,,
Fast,2,62,71,40880981,OK,completed,0.8556799579964718,0.9037936670065392,0.0,-200.0,,
Fast,2,62,72,40880982,OK,completed,0.9043145420000656,0.9527317920001224,0.0,-230.0,,
Fast,2,62,73,40880983,OK,completed,0.7932352089992492,0.8421822090022033,1.0,-245.0,,
Fast,2,62,74,40880984,OK,completed,0.5392752499974449,0.5879772909975145,0.0,-190.0,,
Fast,2,62,75,40880985,OK,completed,0.5286720829972182,0.5775467079947703,0.0,-230.0,,
Fast,2,62,76,40880986,OK,completed,0.5045593329996336,0.5534320000006119,0.0,-230.0,,
Fast,2,62,77,40880987,OK,completed,4.8822773749998305,4.93177999999898,7.0,-200.0,,
Fast,2,62,78,40880988,OK,completed,1.7071897499990882,1.7563313749997178,2.0,-230.0,,
Fast,2,62,79,40880989,OK,completed,0.3842442500026664,0.43273100000078557,0.0,-215.0,,
Fast,2,62,80,40880990,OK,completed,0.7318881669998518,0.7817056669955491,0.0,-215.0,,
Fast,2,62,81,40880991,OK,completed,0.48962112500157673,0.5381539160007378,0.0,-245.0,,
Fast,2,62,82,40880992,OK,completed,1.4921927499963203,1.5408945420058444,1.0,-200.0,,
Fast,2,62,83,40880993,OK,completed,0.34191529199597426,0.39067666699702386,0.0,-230.0,,
Fast,2,62,84,40880994,OK,completed,0.8405498749998515,0.8901987920035026,0.0,-185.0,,
Fast,2,62,85,40880995,OK,completed,0.5703930000017863,0.6439064590013004,0.0,-215.0,,
Fast,2,62,86,40880996,OK,completed,1.2087712080028723,1.2574627079957281,1.0,-230.0,,
Fast,2,62,87,40880997,OK,completed,0.4136893329996383,0.4625065000000177,0.0,-200.0,,
Fast,2,62,88,40880998,OK,completed,0.7686533330052043,0.8323705410002731,0.0,-230.0,,
Fast,2,62,89,40880999,OK,completed,0.4052560420022928,0.45395250000001397,0.0,-215.0,,
Fast,2,62,90,40881000,OK,completed,3.575486958005058,3.6240360840020003,6.0,-205.0,,
Fast,2,62,91,40881001,OK,completed,2.3028739169967594,2.351726958004292,2.0,-215.0,,
Fast,2,62,92,40881002,OK,completed,0.67953608300013,0.7285717920021852,1.0,-230.0,,
Fast,2,62,93,40881003,OK,completed,0.8288601249951171,0.8770960840047337,0.0,-215.0,,
Fast,2,62,94,40881004,OK,completed,3.303777375003847,3.3528807499969844,7.0,-205.0,,
Fast,2,62,95,40881005,OK,completed,0.641758582998591,0.6903087079990655,0.0,-200.0,,
Fast,2,62,96,40881006,OK,completed,1.3999703339941334,1.4493568339967169,1.0,-200.0,,
Fast,2,62,97,40881007,OK,completed,0.5439506249967963,0.5930496250002761,0.0,-230.0,,
Fast,2,62,98,40881008,OK,completed,1.5242543330023182,1.5731278749954072,2.0,-230.0,,
Fast,2,62,99,40881009,OK,completed,0.4395002920064144,0.48932191699714167,0.0,-230.0,,
Fast,2,62,100,40881010,OK,completed,0.39737691700429423,0.44578049999836367,0.0,-245.0,,
